2024-12-11 08:22:07,745 [INFO] Activator:176 - 


2024-12-11 08:22:07,751 [INFO] Activator:177 - !SESSION log4j initialized
2024-12-11 08:22:12,659 [INFO] LogOutputStream:77 - [STDOUT_REDIRECT] 
2024-12-11 08:22:13,948 [INFO] ApplicationProperties:184 - Using Application install path: C:\ST\STM32CubeIDE_1.17.0\STM32CubeIDE\plugins\com.st.stm32cube.common.mx_6.13.0.202411220809
2024-12-11 08:22:13,963 [INFO] DbMcusXml:78 - Set database path to: C:\ST\STM32CubeIDE_1.17.0\STM32CubeIDE\plugins\com.st.stm32cube.common.mx_6.13.0.202411220809\\db\/mcu/
2024-12-11 08:22:13,963 [INFO] ApiDb:274 - Set plugin database path to: C:\ST\STM32CubeIDE_1.17.0\STM32CubeIDE\plugins\com.st.stm32cube.common.mx_6.13.0.202411220809\\db\/plugins/boardmanager/
2024-12-11 08:22:13,964 [WARN] ApiDb:259 - Overriding images path with different value:  => C:\ST\STM32CubeIDE_1.17.0\STM32CubeIDE\plugins\com.st.stm32cube.common.mx_6.13.0.202411220809\\db\/plugins/mcufinder/images/
2024-12-11 08:22:13,972 [INFO] ApiDb:250 - Set database path to: C:\Users\ZOJOLDRI\.stmcufinder\plugins\mcufinder//mcu/
2024-12-11 08:22:13,972 [INFO] DbMcusAds:125 - Set database path to: C:\Users\ZOJOLDRI\.stmcufinder\plugins\mcufinder//mcu/
2024-12-11 08:22:13,975 [INFO] CrossReferenceDbSqlite:203 - Set database path to: C:\Users\ZOJOLDRI\.stmcufinder\plugins\mcufinder//mcu/cs/
2024-12-11 08:22:14,071 [INFO] RulesReader:64 - Compatibility file has been processed (297 Rules)
2024-12-11 08:22:14,158 [INFO] DbMcusXml:78 - Set database path to: C:\ST\STM32CubeIDE_1.17.0\STM32CubeIDE\plugins\com.st.stm32cube.common.mx_6.13.0.202411220809\\db\/mcu/
2024-12-11 08:22:14,158 [INFO] ApiDb:274 - Set plugin database path to: C:\ST\STM32CubeIDE_1.17.0\STM32CubeIDE\plugins\com.st.stm32cube.common.mx_6.13.0.202411220809\\db\/plugins/boardmanager/
2024-12-11 08:22:14,158 [INFO] ApiDb:261 - Set plugin images path to: C:\ST\STM32CubeIDE_1.17.0\STM32CubeIDE\plugins\com.st.stm32cube.common.mx_6.13.0.202411220809\\db\/plugins/mcufinder/images/
2024-12-11 08:22:14,158 [WARN] DbFile:41 - Overriding database path with different value: C:\Users\ZOJOLDRI\.stmcufinder\plugins\mcufinder/ => C:\Users\ZOJOLDRI\.stmcufinder\plugins\mcufinder
2024-12-11 08:22:14,159 [INFO] ApiDb:250 - Set database path to: C:\Users\ZOJOLDRI\.stmcufinder\plugins\mcufinder//mcu/
2024-12-11 08:22:14,159 [WARN] DbFile:41 - Overriding database path with different value: C:\Users\ZOJOLDRI\.stmcufinder\plugins\mcufinder/ => C:\Users\ZOJOLDRI\.stmcufinder\plugins\mcufinder
2024-12-11 08:22:14,159 [INFO] DbMcusAds:125 - Set database path to: C:\Users\ZOJOLDRI\.stmcufinder\plugins\mcufinder//mcu/
2024-12-11 08:22:14,159 [WARN] DbFile:41 - Overriding database path with different value: C:\Users\ZOJOLDRI\.stmcufinder\plugins\mcufinder/ => C:\Users\ZOJOLDRI\.stmcufinder\plugins\mcufinder
2024-12-11 08:22:14,159 [WARN] DbFile:41 - Overriding database path with different value: C:\Users\ZOJOLDRI\.stmcufinder\plugins\mcufinder/ => C:\Users\ZOJOLDRI\.stmcufinder\plugins\mcufinder
2024-12-11 08:22:14,159 [INFO] CrossReferenceDbSqlite:203 - Set database path to: C:\Users\ZOJOLDRI\.stmcufinder\plugins\mcufinder//mcu/cs/
2024-12-11 08:22:14,244 [INFO] MainPanel:272 - HeapMemory: 268435456
2024-12-11 08:22:14,351 [INFO] DbMcusXml:78 - Set database path to: C:\ST\STM32CubeIDE_1.17.0\STM32CubeIDE\plugins\com.st.stm32cube.common.mx_6.13.0.202411220809\\db\/mcu/
2024-12-11 08:22:14,351 [INFO] ApiDb:274 - Set plugin database path to: C:\ST\STM32CubeIDE_1.17.0\STM32CubeIDE\plugins\com.st.stm32cube.common.mx_6.13.0.202411220809\\db\/plugins/boardmanager/
2024-12-11 08:22:14,351 [INFO] ApiDb:261 - Set plugin images path to: C:\ST\STM32CubeIDE_1.17.0\STM32CubeIDE\plugins\com.st.stm32cube.common.mx_6.13.0.202411220809\\db\/plugins/mcufinder/images/
2024-12-11 08:22:14,352 [WARN] DbFile:41 - Overriding database path with different value: C:\Users\ZOJOLDRI\.stmcufinder\plugins\mcufinder/ => C:\Users\ZOJOLDRI\.stmcufinder\plugins\mcufinder
2024-12-11 08:22:14,352 [INFO] ApiDb:250 - Set database path to: C:\Users\ZOJOLDRI\.stmcufinder\plugins\mcufinder//mcu/
2024-12-11 08:22:14,352 [WARN] DbFile:41 - Overriding database path with different value: C:\Users\ZOJOLDRI\.stmcufinder\plugins\mcufinder/ => C:\Users\ZOJOLDRI\.stmcufinder\plugins\mcufinder
2024-12-11 08:22:14,352 [INFO] DbMcusAds:125 - Set database path to: C:\Users\ZOJOLDRI\.stmcufinder\plugins\mcufinder//mcu/
2024-12-11 08:22:14,352 [WARN] DbFile:41 - Overriding database path with different value: C:\Users\ZOJOLDRI\.stmcufinder\plugins\mcufinder/ => C:\Users\ZOJOLDRI\.stmcufinder\plugins\mcufinder
2024-12-11 08:22:14,352 [WARN] DbFile:41 - Overriding database path with different value: C:\Users\ZOJOLDRI\.stmcufinder\plugins\mcufinder/ => C:\Users\ZOJOLDRI\.stmcufinder\plugins\mcufinder
2024-12-11 08:22:14,352 [INFO] CrossReferenceDbSqlite:203 - Set database path to: C:\Users\ZOJOLDRI\.stmcufinder\plugins\mcufinder//mcu/cs/
2024-12-11 08:22:14,372 [INFO] ApplicationProperties:184 - Using Application install path: C:\ST\STM32CubeIDE_1.17.0\STM32CubeIDE\plugins\com.st.stm32cube.common.mx_6.13.0.202411220809
2024-12-11 08:22:14,374 [INFO] PluginManage:196 - Search for loadable plugins [exclusion list=, ]
2024-12-11 08:22:14,375 [INFO] PluginManage:310 - Check plugin analytics
2024-12-11 08:22:14,563 [INFO] AnalyticsPlugin:253 - Accepted Software Licenses: 
2024-12-11 08:22:14,563 [INFO] AnalyticsPlugin:255 - Accepted CMSIS Pack Licenses: 
2024-12-11 08:22:14,563 [INFO] AnalyticsPlugin:257 - Accepted Firmware Licenses: FW.L4.1.18.0
2024-12-11 08:22:14,567 [INFO] PluginManage:359 - Loaded plugin analytics (category:tool,tabindex:-1)
2024-12-11 08:22:14,568 [INFO] PluginManage:310 - Check plugin cadmodel
2024-12-11 08:22:14,592 [INFO] CADModel:105 - Init CAD model plugin
2024-12-11 08:22:14,592 [INFO] PluginManage:359 - Loaded plugin cadmodel (category:power,tabindex:5)
2024-12-11 08:22:14,592 [INFO] PluginManage:310 - Check plugin clock
2024-12-11 08:22:14,619 [INFO] PluginManage:359 - Loaded plugin clock (category:base,tabindex:2)
2024-12-11 08:22:14,619 [INFO] PluginManage:310 - Check plugin ddr
2024-12-11 08:22:14,622 [INFO] PluginManage:359 - Loaded plugin ddr (category:tool,tabindex:6)
2024-12-11 08:22:14,622 [INFO] PluginManage:310 - Check plugin filemanager
2024-12-11 08:22:14,754 [INFO] PluginManage:359 - Loaded plugin filemanager (category:base,tabindex:10)
2024-12-11 08:22:14,755 [INFO] PluginManage:310 - Check plugin ipmanager
2024-12-11 08:22:14,764 [INFO] PluginManage:359 - Loaded plugin ipmanager (category:base,tabindex:5)
2024-12-11 08:22:14,764 [INFO] PluginManage:310 - Check plugin lpbam
2024-12-11 08:22:14,785 [INFO] PluginManage:359 - Loaded plugin lpbam (category:base,tabindex:0)
2024-12-11 08:22:14,785 [INFO] PluginManage:310 - Check plugin memorymap
2024-12-11 08:22:14,815 [INFO] PluginManage:359 - Loaded plugin memorymap (category:base,tabindex:4)
2024-12-11 08:22:14,815 [INFO] PluginManage:310 - Check plugin pinoutandconfiguration
2024-12-11 08:22:14,835 [INFO] PluginManage:359 - Loaded plugin pinoutandconfiguration (category:base,tabindex:1)
2024-12-11 08:22:14,835 [INFO] PluginManage:310 - Check plugin pinoutconfig
2024-12-11 08:22:14,926 [WARN] SupportedApi:132 - Cannot load RTOS API schema: s4s-elt-must-match.1: The content of 'definitions' must match (annotation?, (simpleType | complexType)?, (unique | key | keyref)*)). A problem was found starting at: attribute.
2024-12-11 08:22:15,104 [INFO] PluginManage:359 - Loaded plugin pinoutconfig (category:base,tabindex:0)
2024-12-11 08:22:15,105 [INFO] PluginManage:310 - Check plugin power
2024-12-11 08:22:15,128 [INFO] PluginManage:359 - Loaded plugin power (category:power,tabindex:4)
2024-12-11 08:22:15,129 [INFO] PluginManage:310 - Check plugin projectmanager
2024-12-11 08:22:15,148 [INFO] PluginManage:359 - Loaded plugin projectmanager (category:projectmanager,tabindex:4)
2024-12-11 08:22:15,149 [INFO] PluginManage:310 - Check plugin rif
2024-12-11 08:22:15,176 [INFO] PluginManage:359 - Loaded plugin rif (category:base,tabindex:3)
2024-12-11 08:22:15,177 [INFO] PluginManage:310 - Check plugin thirdparty
2024-12-11 08:22:15,505 [INFO] PluginManage:359 - Loaded plugin thirdparty (category:base,tabindex:-1)
2024-12-11 08:22:15,505 [WARN] IntegrityCheckThread:84 - waiting for thirdparty lock release [integrity check]
2024-12-11 08:22:15,506 [INFO] PluginManage:310 - Check plugin tools
2024-12-11 08:22:15,506 [INFO] IntegrityCheckThread:86 - entering critical section [integrity check]
2024-12-11 08:22:15,506 [INFO] ThirdPartyUpdaterWithRetryManager:70 - Updater plugin not ready yet. [1/15]
2024-12-11 08:22:15,542 [INFO] PluginManage:359 - Loaded plugin tools (category:base,tabindex:7)
2024-12-11 08:22:15,542 [INFO] PluginManage:310 - Check plugin tutovideos
2024-12-11 08:22:15,736 [INFO] PluginManage:359 - Loaded plugin tutovideos (category:base,tabindex:-1)
2024-12-11 08:22:15,737 [INFO] PluginManage:310 - Check plugin updater
2024-12-11 08:22:15,768 [INFO] PluginManage:359 - Loaded plugin updater (category:base,tabindex:12)
2024-12-11 08:22:15,768 [INFO] PluginManage:310 - Check plugin userauth
2024-12-11 08:22:15,772 [INFO] UserAuth:118 - Init User Auth plugin
2024-12-11 08:22:15,773 [INFO] PluginManage:359 - Loaded plugin userauth (category:base,tabindex:14)
2024-12-11 08:22:15,773 [INFO] PluginManage:283 - PluginManage : Loaded plugins [18]
2024-12-11 08:22:16,019 [INFO] PinOutPanel:1589 - setPackage(No Configuration,No Configuration)
2024-12-11 08:22:16,099 [INFO] CADModel:165 - CPN selected for project level
2024-12-11 08:22:16,099 [INFO] CADModel:114 - Register for checkConnection events
2024-12-11 08:22:16,127 [INFO] IPUIPlugin:80 - create IPUIPlugin
2024-12-11 08:22:16,127 [INFO] PluginManager:220 - loadIPPluginJar : add adc
2024-12-11 08:22:16,169 [INFO] IPUIPlugin:80 - create IPUIPlugin
2024-12-11 08:22:16,169 [INFO] PluginManager:220 - loadIPPluginJar : add aes
2024-12-11 08:22:16,217 [INFO] IPUIPlugin:80 - create IPUIPlugin
2024-12-11 08:22:16,217 [INFO] PluginManager:220 - loadIPPluginJar : add can
2024-12-11 08:22:16,240 [INFO] IPUIPlugin:80 - create IPUIPlugin
2024-12-11 08:22:16,240 [INFO] PluginManager:220 - loadIPPluginJar : add comp
2024-12-11 08:22:16,275 [INFO] IPUIPlugin:80 - create IPUIPlugin
2024-12-11 08:22:16,275 [INFO] PluginManager:220 - loadIPPluginJar : add cryp
2024-12-11 08:22:16,286 [INFO] IPUIPlugin:80 - create IPUIPlugin
2024-12-11 08:22:16,286 [INFO] PluginManager:220 - loadIPPluginJar : add ddr_ctrl_phy
2024-12-11 08:22:16,316 [INFO] IPUIPlugin:80 - create IPUIPlugin
2024-12-11 08:22:16,317 [INFO] PluginManager:220 - loadIPPluginJar : add dfsdm
2024-12-11 08:22:16,329 [INFO] IPUIPlugin:80 - create IPUIPlugin
2024-12-11 08:22:16,329 [INFO] PluginManager:220 - loadIPPluginJar : add dma
2024-12-11 08:22:16,362 [INFO] IPUIPlugin:80 - create IPUIPlugin
2024-12-11 08:22:16,362 [INFO] PluginManager:220 - loadIPPluginJar : add dma3
2024-12-11 08:22:16,407 [INFO] IPUIPlugin:80 - create IPUIPlugin
2024-12-11 08:22:16,407 [INFO] PluginManager:220 - loadIPPluginJar : add extmemmanager
2024-12-11 08:22:16,439 [INFO] IPUIPlugin:80 - create IPUIPlugin
2024-12-11 08:22:16,439 [INFO] PluginManager:220 - loadIPPluginJar : add fatfs
2024-12-11 08:22:16,488 [INFO] IPUIPlugin:80 - create IPUIPlugin
2024-12-11 08:22:16,489 [INFO] PluginManager:220 - loadIPPluginJar : add fmc
2024-12-11 08:22:16,505 [INFO] IPUIPlugin:80 - create IPUIPlugin
2024-12-11 08:22:16,505 [INFO] PluginManager:220 - loadIPPluginJar : add freertos
2024-12-11 08:22:16,527 [INFO] IPUIPlugin:80 - create IPUIPlugin
2024-12-11 08:22:16,528 [INFO] PluginManager:220 - loadIPPluginJar : add genericplugin
2024-12-11 08:22:16,611 [INFO] IPUIPlugin:80 - create IPUIPlugin
2024-12-11 08:22:16,611 [INFO] PluginManager:220 - loadIPPluginJar : add gfxmmu
2024-12-11 08:22:16,722 [INFO] IPUIPlugin:80 - create IPUIPlugin
2024-12-11 08:22:16,722 [INFO] PluginManager:220 - loadIPPluginJar : add gic
2024-12-11 08:22:16,735 [INFO] IPUIPlugin:80 - create IPUIPlugin
2024-12-11 08:22:16,735 [INFO] PluginManager:220 - loadIPPluginJar : add gpio
2024-12-11 08:22:16,823 [INFO] IPUIPlugin:80 - create IPUIPlugin
2024-12-11 08:22:16,824 [INFO] PluginManager:220 - loadIPPluginJar : add gtzc
2024-12-11 08:22:16,851 [INFO] IPUIPlugin:80 - create IPUIPlugin
2024-12-11 08:22:16,851 [INFO] PluginManager:220 - loadIPPluginJar : add hash
2024-12-11 08:22:16,900 [INFO] IPUIPlugin:80 - create IPUIPlugin
2024-12-11 08:22:16,900 [INFO] PluginManager:220 - loadIPPluginJar : add i2c
2024-12-11 08:22:16,940 [INFO] IPUIPlugin:80 - create IPUIPlugin
2024-12-11 08:22:16,940 [INFO] PluginManager:220 - loadIPPluginJar : add i2s
2024-12-11 08:22:16,980 [INFO] IPUIPlugin:80 - create IPUIPlugin
2024-12-11 08:22:16,980 [INFO] PluginManager:220 - loadIPPluginJar : add i3c
2024-12-11 08:22:17,073 [INFO] IPUIPlugin:80 - create IPUIPlugin
2024-12-11 08:22:17,073 [INFO] PluginManager:220 - loadIPPluginJar : add ipddr
2024-12-11 08:22:17,166 [INFO] IPUIPlugin:80 - create IPUIPlugin
2024-12-11 08:22:17,166 [INFO] PluginManager:220 - loadIPPluginJar : add linkedlist
2024-12-11 08:22:17,197 [INFO] IPUIPlugin:80 - create IPUIPlugin
2024-12-11 08:22:17,197 [INFO] PluginManager:220 - loadIPPluginJar : add lorawan
2024-12-11 08:22:17,236 [INFO] IPUIPlugin:80 - create IPUIPlugin
2024-12-11 08:22:17,236 [INFO] PluginManager:220 - loadIPPluginJar : add ltdc
2024-12-11 08:22:17,249 [INFO] IPUIPlugin:80 - create IPUIPlugin
2024-12-11 08:22:17,249 [INFO] PluginManager:220 - loadIPPluginJar : add mdma
2024-12-11 08:22:17,263 [INFO] IPUIPlugin:80 - create IPUIPlugin
2024-12-11 08:22:17,263 [INFO] PluginManager:220 - loadIPPluginJar : add nvic
2024-12-11 08:22:17,295 [INFO] IPUIPlugin:80 - create IPUIPlugin
2024-12-11 08:22:17,295 [INFO] PluginManager:220 - loadIPPluginJar : add opamp
2024-12-11 08:22:17,351 [INFO] IPUIPlugin:80 - create IPUIPlugin
2024-12-11 08:22:17,351 [INFO] PluginManager:220 - loadIPPluginJar : add openamp
2024-12-11 08:22:17,396 [INFO] IPUIPlugin:80 - create IPUIPlugin
2024-12-11 08:22:17,396 [INFO] PluginManager:220 - loadIPPluginJar : add pdm2pcm
2024-12-11 08:22:17,411 [INFO] IPUIPlugin:80 - create IPUIPlugin
2024-12-11 08:22:17,413 [INFO] PluginManager:220 - loadIPPluginJar : add plateformsettings
2024-12-11 08:22:17,439 [INFO] IPUIPlugin:80 - create IPUIPlugin
2024-12-11 08:22:17,440 [INFO] PluginManager:220 - loadIPPluginJar : add quadspi
2024-12-11 08:22:17,465 [INFO] IPUIPlugin:80 - create IPUIPlugin
2024-12-11 08:22:17,465 [INFO] PluginManager:220 - loadIPPluginJar : add radio
2024-12-11 08:22:17,479 [INFO] IPUIPlugin:80 - create IPUIPlugin
2024-12-11 08:22:17,480 [INFO] PluginManager:220 - loadIPPluginJar : add resmgrutility
2024-12-11 08:22:17,531 [INFO] IPUIPlugin:80 - create IPUIPlugin
2024-12-11 08:22:17,531 [INFO] PluginManager:220 - loadIPPluginJar : add sai
2024-12-11 08:22:17,567 [INFO] IPUIPlugin:80 - create IPUIPlugin
2024-12-11 08:22:17,568 [INFO] PluginManager:220 - loadIPPluginJar : add spi
2024-12-11 08:22:17,628 [INFO] IPUIPlugin:80 - create IPUIPlugin
2024-12-11 08:22:17,628 [INFO] PluginManager:220 - loadIPPluginJar : add stm32_wpan
2024-12-11 08:22:17,653 [INFO] IPUIPlugin:80 - create IPUIPlugin
2024-12-11 08:22:17,653 [INFO] PluginManager:220 - loadIPPluginJar : add tim
2024-12-11 08:22:17,711 [INFO] IPUIPlugin:80 - create IPUIPlugin
2024-12-11 08:22:17,711 [INFO] PluginManager:220 - loadIPPluginJar : add touchsensing
2024-12-11 08:22:17,734 [INFO] IPUIPlugin:80 - create IPUIPlugin
2024-12-11 08:22:17,734 [INFO] PluginManager:220 - loadIPPluginJar : add tracer_emb
2024-12-11 08:22:17,758 [INFO] IPUIPlugin:80 - create IPUIPlugin
2024-12-11 08:22:17,759 [INFO] PluginManager:220 - loadIPPluginJar : add ts
2024-12-11 08:22:17,782 [INFO] IPUIPlugin:80 - create IPUIPlugin
2024-12-11 08:22:17,782 [INFO] PluginManager:220 - loadIPPluginJar : add tsc
2024-12-11 08:22:17,803 [INFO] IPUIPlugin:80 - create IPUIPlugin
2024-12-11 08:22:17,804 [INFO] PluginManager:220 - loadIPPluginJar : add ucpd
2024-12-11 08:22:17,844 [INFO] IPUIPlugin:80 - create IPUIPlugin
2024-12-11 08:22:17,844 [INFO] PluginManager:220 - loadIPPluginJar : add usart
2024-12-11 08:22:17,887 [INFO] IPUIPlugin:80 - create IPUIPlugin
2024-12-11 08:22:17,887 [INFO] PluginManager:220 - loadIPPluginJar : add usbx
2024-12-11 08:22:18,005 [FATAL] Updater:351 - Updater called before beeing initialized
2024-12-11 08:22:18,026 [INFO] RulesReader:64 - Compatibility file has been processed (297 Rules)
2024-12-11 08:22:18,036 [INFO] RulesReader:64 - Compatibility file has been processed (297 Rules)
2024-12-11 08:22:18,045 [INFO] CADModel:165 - CPN selected for project level
2024-12-11 08:22:18,046 [INFO] CADModel:114 - Register for checkConnection events
2024-12-11 08:22:18,048 [FATAL] Updater:351 - Updater called before beeing initialized
2024-12-11 08:22:18,048 [ERROR] CADModel:125 - Updater not yet initialized, retry later 
2024-12-11 08:22:18,158 [FATAL] Updater:351 - Updater called before beeing initialized
2024-12-11 08:22:18,159 [INFO] CADModel:165 - CPN selected for project level
2024-12-11 08:22:18,160 [INFO] CADModel:114 - Register for checkConnection events
2024-12-11 08:22:18,160 [FATAL] Updater:351 - Updater called before beeing initialized
2024-12-11 08:22:18,160 [ERROR] CADModel:125 - Updater not yet initialized, retry later 
2024-12-11 08:22:18,162 [FATAL] Updater:351 - Updater called before beeing initialized
2024-12-11 08:22:18,264 [FATAL] Updater:351 - Updater called before beeing initialized
2024-12-11 08:22:18,274 [INFO] DbMcusAds:53 - JSON generation date=Fri Sep 20 15:04:23 CEST 2024 (1726837463113)
2024-12-11 08:22:18,274 [FATAL] Updater:351 - Updater called before beeing initialized
2024-12-11 08:22:18,303 [WARN] DetailPanel:346 - Failed to get advertising image, set to default
2024-12-11 08:22:18,462 [FATAL] Updater:351 - Updater called before beeing initialized
2024-12-11 08:22:18,463 [FATAL] Updater:351 - Updater called before beeing initialized
2024-12-11 08:22:18,465 [FATAL] Updater:351 - Updater called before beeing initialized
2024-12-11 08:22:18,465 [WARN] DetailPanel:346 - Failed to get advertising image, set to default
2024-12-11 08:22:18,466 [FATAL] Updater:351 - Updater called before beeing initialized
2024-12-11 08:22:18,508 [INFO] ThirdPartyUpdaterWithRetryManager:70 - Updater plugin not ready yet. [2/15]
2024-12-11 08:22:18,512 [ERROR] Updater:1198 - MainUpdater not yet initialized. External WinMGr cannot be set.
2024-12-11 08:22:18,520 [INFO] Updater:1134 - Updater Version found : 6.13.0
2024-12-11 08:22:18,534 [INFO] ApplicationProperties:184 - Using Application install path: C:\ST\STM32CubeIDE_1.17.0\STM32CubeIDE\plugins\com.st.stm32cube.common.mx_6.13.0.202411220809
2024-12-11 08:22:20,114 [ERROR] LogOutputStream:75 - [STDERR_REDIRECT] Dec 11, 2024 8:22:20 AM java.util.prefs.WindowsPreferences <init>
2024-12-11 08:22:20,117 [ERROR] LogOutputStream:75 - [STDERR_REDIRECT] WARNING: Could not open/create prefs root node Software\JavaSoft\Prefs at root 0xffffffff80000002. Windows RegCreateKeyEx(...) returned error code 5.
2024-12-11 08:22:20,117 [ERROR] LogOutputStream:75 - [STDERR_REDIRECT] 
2024-12-11 08:22:20,584 [INFO] MainUpdater:2872 - connection check result : 10
2024-12-11 08:22:20,584 [INFO] MainUpdater:3566 - Updater definition file requires update
2024-12-11 08:22:20,585 [INFO] MainUpdater:289 - Updater Check For Update Now.
2024-12-11 08:22:20,585 [INFO] MicroXplorer:498 - Change Database Version : DB.6.0.130
2024-12-11 08:22:20,605 [INFO] McuFinderGlobals:63 - Set McuFinder mode to 2 (CubeIDE integrated)
2024-12-11 08:22:20,611 [INFO] UserAuth:486 - Internet connection configuration mode: 1
2024-12-11 08:22:20,635 [INFO] JxBrowserEngine:152 - Initiate JxBrowser Engine with user profile folder
2024-12-11 08:22:21,441 [INFO] WebApp:168 - Instantiating new browser for Auth
2024-12-11 08:22:21,508 [WARN] MainUpdater:1193 - Updater busy. Cannot search thirdparties
2024-12-11 08:22:21,508 [INFO] ThirdPartyUpdaterWithRetryManager:96 - Updater plugin is busy. [1/15]
2024-12-11 08:22:21,953 [INFO] ServerAccessManage:473 - Download File updaters.zip
2024-12-11 08:22:22,094 [INFO] FileExtend:240 - Unzip File : updaters.zip
2024-12-11 08:22:22,094 [INFO] FileExtend:255 - Standard Zip Deflate
2024-12-11 08:22:22,220 [INFO] WebApp:449 - Apply proxy settings
2024-12-11 08:22:22,220 [INFO] WebApp:534 - Chromium requires no authentication
2024-12-11 08:22:22,255 [INFO] WebApp:477 - Direct internet connection detected
2024-12-11 08:22:22,316 [INFO] WebApp:880 - Register for checkConnection events
2024-12-11 08:22:22,317 [INFO] WebApp:449 - Apply proxy settings
2024-12-11 08:22:22,317 [INFO] WebApp:534 - Chromium requires no authentication
2024-12-11 08:22:22,317 [INFO] WebApp:477 - Direct internet connection detected
2024-12-11 08:22:22,607 [INFO] WebApp:221 - Starting web application
2024-12-11 08:22:22,607 [INFO] WebApp:579 - Web application path used C:\ST\STM32CubeIDE_1.17.0\STM32CubeIDE\plugins\com.st.stm32cube.common.mx_6.13.0.202411220809\db\plugins\mcufinder\reactClient1\index.html
2024-12-11 08:22:22,672 [INFO] ServerAccessManage:473 - Download File PacksControlFlags.xml
2024-12-11 08:22:22,761 [INFO] UserAuth:486 - Internet connection configuration mode: 1
2024-12-11 08:22:22,799 [INFO] WebApp:187 - Connection restablished
2024-12-11 08:22:22,803 [INFO] ServerAccessManage:473 - Download File cubemx.pidx
2024-12-11 08:22:23,559 [INFO] ServerAccessManage:473 - Download File STMicroelectronics.X-CUBE-FREERTOS.pdsc
2024-12-11 08:22:24,510 [WARN] MainUpdater:1193 - Updater busy. Cannot search thirdparties
2024-12-11 08:22:24,510 [INFO] ThirdPartyUpdaterWithRetryManager:96 - Updater plugin is busy. [2/15]
2024-12-11 08:22:26,606 [WARN] PackLoader:240 - Cannot read IP mode file for STMicroelectronics.X-CUBE-FREERTOS.1.3.0
2024-12-11 08:22:26,608 [INFO] PopulateThirdPartyThread:66 - Ending populate Thread
2024-12-11 08:22:26,609 [INFO] ThirdParty:1030 - CMSIS Pack Vendor :STMicroelectronics X-CUBE-FREERTOS 1.3.0
2024-12-11 08:22:26,610 [INFO] LoadServerUpdatesThread:375 - End of LoadServerUpdate Thread
2024-12-11 08:22:26,722 [INFO] CheckServerUpdateThread:120 - End of CheckServer Thread
2024-12-11 08:22:27,683 [WARN] PackLoader:240 - Cannot read IP mode file for STMicroelectronics.FP-SNS-MOTENVWB1.1.4.0
2024-12-11 08:22:27,689 [WARN] PackLoader:240 - Cannot read IP mode file for STMicroelectronics.FP-ATR-ASTRA1.2.0.1
2024-12-11 08:22:27,703 [WARN] PackLoader:240 - Cannot read IP mode file for STMicroelectronics.X-CUBE-SMBUS.2.1.0
2024-12-11 08:22:27,718 [WARN] PackLoader:240 - Cannot read IP mode file for STMicroelectronics.X-CUBE-WB05N.1.1.0
2024-12-11 08:22:27,750 [WARN] PackLoader:240 - Cannot read IP mode file for STMicroelectronics.X-CUBE-AZRTOS-F7.1.1.0
2024-12-11 08:22:27,809 [WARN] PackLoader:240 - Cannot read IP mode file for STMicroelectronics.X-CUBE-MEMS1.11.0.0
2024-12-11 08:22:27,943 [WARN] PackLoader:240 - Cannot read IP mode file for STMicroelectronics.FP-SNS-FLIGHT1.5.0.2
2024-12-11 08:22:27,976 [WARN] PackLoader:240 - Cannot read IP mode file for Infineon.AIROC-Wi-Fi-Bluetooth-STM32.1.7.0
2024-12-11 08:22:27,993 [WARN] PackLoader:240 - Cannot read IP mode file for STMicroelectronics.X-CUBE-DISPLAY.3.0.0
2024-12-11 08:22:28,008 [WARN] PackLoader:240 - Cannot read IP mode file for STMicroelectronics.X-CUBE-BLE1.7.0.0
2024-12-11 08:22:28,022 [WARN] PackLoader:240 - Cannot read IP mode file for STMicroelectronics.X-CUBE-NFC10.1.0.0
2024-12-11 08:22:28,038 [WARN] PackLoader:240 - Cannot read IP mode file for STMicroelectronics.X-CUBE-BLEMGR.4.0.0
2024-12-11 08:22:28,058 [WARN] PackLoader:240 - Cannot read IP mode file for emotas.I-CUBE-CANOPEN.1.3.0
2024-12-11 08:22:28,075 [WARN] PackLoader:240 - Cannot read IP mode file for STMicroelectronics.X-CUBE-BLEMGR.3.1.0
2024-12-11 08:22:28,093 [WARN] PackLoader:240 - Cannot read IP mode file for STMicroelectronics.FP-SNS-SMARTAG2.1.2.0
2024-12-11 08:22:28,113 [INFO] LogOutputStream:77 - [STDOUT_REDIRECT] 1 : Invalid condition id : UX_CORESTACK_Condition cause : null
2024-12-11 08:22:28,114 [INFO] LogOutputStream:77 - [STDOUT_REDIRECT] 1 : Invalid condition id : UX_CORESTACK_Condition cause : null
2024-12-11 08:22:28,115 [INFO] LogOutputStream:77 - [STDOUT_REDIRECT] 1 : Invalid condition id : UX_CORESTACK_Condition cause : null
2024-12-11 08:22:28,118 [INFO] LogOutputStream:77 - [STDOUT_REDIRECT] 1 : Invalid condition id : UX_CORESTACK_Condition cause : null
2024-12-11 08:22:28,120 [INFO] LogOutputStream:77 - [STDOUT_REDIRECT] 1 : Invalid condition id : UX_CORESTACK_Condition cause : null
2024-12-11 08:22:28,121 [WARN] PackLoader:240 - Cannot read IP mode file for STMicroelectronics.X-CUBE-AZRTOS-WL.2.0.0
2024-12-11 08:22:28,133 [WARN] PackLoader:240 - Cannot read IP mode file for STMicroelectronics.FP-SNS-MOTENV1.5.0.0
2024-12-11 08:22:28,139 [WARN] PackLoader:240 - Cannot read IP mode file for wolfSSL.I-CUBE-wolfMQTT.1.19.0
2024-12-11 08:22:28,153 [WARN] PackLoader:240 - Cannot read IP mode file for WES.I-CUBE-Cesium.1.3.0
2024-12-11 08:22:28,164 [WARN] PackLoader:240 - Cannot read IP mode file for STMicroelectronics.X-CUBE-BLE2.3.3.0
2024-12-11 08:22:28,178 [WARN] PackLoader:240 - Cannot read IP mode file for STMicroelectronics.X-CUBE-NFC9.1.0.0
2024-12-11 08:22:28,192 [WARN] PackLoader:240 - Cannot read IP mode file for STMicroelectronics.X-CUBE-TCPP.4.1.0
2024-12-11 08:22:28,218 [WARN] PackLoader:240 - Cannot read IP mode file for STMicroelectronics.X-CUBE-AZRTOS-G0.1.1.0
2024-12-11 08:22:28,237 [WARN] PackLoader:240 - Cannot read IP mode file for STMicroelectronics.X-CUBE-SAFEA1.1.2.2
2024-12-11 08:22:28,251 [WARN] PackLoader:240 - Cannot read IP mode file for STMicroelectronics.X-CUBE-NFC4.3.0.0
2024-12-11 08:22:28,267 [WARN] PackLoader:240 - Cannot read IP mode file for EmbeddedOffice.I-CUBE-FS-RTOS.1.0.1
2024-12-11 08:22:28,280 [WARN] PackLoader:240 - Cannot read IP mode file for RealThread.X-CUBE-RT-Thread_Nano.4.1.1
2024-12-11 08:22:28,284 [WARN] PackLoader:240 - Cannot read IP mode file for STMicroelectronics.FP-ATR-SIGFOX1.3.2.0
2024-12-11 08:22:28,289 [WARN] ConditionMgr:438 - getConditionDescription Invalid condition id : Cortex-A Device cause : null
2024-12-11 08:22:28,311 [WARN] ConditionMgr:1044 - genDependencies : Invalid condition id : Cortex-A Device cause : null
2024-12-11 08:22:28,311 [WARN] ConditionMgr:1044 - genDependencies : Invalid condition id : Cortex-A Device cause : null
2024-12-11 08:22:28,311 [WARN] ConditionMgr:1044 - genDependencies : Invalid condition id : Cortex-A Device cause : null
2024-12-11 08:22:28,326 [WARN] PackLoader:240 - Cannot read IP mode file for STMicroelectronics.X-CUBE-EEPRMA1.5.1.0
2024-12-11 08:22:28,338 [WARN] PackLoader:240 - Cannot read IP mode file for wolfSSL.I-CUBE-wolfSSL.5.7.4
2024-12-11 08:22:28,355 [WARN] PackLoader:240 - Cannot read IP mode file for ITTIA_DB.I-CUBE-ITTIADB.8.9.0
2024-12-11 08:22:28,391 [WARN] PackLoader:240 - Cannot read IP mode file for SEGGER.I-CUBE-embOS.1.3.1
2024-12-11 08:22:28,453 [WARN] PackLoader:240 - Cannot read IP mode file for STMicroelectronics.X-CUBE-ALGOBUILD.1.4.0
2024-12-11 08:22:28,471 [WARN] PackLoader:240 - Cannot read IP mode file for STMicroelectronics.X-CUBE-AI.9.1.0
2024-12-11 08:22:28,494 [WARN] PackLoader:240 - Cannot read IP mode file for STMicroelectronics.X-CUBE-AZRTOS-F4.1.1.0
2024-12-11 08:22:28,509 [WARN] PackLoader:240 - Cannot read IP mode file for STMicroelectronics.X-CUBE-ISPU.2.1.0
2024-12-11 08:22:28,522 [WARN] PackLoader:240 - Cannot read IP mode file for STMicroelectronics.X-CUBE-FREERTOS.1.2.0
2024-12-11 08:22:28,544 [WARN] PackLoader:240 - Cannot read IP mode file for STMicroelectronics.X-CUBE-AZRTOS-L5.2.0.0
2024-12-11 08:22:28,559 [WARN] PackLoader:240 - Cannot read IP mode file for STMicroelectronics.X-CUBE-NFC6.3.1.0
2024-12-11 08:22:28,574 [WARN] PackLoader:240 - Cannot read IP mode file for STMicroelectronics.X-CUBE-DPower.1.2.0
2024-12-11 08:22:28,576 [WARN] PackLoader:240 - Cannot read IP mode file for STMicroelectronics.X-CUBE-FREERTOS.1.3.0
2024-12-11 08:22:28,590 [WARN] PackLoader:240 - Cannot read IP mode file for STMicroelectronics.X-CUBE-NFC7.1.0.1
2024-12-11 08:22:28,613 [WARN] ConditionMgr:438 - getConditionDescription Invalid condition id : LAN8742 Phy interface Condition cause : null
2024-12-11 08:22:28,613 [WARN] PackLoader:240 - Cannot read IP mode file for STMicroelectronics.X-CUBE-AZRTOS-L4.2.0.0
2024-12-11 08:22:28,614 [WARN] ConditionMgr:1044 - genDependencies : Invalid condition id : LAN8742 Phy interface Condition cause : null
2024-12-11 08:22:28,614 [WARN] ConditionMgr:1044 - genDependencies : Invalid condition id : LAN8742 Phy interface Condition cause : null
2024-12-11 08:22:28,614 [WARN] ConditionMgr:1044 - genDependencies : Invalid condition id : LAN8742 Phy interface Condition cause : null
2024-12-11 08:22:28,631 [WARN] PackLoader:240 - Cannot read IP mode file for STMicroelectronics.X-CUBE-SFXS2LP1.4.0.0
2024-12-11 08:22:28,660 [WARN] PackLoader:240 - Cannot read IP mode file for STMicroelectronics.X-CUBE-AZRTOS-H7.3.3.0
2024-12-11 08:22:28,677 [WARN] PackLoader:240 - Cannot read IP mode file for STMicroelectronics.X-CUBE-IPS.3.0.0
2024-12-11 08:22:28,699 [WARN] ConditionMgr:438 - getConditionDescription Invalid condition id : UX DEVICE CLASS RTOS Condition cause : null
2024-12-11 08:22:28,699 [WARN] ConditionMgr:438 - getConditionDescription Invalid condition id : UX DEVICE CLASS RTOS Condition cause : null
2024-12-11 08:22:28,700 [WARN] PackLoader:240 - Cannot read IP mode file for STMicroelectronics.X-CUBE-AZRTOS-WB.2.0.0
2024-12-11 08:22:28,701 [WARN] ConditionMgr:1044 - genDependencies : Invalid condition id : UX DEVICE CLASS RTOS Condition cause : null
2024-12-11 08:22:28,701 [WARN] ConditionMgr:1044 - genDependencies : Invalid condition id : UX DEVICE CLASS RTOS Condition cause : null
2024-12-11 08:22:28,701 [WARN] ConditionMgr:1044 - genDependencies : Invalid condition id : UX DEVICE CLASS RTOS Condition cause : null
2024-12-11 08:22:28,701 [WARN] ConditionMgr:1044 - genDependencies : Invalid condition id : UX DEVICE CLASS RTOS Condition cause : null
2024-12-11 08:22:28,701 [WARN] ConditionMgr:1044 - genDependencies : Invalid condition id : UX DEVICE CLASS RTOS Condition cause : null
2024-12-11 08:22:28,721 [WARN] PackLoader:240 - Cannot read IP mode file for STMicroelectronics.X-CUBE-GNSS1.7.0.0
2024-12-11 08:22:28,749 [WARN] PackLoader:240 - Cannot read IP mode file for STMicroelectronics.FP-SNS-STBOX1.2.0.0
2024-12-11 08:22:28,771 [WARN] PackLoader:240 - Cannot read IP mode file for STMicroelectronics.X-CUBE-SUBG2.5.0.0
2024-12-11 08:22:28,778 [WARN] PackLoader:240 - Cannot read IP mode file for Cesanta.I-CUBE-Mongoose.7.13.0
2024-12-11 08:22:28,798 [WARN] PackLoader:240 - Cannot read IP mode file for STMicroelectronics.X-CUBE-AZRTOS-G4.2.0.0
2024-12-11 08:22:28,810 [WARN] PackLoader:240 - Cannot read IP mode file for STMicroelectronics.X-CUBE-ALS.1.0.2
2024-12-11 08:22:28,823 [WARN] PackLoader:240 - Cannot read IP mode file for STMicroelectronics.X-CUBE-TOUCHGFX.4.24.1
2024-12-11 08:22:28,836 [WARN] PackLoader:240 - Cannot read IP mode file for wolfSSL.I-CUBE-wolfTPM.3.4.0
2024-12-11 08:22:28,847 [WARN] PackLoader:240 - Cannot read IP mode file for portGmbH.I-Cube-SoM-uGOAL.1.1.0
2024-12-11 08:22:28,872 [WARN] PackLoader:240 - Cannot read IP mode file for STMicroelectronics.X-CUBE-AZRTOS-H7RS.1.0.0
2024-12-11 08:22:28,891 [WARN] PackLoader:240 - Cannot read IP mode file for STMicroelectronics.X-CUBE-TOF1.3.4.2
2024-12-11 08:22:28,900 [WARN] PackLoader:240 - Cannot read IP mode file for wolfSSL.I-CUBE-wolfSSH.1.4.17
2024-12-11 08:22:28,901 [INFO] ThirdParty:978 - Integrity check success = true
2024-12-11 08:22:28,901 [INFO] IntegrityCheckThread:100 - exiting critical section [integrity check]
2024-12-11 08:22:28,901 [INFO] IntegrityCheckThread:103 - End integrity checks thread
2024-12-11 08:22:59,051 [INFO] McuFinderGlobals:63 - Set McuFinder mode to 2 (CubeIDE integrated)
2024-12-11 08:22:59,080 [INFO] MainUpdater:2872 - connection check result : 10
2024-12-11 08:22:59,088 [INFO] MainUpdater:2872 - connection check result : 10
2024-12-11 08:22:59,255 [INFO] MicroXplorer:468 - Change Database Path : 
2024-12-11 08:22:59,256 [INFO] MicroXplorer:498 - Change Database Version : DB.6.0.130
2024-12-11 08:22:59,265 [WARN] ThirdParty:871 - waiting for thirdparty lock release [close project]
2024-12-11 08:22:59,265 [INFO] ThirdParty:873 - entering critical section [close project]
2024-12-11 08:22:59,265 [INFO] ThirdParty:883 - exiting critical section [close project]
2024-12-11 08:22:59,268 [INFO] PinOutPanel:1589 - setPackage(No Configuration,No Configuration)
2024-12-11 08:22:59,271 [INFO] UtilMem:75 - Begin LoadConfig() Used Memory: 448545984 Bytes (524288000)
2024-12-11 08:22:59,272 [INFO] MicroXplorer:468 - Change Database Path : 
2024-12-11 08:22:59,272 [INFO] MicroXplorer:498 - Change Database Version : DB.6.0.130
2024-12-11 08:22:59,272 [INFO] OpenFileManager:332 - Change cursor
2024-12-11 08:22:59,304 [INFO] Mcu:2035 - Initializing MCU STM32L496ZGTxP STM32L496ZGTxP STM32L496ZGT6P
2024-12-11 08:23:01,577 [INFO] Context:748 - Trying to add GPIOservice into a context  which must be forbidden
2024-12-11 08:23:02,493 [INFO] RtosManager:555 - Registered RTOS mode: class=CMSIS, group=RTOS, mode=CMSIS_V1, owner=FREERTOS
2024-12-11 08:23:02,494 [INFO] RtosManager:555 - Registered RTOS mode: class=CMSIS, group=RTOS2, mode=CMSIS_V2, owner=FREERTOS
2024-12-11 08:23:02,494 [INFO] RtosManager:555 - Registered RTOS mode: class=RTOS, group=Core, mode=CMSIS_V1, owner=FREERTOS
2024-12-11 08:23:02,494 [INFO] RtosManager:555 - Registered RTOS mode: class=RTOS, group=Core, mode=CMSIS_V2, owner=FREERTOS
2024-12-11 08:23:02,494 [WARN] ModelIntegratedComponent:184 - Missing modes for component STMicroelectronics:FreeRTOS:0.0.1:STMicroelectronics:RTOS:FreeRTOS:Core:::10.2.0:
2024-12-11 08:23:02,514 [WARN] ModelIntegratedComponent:63 - No mode defined for component null
2024-12-11 08:23:02,514 [WARN] ModelIntegratedComponent:63 - No mode defined for component null
2024-12-11 08:23:02,514 [WARN] ModelIntegratedComponent:63 - No mode defined for component null
2024-12-11 08:23:02,514 [WARN] ModelIntegratedComponent:63 - No mode defined for component null
2024-12-11 08:23:02,514 [WARN] ModelIntegratedComponent:63 - No mode defined for component null
2024-12-11 08:23:02,514 [WARN] ModelIntegratedComponent:63 - No mode defined for component null
2024-12-11 08:23:02,514 [WARN] ModelIntegratedComponent:63 - No mode defined for component null
2024-12-11 08:23:02,514 [WARN] ModelIntegratedComponent:63 - No mode defined for component null
2024-12-11 08:23:02,514 [WARN] ModelIntegratedComponent:63 - No mode defined for component null
2024-12-11 08:23:02,514 [WARN] ModelIntegratedComponent:63 - No mode defined for component null
2024-12-11 08:23:02,514 [WARN] ModelIntegratedComponent:63 - No mode defined for component null
2024-12-11 08:23:02,514 [WARN] ModelIntegratedComponent:63 - No mode defined for component null
2024-12-11 08:23:02,515 [WARN] ModelIntegratedComponent:63 - No mode defined for component null
2024-12-11 08:23:02,515 [WARN] ModelIntegratedComponent:63 - No mode defined for component null
2024-12-11 08:23:02,515 [WARN] ModelIntegratedComponent:63 - No mode defined for component null
2024-12-11 08:23:02,515 [WARN] ModelIntegratedComponent:63 - No mode defined for component null
2024-12-11 08:23:02,515 [WARN] ModelIntegratedComponent:63 - No mode defined for component null
2024-12-11 08:23:02,515 [WARN] ModelIntegratedComponent:63 - No mode defined for component null
2024-12-11 08:23:02,515 [WARN] ModelIntegratedComponent:63 - No mode defined for component null
2024-12-11 08:23:02,515 [WARN] ModelIntegratedComponent:63 - No mode defined for component null
2024-12-11 08:23:02,515 [WARN] ModelIntegratedComponent:63 - No mode defined for component null
2024-12-11 08:23:02,515 [WARN] ModelIntegratedComponent:63 - No mode defined for component null
2024-12-11 08:23:02,515 [WARN] ModelIntegratedComponent:63 - No mode defined for component null
2024-12-11 08:23:02,515 [WARN] ModelIntegratedComponent:63 - No mode defined for component null
2024-12-11 08:23:02,515 [WARN] ModelIntegratedComponent:63 - No mode defined for component null
2024-12-11 08:23:02,515 [WARN] ModelIntegratedComponent:63 - No mode defined for component null
2024-12-11 08:23:02,515 [WARN] ModelIntegratedComponent:63 - No mode defined for component null
2024-12-11 08:23:02,515 [WARN] ModelIntegratedComponent:63 - No mode defined for component null
2024-12-11 08:23:02,515 [WARN] ModelIntegratedComponent:63 - No mode defined for component null
2024-12-11 08:23:02,515 [WARN] ModelIntegratedComponent:63 - No mode defined for component null
2024-12-11 08:23:02,515 [WARN] ModelIntegratedComponent:63 - No mode defined for component null
2024-12-11 08:23:02,515 [WARN] ModelIntegratedComponent:63 - No mode defined for component null
2024-12-11 08:23:02,515 [WARN] ModelIntegratedComponent:63 - No mode defined for component null
2024-12-11 08:23:02,515 [WARN] ModelIntegratedComponent:63 - No mode defined for component null
2024-12-11 08:23:02,516 [WARN] ModelIntegratedComponent:63 - No mode defined for component null
2024-12-11 08:23:02,516 [WARN] ModelPack:524 - Component already loaded: STMicroelectronics:HAL Drivers:0.0.0:STMicroelectronics:Device:STMicro_Driver:XSPI:HAL::0.0.1:HAL_XSPI
2024-12-11 08:23:02,536 [INFO] ThirdPartyModel:298 - Start build external matchings
2024-12-11 08:23:02,772 [INFO] ThirdPartyModel:316 - End build external matchings
2024-12-11 08:23:02,798 [INFO] ImportTextPane:218 - (OptionalMessage_ERROR) IP (DMA) : Parameter (Instance) has Id (SPI1_RX) currently not set
2024-12-11 08:23:02,798 [INFO] ImportTextPane:218 - (OptionalMessage_ERROR) IP (DMA) : Parameter (Request) has Id (SPI1_RX) currently not set
2024-12-11 08:23:02,798 [INFO] ImportTextPane:218 - (OptionalMessage_ERROR) IP (DMA) : Parameter (Direction) has Id (SPI1_RX) currently not set
2024-12-11 08:23:02,798 [INFO] ImportTextPane:218 - (OptionalMessage_ERROR) IP (DMA) : Parameter (PeriphInc) has Id (SPI1_RX) currently not set
2024-12-11 08:23:02,798 [INFO] ImportTextPane:218 - (OptionalMessage_ERROR) IP (DMA) : Parameter (MemInc) has Id (SPI1_RX) currently not set
2024-12-11 08:23:02,798 [INFO] ImportTextPane:218 - (OptionalMessage_ERROR) IP (DMA) : Parameter (PeriphDataAlignment) has Id (SPI1_RX) currently not set
2024-12-11 08:23:02,799 [INFO] ImportTextPane:218 - (OptionalMessage_ERROR) IP (DMA) : Parameter (MemDataAlignment) has Id (SPI1_RX) currently not set
2024-12-11 08:23:02,799 [INFO] ImportTextPane:218 - (OptionalMessage_ERROR) IP (DMA) : Parameter (Mode) has Id (SPI1_RX) currently not set
2024-12-11 08:23:02,799 [INFO] ImportTextPane:218 - (OptionalMessage_ERROR) IP (DMA) : Parameter (Priority) has Id (SPI1_RX) currently not set
2024-12-11 08:23:02,799 [INFO] ImportTextPane:218 - (OptionalMessage_ERROR) IP (DMA) : Parameter (Instance) has Id (SPI1_TX) currently not set
2024-12-11 08:23:02,799 [INFO] ImportTextPane:218 - (OptionalMessage_ERROR) IP (DMA) : Parameter (Request) has Id (SPI1_TX) currently not set
2024-12-11 08:23:02,799 [INFO] ImportTextPane:218 - (OptionalMessage_ERROR) IP (DMA) : Parameter (Direction) has Id (SPI1_TX) currently not set
2024-12-11 08:23:02,799 [INFO] ImportTextPane:218 - (OptionalMessage_ERROR) IP (DMA) : Parameter (PeriphInc) has Id (SPI1_TX) currently not set
2024-12-11 08:23:02,799 [INFO] ImportTextPane:218 - (OptionalMessage_ERROR) IP (DMA) : Parameter (MemInc) has Id (SPI1_TX) currently not set
2024-12-11 08:23:02,799 [INFO] ImportTextPane:218 - (OptionalMessage_ERROR) IP (DMA) : Parameter (PeriphDataAlignment) has Id (SPI1_TX) currently not set
2024-12-11 08:23:02,799 [INFO] ImportTextPane:218 - (OptionalMessage_ERROR) IP (DMA) : Parameter (MemDataAlignment) has Id (SPI1_TX) currently not set
2024-12-11 08:23:02,799 [INFO] ImportTextPane:218 - (OptionalMessage_ERROR) IP (DMA) : Parameter (Mode) has Id (SPI1_TX) currently not set
2024-12-11 08:23:02,799 [INFO] ImportTextPane:218 - (OptionalMessage_ERROR) IP (DMA) : Parameter (Priority) has Id (SPI1_TX) currently not set
2024-12-11 08:23:03,673 [INFO] ApiDb:581 - Connected to CubeFinder SQLite database (C:\Users\ZOJOLDRI\.stmcufinder\plugins\mcufinder\mcu\cube-finder-db.db)
2024-12-11 08:23:03,757 [INFO] ApiDb:668 - CubeFinder database Data Model version=2.1
2024-12-11 08:23:03,757 [INFO] ApiDb:669 - CubeFinder database Configuration version=3.0.39
2024-12-11 08:23:03,758 [INFO] ApiDb:670 - CubeFinder database generation date=2024-11-21 (1732182206)
2024-12-11 08:23:03,758 [INFO] ApiDb:671 - CubeFinder database FW Pack versions=[FP-ATR-ASTRA1_V2.0.0, FP-SNS-FLIGHT1_V5.0.2, FP-SNS-MOTENV1_V5.0.0, FP-SNS-MOTENVWB1_V1.4.0, FP-SNS-SMARTAG2_V1.2.0, FP-SNS-STBOX1_V2.0.0, STM32Cube_FW_C0_V1.3.0, STM32Cube_FW_F4_V1.28.1, STM32Cube_FW_F7_V1.17.2, STM32Cube_FW_G0_V1.6.2, STM32Cube_FW_G4_V1.6.1, STM32Cube_FW_H5_V1.4.0, STM32Cube_FW_H7RS_V1.1.0, STM32Cube_FW_H7_V1.12.0, STM32Cube_FW_L0_V1.12.2, STM32Cube_FW_L4_V1.18.1, STM32Cube_FW_L5_V1.5.1, STM32Cube_FW_N6_V1.0.0, STM32Cube_FW_U0_V1.2.0, STM32Cube_FW_U3_V1.0.0, STM32Cube_FW_U5_V1.7.0, STM32Cube_FW_WB0_V1.1.0, STM32Cube_FW_WBA_V1.5.0, STM32Cube_FW_WB_V1.21.0, STM32Cube_FW_WL3_V1.0.0, STM32Cube_FW_WL_V1.3.0, X-CUBE-ALGOBUILD_V1.4.0, X-CUBE-ALS_V1.0.2, X-CUBE-AZRTOS-F4_V1.1.0, X-CUBE-AZRTOS-F7_V1.1.0, X-CUBE-AZRTOS-G0_V1.1.0, X-CUBE-AZRTOS-G4_V2.0.0, X-CUBE-AZRTOS-H7RS_V1.0.0, X-CUBE-AZRTOS-H7_V3.3.0, X-CUBE-AZRTOS-L4_V2.0.0, X-CUBE-AZRTOS-L5_V2.0.0, X-CUBE-AZRTOS-WB_V2.0.0, X-CUBE-AZRTOS-WL_V2.0.0, X-CUBE-BLE1_V7.0.0, X-CUBE-BLE2_V3.3.0, X-CUBE-BLEMGR_V3.1.0, X-CUBE-EEPRMA1_V5.1.0, X-CUBE-FREERTOS_V1.2.0, X-CUBE-GNSS1_V6.0.0, X-CUBE-MEMS1_V11.0.0, X-CUBE-NFC4_V3.0.0, X-CUBE-NFC7_V1.0.1, X-CUBE-SFXS2LP1_V4.0.0, X-CUBE-SUBG2_V5.0.0, X-CUBE-TOF1_V3.4.2]
2024-12-11 08:23:03,889 [INFO] DbBoardsSqlite:226 - include board P-NUCLEO-WB55-NUCLEO as a kit item of type 'Nucleo-64'
2024-12-11 08:23:03,889 [INFO] DbBoardsSqlite:226 - include board P-NUCLEO-WB55-USBDONGLE as a kit item of type 'Nucleo USB Dongle'
2024-12-11 08:23:03,890 [INFO] DbBoardsSqlite:226 - include board STEVAL-IDP005V1 as a kit item of type 'Evaluation Board'
2024-12-11 08:23:03,891 [INFO] DbBoardsSqlite:226 - include board STEVAL-IDP005V2 as a kit item of type 'Evaluation Board'
2024-12-11 08:23:04,380 [INFO] ApiDb:240 - Found 858 in-development CPN: [B-G473E-ZEST1S, B-WB1M-WPAN1, B-WBA5M-WPAN, B-WL5M-SUBG1, NUCLEO-C031C6, NUCLEO-C051C8, NUCLEO-C071RB, NUCLEO-C092RC, NUCLEO-H503RB, NUCLEO-H533RE, NUCLEO-H563ZI, NUCLEO-H7S3L8, NUCLEO-N657X0-Q, NUCLEO-U031R8, NUCLEO-U083RC, NUCLEO-U385RG-Q, NUCLEO-U545RE-Q, NUCLEO-U5A5ZJ-Q, NUCLEO-WB05KZ, NUCLEO-WB07CC, NUCLEO-WB09KE, NUCLEO-WBA52CG, NUCLEO-WBA55CG, NUCLEO-WL33CC1, NUCLEO-WL33CC2, STEVAL-PROTEUS1, STEVAL-SMARTAG2, STEVAL-STWINBX1, STM320518-EVAL, STM32C0116-DK, STM32C011D6Y3TR, STM32C011D6Y6TR, STM32C011F4P3, STM32C011F4P6, STM32C011F4U3, STM32C011F4U6TR, STM32C011F6P3, STM32C011F6P6, STM32C011F6U3, STM32C011F6U6TR, STM32C011J4M3, STM32C011J4M6, STM32C011J6M3, STM32C011J6M6, STM32C0316-DK, STM32C031C4T3, STM32C031C4T6, STM32C031C4U3, STM32C031C4U6, STM32C031C6T3, STM32C031C6T6, STM32C031C6U3, STM32C031C6U6, STM32C031F4P3, STM32C031F4P6, STM32C031F6P3, STM32C031F6P6, STM32C031G4U3, STM32C031G4U6, STM32C031G6U3, STM32C031G6U6, STM32C031K4T3, STM32C031K4T6, STM32C031K4U3, STM32C031K4U6, STM32C031K6T3, STM32C031K6T6, STM32C031K6U3, STM32C031K6U6, STM32C051C6T6, STM32C051C6U6, STM32C051C8T6, STM32C051C8U6, STM32C051D8Y6TR, STM32C051F6P6, STM32C051F8P6, STM32C051G6U6, STM32C051G8U6, STM32C051K6T6, STM32C051K6U6, STM32C051K8T6, STM32C071C8T6, STM32C071C8T6N, STM32C071C8U6, STM32C071C8U6N, STM32C071CBT6, STM32C071CBT6N, STM32C071CBU6, STM32C071CBU6N, STM32C071F8P6, STM32C071F8P6N, STM32C071FBP6, STM32C071FBP6N, STM32C071FBY6TR, STM32C071G8U6, STM32C071G8U6N, STM32C071GBU6, STM32C071GBU6N, STM32C071K8T6, STM32C071K8T6N, STM32C071K8U6, STM32C071K8U6N, STM32C071KBT6, STM32C071KBT6N, STM32C071KBU6, STM32C071KBU6N, STM32C071R8T6, STM32C071R8T6N, STM32C071RBI6N, STM32C071RBT6, STM32C071RBT6N, STM32C091CBT6, STM32C091CBU6, STM32C091CCT6, STM32C091CCU6, STM32C091ECY6TR, STM32C091FBP6, STM32C091FCP6, STM32C091GBU6, STM32C091GCU6, STM32C091KBT6, STM32C091KBU6, STM32C091KCT6, STM32C091KCU6, STM32C091RBT6, STM32C091RCI6, STM32C091RCT6, STM32C092CBT6, STM32C092CBU6, STM32C092CCT6, STM32C092CCU6, STM32C092ECY6TR, STM32C092FBP6, STM32C092FCP6, STM32C092GBU6, STM32C092GCU6, STM32C092KBT6, STM32C092KBU6, STM32C092KCT6, STM32C092KCU6, STM32C092RBT6, STM32C092RCI6, STM32C092RCT6, STM32G071K8TXN, STM32G071K8UXN, STM32G081GBU6N, STM32G081KBT6N, STM32G081KBUXN, STM32G0B1CCT6N, STM32G0B1KCT6, STM32G0B1NEY6TR, STM32G0B1RCT6N, STM32G0C1CCT6, STM32G0C1CCT6N, STM32G0C1CCU6N, STM32G0C1CET6N, STM32G0C1CEU6N, STM32G0C1KCT6, STM32G0C1NEY6TR, STM32G0C1RCI6N, STM32G0C1RCT6N, STM32G0C1REI6N, STM32G0C1RET6N, STM32G0C1VCI6, STM32G0C1VEI6, STM32G411C6T3, STM32G411C6T6, STM32G411C6U3, STM32G411C6U6, STM32G411C8T3, STM32G411C8T6, STM32G411C8U3, STM32G411C8U6, STM32G411CBT3, STM32G411CBT6, STM32G411CBU3, STM32G411CBU6, STM32G411CCT3, STM32G411CCT6, STM32G411CCU3, STM32G411CCU6, STM32G411K6T3, STM32G411K6T6, STM32G411K6U3, STM32G411K6U6, STM32G411K8T3, STM32G411K8T6, STM32G411K8U3, STM32G411K8U6, STM32G411KBT3, STM32G411KBT6, STM32G411KBU3, STM32G411KBU6, STM32G411M6T3, STM32G411M6T6, STM32G411M8T3, STM32G411M8T6, STM32G411MBT3, STM32G411MBT6, STM32G411MCT3, STM32G411MCT6, STM32G411R6T3, STM32G411R6T6, STM32G411R8T3, STM32G411R8T6, STM32G411RBT3, STM32G411RBT6, STM32G411RCT3, STM32G411RCT6, STM32G414CBT3, STM32G414CBT6, STM32G414CBU3, STM32G414CBU6, STM32G414CCT3, STM32G414CCT6, STM32G414CCU3, STM32G414CCU6, STM32G414MBT3, STM32G414MBT6, STM32G414MCT3, STM32G414MCT6, STM32G414RBT3, STM32G414RBT6, STM32G414RCT3, STM32G414RCT6, STM32G414VBT3, STM32G414VBT6, STM32G414VCT3, STM32G414VCT6, STM32G431CBT3Z, STM32G431RBT3Z, STM32G471CCT6, STM32G471CCU6, STM32G471CET3, STM32G471CET6, STM32G471CEU3, STM32G471CEU6, STM32G471MCT6, STM32G471MET3, STM32G471MET6, STM32G471MEY6TR, STM32G471QCT6, STM32G471QET3, STM32G471RCT6, STM32G471RET3, STM32G471RET6, STM32G471VCH6, STM32G471VCI6, STM32G471VCT6, STM32G471VEH3, STM32G471VEH6, STM32G471VEI3, STM32G471VEI6, STM32G471VET3, STM32G471VET6, STM32G473QET3Z, STM32G473RET3Z, STM32G474CCT6, STM32G491RET3Z, STM32H503CBT6, STM32H503CBU6, STM32H503EBY6TR, STM32H503KBU6, STM32H503RBT6, STM32H523CCT6, STM32H523CCU6, STM32H523CET6, STM32H523CEU6, STM32H523HEY6TR, STM32H523RCT6, STM32H523RET6, STM32H523VCI6, STM32H523VCT6, STM32H523VEI6, STM32H523VET6, STM32H523ZCJ6, STM32H523ZCT6, STM32H523ZEJ6, STM32H523ZET6, STM32H533CET6, STM32H533CEU6, STM32H533HEY6TR, STM32H533RET6, STM32H533VEI6, STM32H533VET6, STM32H533ZEJ6, STM32H533ZET6, STM32H562AGI6, STM32H562AII6, STM32H562IGK6, STM32H562IGT6, STM32H562IIK6, STM32H562IIT6, STM32H562RGT6, STM32H562RGV6, STM32H562RIT6, STM32H562RIV6, STM32H562VGT6, STM32H562VIT6, STM32H562ZGT6, STM32H562ZIT6, STM32H563AGI6, STM32H563AII3Q, STM32H563AII6, STM32H563IGK6, STM32H563IGT6, STM32H563IIK3Q, STM32H563IIK6, STM32H563IIT3Q, STM32H563IIT6, STM32H563MIY3QTR, STM32H563RGT6, STM32H563RGV6, STM32H563RIT6, STM32H563RIV6, STM32H563VGT6, STM32H563VIT3Q, STM32H563VIT6, STM32H563ZGT6, STM32H563ZIT3Q, STM32H563ZIT6, STM32H573AII3Q, STM32H573AII6, STM32H573I-DK, STM32H573IIK3Q, STM32H573IIK6, STM32H573IIT3Q, STM32H573IIT6, STM32H573MIY3QTR, STM32H573RIT6, STM32H573RIV6, STM32H573VIT3Q, STM32H573VIT6, STM32H573ZIT3Q, STM32H573ZIT6, STM32H7R3A8I6, STM32H7R3I8K6, STM32H7R3I8T6, STM32H7R3L8H6, STM32H7R3L8H6H, STM32H7R3R8V6, STM32H7R3V8H6, STM32H7R3V8T6, STM32H7R3V8Y6TR, STM32H7R3Z8J6, STM32H7R3Z8T6, STM32H7R7A8I6, STM32H7R7I8K6, STM32H7R7I8T6, STM32H7R7L8H6, STM32H7R7L8H6H, STM32H7R7Z8J6, STM32H7S3A8I6, STM32H7S3I8K6, STM32H7S3I8T6, STM32H7S3L8H6, STM32H7S3L8H6H, STM32H7S3R8V6, STM32H7S3V8H6, STM32H7S3V8T6, STM32H7S3V8Y6TR, STM32H7S3Z8J6, STM32H7S3Z8T6, STM32H7S78-DK, STM32H7S7A8I6, STM32H7S7I8K6, STM32H7S7I8T6, STM32H7S7L8H6, STM32H7S7L8H6H, STM32H7S7Z8J6, STM32L4R5QGI6STR, STM32MP131AAE3, STM32MP131AAF3, STM32MP131AAG3, STM32MP131CAE3, STM32MP131CAF3, STM32MP131CAG3, STM32MP131DAE7, STM32MP131DAF7, STM32MP131DAG7, STM32MP131FAE7, STM32MP131FAF7, STM32MP131FAG7, STM32MP133AAE3, STM32MP133AAF3, STM32MP133AAG3, STM32MP133CAE3, STM32MP133CAF3, STM32MP133CAG3, STM32MP133DAE7, STM32MP133DAF7, STM32MP133DAG7, STM32MP133FAE7, STM32MP133FAF7, STM32MP133FAG7, STM32MP135AAE3, STM32MP135AAF3, STM32MP135AAG3, STM32MP135CAE3, STM32MP135CAF3, STM32MP135CAG3, STM32MP135DAE7, STM32MP135DAF7, STM32MP135DAG7, STM32MP135F-DK, STM32MP135FAE7, STM32MP135FAF7, STM32MP135FAF7T, STM32MP135FAF7U, STM32MP135FAG7, STM32MP231AAJ3, STM32MP231AAK3, STM32MP231AAL3, STM32MP231CAJ3, STM32MP231CAK3, STM32MP231CAL3, STM32MP231DAJ3, STM32MP231DAK3, STM32MP231DAL3, STM32MP231FAJ3, STM32MP231FAK3, STM32MP231FAL3, STM32MP233AAJ3, STM32MP233AAK3, STM32MP233AAL3, STM32MP233CAJ3, STM32MP233CAK3, STM32MP233CAL3, STM32MP233DAJ3, STM32MP233DAK3, STM32MP233DAL3, STM32MP233FAJ3, STM32MP233FAK3, STM32MP233FAL3, STM32MP235AAJ3, STM32MP235AAK3, STM32MP235AAL3, STM32MP235CAJ3, STM32MP235CAK3, STM32MP235CAL3, STM32MP235DAJ3, STM32MP235DAK3, STM32MP235DAL3, STM32MP235FAJ3, STM32MP235FAK3, STM32MP235FAL3, STM32MP251AAI3, STM32MP251AAJ3, STM32MP251AAK3, STM32MP251AAL3, STM32MP251CAI3, STM32MP251CAJ3, STM32MP251CAK3, STM32MP251CAL3, STM32MP251DAI3, STM32MP251DAJ3, STM32MP251DAK3, STM32MP251DAL3, STM32MP251FAI3, STM32MP251FAJ3, STM32MP251FAK3, STM32MP251FAL3, STM32MP253AAI3, STM32MP253AAJ3, STM32MP253AAK3, STM32MP253AAL3, STM32MP253CAI3, STM32MP253CAJ3, STM32MP253CAK3, STM32MP253CAL3, STM32MP253DAI3, STM32MP253DAJ3, STM32MP253DAK3, STM32MP253DAL3, STM32MP253FAI3, STM32MP253FAJ3, STM32MP253FAK3, STM32MP253FAL3, STM32MP255AAI3, STM32MP255AAJ3, STM32MP255AAK3, STM32MP255AAL3, STM32MP255CAI3, STM32MP255CAJ3, STM32MP255CAK3, STM32MP255CAL3, STM32MP255DAI3, STM32MP255DAJ3, STM32MP255DAK3, STM32MP255DAL3, STM32MP255FAI3, STM32MP255FAJ3, STM32MP255FAK3, STM32MP255FAL3, STM32MP257AAI3, STM32MP257AAJ3, STM32MP257AAK3, STM32MP257AAL3, STM32MP257CAI3, STM32MP257CAJ3, STM32MP257CAK3, STM32MP257CAL3, STM32MP257DAI3, STM32MP257DAJ3, STM32MP257DAK3, STM32MP257DAL3, STM32MP257F-DK, STM32MP257F-EV1, STM32MP257FAI3, STM32MP257FAJ3, STM32MP257FAK3, STM32MP257FAL3, STM32N645A0H3Q, STM32N645B0H3Q, STM32N645I0H3Q, STM32N645L0H3Q, STM32N645X0H3Q, STM32N645Z0H3Q, STM32N647A0H3Q, STM32N647B0H3Q, STM32N647I0H3Q, STM32N647L0H3Q, STM32N647X0H3Q, STM32N647Z0H3Q, STM32N655A0H3Q, STM32N655B0H3Q, STM32N655I0H3Q, STM32N655L0H3Q, STM32N655X0H3Q, STM32N655Z0H3Q, STM32N6570-DK, STM32N657A0H3Q, STM32N657B0H3Q, STM32N657I0H3Q, STM32N657L0H3Q, STM32N657X0H3Q, STM32N657Z0H3Q, STM32U031C6T6, STM32U031C6U6, STM32U031C8T6, STM32U031C8U6, STM32U031F4P6, STM32U031F6P6, STM32U031F8P6, STM32U031G6Y6TR, STM32U031G8Y6TR, STM32U031K4U6, STM32U031K6U6, STM32U031K8U6, STM32U031R6I6, STM32U031R6T6, STM32U031R8I6, STM32U031R8T6, STM32U073C8T6, STM32U073C8U6, STM32U073CBT6, STM32U073CBU6, STM32U073CCT6, STM32U073CCU6, STM32U073H8Y6TR, STM32U073HBY6TR, STM32U073HCY6TR, STM32U073K8U6, STM32U073KBU6, STM32U073KCU6, STM32U073M8I6, STM32U073M8T6, STM32U073MBI6, STM32U073MBT6, STM32U073MCI6, STM32U073MCT6, STM32U073R8I6, STM32U073R8T6, STM32U073RBI6, STM32U073RBT6, STM32U073RCI6, STM32U073RCT6, STM32U083C-DK, STM32U083CCT6, STM32U083CCU6, STM32U083HCY6TR, STM32U083KCU6, STM32U083MCI6, STM32U083MCT6, STM32U083RCI6, STM32U083RCT6, STM32U375CET6, STM32U375CET6Q, STM32U375CEU6, STM32U375CEU6Q, STM32U375CEY6QTR, STM32U375CGT6, STM32U375CGT6Q, STM32U375CGU6, STM32U375CGU6Q, STM32U375CGY6QTR, STM32U375KEU6, STM32U375KGU6, STM32U375REI6, STM32U375REI6Q, STM32U375RET6, STM32U375RET6Q, STM32U375REY6GTR, STM32U375REY6QTR, STM32U375RGI6, STM32U375RGI6Q, STM32U375RGT6, STM32U375RGT6Q, STM32U375RGY6GTR, STM32U375RGY6QTR, STM32U375VEI6, STM32U375VEI6Q, STM32U375VET6, STM32U375VET6Q, STM32U375VGI6, STM32U375VGI6Q, STM32U375VGT6, STM32U375VGT6Q, STM32U385CGT6, STM32U385CGT6Q, STM32U385CGU6, STM32U385CGU6Q, STM32U385CGY6QTR, STM32U385KGU6, STM32U385RGI6, STM32U385RGI6Q, STM32U385RGT6, STM32U385RGT6Q, STM32U385RGY6GTR, STM32U385RGY6QTR, STM32U385VGI6, STM32U385VGI6Q, STM32U385VGT6, STM32U385VGT6Q, STM32U535CBT6, STM32U535CBT6Q, STM32U535CBU6, STM32U535CBU6Q, STM32U535CCT6, STM32U535CCT6Q, STM32U535CCU6, STM32U535CCU6Q, STM32U535CET6, STM32U535CET6Q, STM32U535CEU6, STM32U535CEU6Q, STM32U535JEY6QTR, STM32U535NCY6QTR, STM32U535NEY6QTR, STM32U535RBI6, STM32U535RBI6Q, STM32U535RBT6, STM32U535RBT6Q, STM32U535RCI6, STM32U535RCI6Q, STM32U535RCT6, STM32U535RCT6Q, STM32U535REI6, STM32U535REI6Q, STM32U535RET6, STM32U535RET6Q, STM32U535VCI6, STM32U535VCI6Q, STM32U535VCT6, STM32U535VCT6Q, STM32U535VEI6, STM32U535VEI6Q, STM32U535VET6, STM32U535VET6Q, STM32U545CET6, STM32U545CET6Q, STM32U545CEU6, STM32U545CEU6Q, STM32U545JEY6QTR, STM32U545NEY6QTR, STM32U545REI6, STM32U545REI6Q, STM32U545RET6, STM32U545RET6Q, STM32U545VEI6, STM32U545VEI6Q, STM32U545VET6, STM32U545VET6Q, STM32U595AIH6, STM32U595AIH6Q, STM32U595AJH6, STM32U595AJH6Q, STM32U595QII6, STM32U595QII6Q, STM32U595QJI6, STM32U595QJI6Q, STM32U595RIT6, STM32U595RIT6Q, STM32U595RJT6, STM32U595RJT6Q, STM32U595VIT6, STM32U595VIT6Q, STM32U595VJT6, STM32U595VJT6Q, STM32U595ZIT6, STM32U595ZIT6Q, STM32U595ZIY6QTR, STM32U595ZJT6, STM32U595ZJT6Q, STM32U595ZJY6QTR, STM32U599BJY6QTR, STM32U599NIH6Q, STM32U599NJH6Q, STM32U599VIT6Q, STM32U599VJT6, STM32U599VJT6Q, STM32U599ZIT6Q, STM32U599ZIY6QTR, STM32U599ZJT6Q, STM32U599ZJY6QTR, STM32U5A5AJH6, STM32U5A5AJH6Q, STM32U5A5QII3Q , STM32U5A5QJI6, STM32U5A5QJI6Q, STM32U5A5RJT6, STM32U5A5RJT6Q, STM32U5A5VJT6, STM32U5A5VJT6Q, STM32U5A5ZJT6, STM32U5A5ZJT6Q, STM32U5A5ZJY6QTR, STM32U5A9BJY6QTR, STM32U5A9J-DK, STM32U5A9NJH6Q, STM32U5A9VJT6Q, STM32U5A9ZJT6Q, STM32U5A9ZJY6QTR, STM32U5F7VIT6, STM32U5F7VIT6Q, STM32U5F7VJT6, STM32U5F7VJT6Q, STM32U5F9BJY6QTR, STM32U5F9NJH6Q, STM32U5F9VIT6Q, STM32U5F9VJT6Q, STM32U5F9ZIJ6QTR, STM32U5F9ZIT6Q, STM32U5F9ZJJ6QTR, STM32U5F9ZJT6Q, STM32U5G7VJT6, STM32U5G7VJT6Q, STM32U5G9BJY6QTR, STM32U5G9J-DK1, STM32U5G9J-DK2, STM32U5G9NJH6Q, STM32U5G9VJT6Q, STM32U5G9ZJJ6QTR, STM32U5G9ZJT6Q, STM32WB05KZV6TR, STM32WB05KZV7TR, STM32WB05TZF6TR, STM32WB05TZF7TR, STM32WB06CCF6TR, STM32WB06CCF7TR, STM32WB06CCV6TR, STM32WB06CCV7TR, STM32WB06KCV6TR, STM32WB06KCV7TR, STM32WB07CCF6TR, STM32WB07CCF7TR, STM32WB07CCV6TR, STM32WB07CCV7TR, STM32WB07KCV6TR, STM32WB07KCV7TR, STM32WB09KEV6TR, STM32WB09KEV7TR, STM32WB09TEF6TR, STM32WB09TEF7TR, STM32WB1MMCH6, STM32WBA50KGU6, STM32WBA50KGU6TR, STM32WBA52CEU6, STM32WBA52CEU6TR, STM32WBA52CEU7, STM32WBA52CEU7TR, STM32WBA52CGU6, STM32WBA52CGU6TR, STM32WBA52CGU6U, STM32WBA52CGU7, STM32WBA52CGU7TR, STM32WBA52KEU6, STM32WBA52KEU6TR, STM32WBA52KGU6, STM32WBA52KGU6TR, STM32WBA54CEU6, STM32WBA54CEU6TR, STM32WBA54CEU7, STM32WBA54CEU7TR, STM32WBA54CGU6, STM32WBA54CGU6TR, STM32WBA54CGU7, STM32WBA54CGU7TR, STM32WBA54KEU6, STM32WBA54KEU6TR, STM32WBA54KEU7, STM32WBA54KEU7TR, STM32WBA54KGU6, STM32WBA54KGU6TR, STM32WBA54KGU7, STM32WBA54KGU7TR, STM32WBA55CEU6, STM32WBA55CEU6TR, STM32WBA55CEU7, STM32WBA55CEU7TR, STM32WBA55CGU6, STM32WBA55CGU6TR, STM32WBA55CGU6U, STM32WBA55CGU7, STM32WBA55CGU7TR, STM32WBA55G-DK1, STM32WBA55HEF6, STM32WBA55HEF7, STM32WBA55HGF6, STM32WBA55HGF7, STM32WBA55UEI6, STM32WBA55UEI6TR, STM32WBA55UEI7, STM32WBA55UEI7TR, STM32WBA55UGI6, STM32WBA55UGI6TR, STM32WBA55UGI7, STM32WBA55UGI7TR, STM32WBA5MJGH6TR, STM32WBA5MJGH6U, STM32WL33C8V6, STM32WL33C8V6TR, STM32WL33C8V7, STM32WL33C8V7TR, STM32WL33CBV6, STM32WL33CBV6TR, STM32WL33CBV7, STM32WL33CBV7TR, STM32WL33CCV6, STM32WL33CCV6TR, STM32WL33CCV7, STM32WL33CCV7A, STM32WL33CCV7ATR, STM32WL33CCV7TR, STM32WL33K8V6, STM32WL33K8V6TR, STM32WL33K8V7, STM32WL33K8V7TR, STM32WL33KBV6, STM32WL33KBV6TR, STM32WL33KBV7, STM32WL33KBV7TR, STM32WL33KCV6, STM32WL33KCV6TR, STM32WL33KCV7, STM32WL33KCV7TR, STM32WL5MOCH6, STM32WL5MOCH6TR]
2024-12-11 08:23:04,551 [INFO] BoardInfo:889 - No configuration file found for board P-NUCLEO-WB55
2024-12-11 08:23:04,552 [INFO] DbBoards:161 - Kit is not supported: P-NUCLEO-WB55
2024-12-11 08:23:04,557 [INFO] BoardInfo:889 - No configuration file found for board STEVAL-BFA001V1B
2024-12-11 08:23:04,558 [INFO] DbBoards:161 - Kit is not supported: STEVAL-BFA001V1B
2024-12-11 08:23:04,559 [INFO] BoardInfo:889 - No configuration file found for board STEVAL-BFA001V2B
2024-12-11 08:23:04,560 [INFO] DbBoards:161 - Kit is not supported: STEVAL-BFA001V2B
2024-12-11 08:23:04,705 [INFO] DbBoards:168 - Found 209 boards, 206 are supported
2024-12-11 08:23:04,705 [INFO] DbBoards:169 - Found 209 boards, 42 of them is supported for  Bsp
2024-12-11 08:23:04,707 [INFO] ApiDb:668 - CubeFinder database Data Model version=2.1
2024-12-11 08:23:04,708 [INFO] ApiDb:669 - CubeFinder database Configuration version=3.0.39
2024-12-11 08:23:04,708 [INFO] ApiDb:670 - CubeFinder database generation date=2024-11-21 (1732182206)
2024-12-11 08:23:04,708 [INFO] ApiDb:671 - CubeFinder database FW Pack versions=[FP-ATR-ASTRA1_V2.0.0, FP-SNS-FLIGHT1_V5.0.2, FP-SNS-MOTENV1_V5.0.0, FP-SNS-MOTENVWB1_V1.4.0, FP-SNS-SMARTAG2_V1.2.0, FP-SNS-STBOX1_V2.0.0, STM32Cube_FW_C0_V1.3.0, STM32Cube_FW_F4_V1.28.1, STM32Cube_FW_F7_V1.17.2, STM32Cube_FW_G0_V1.6.2, STM32Cube_FW_G4_V1.6.1, STM32Cube_FW_H5_V1.4.0, STM32Cube_FW_H7RS_V1.1.0, STM32Cube_FW_H7_V1.12.0, STM32Cube_FW_L0_V1.12.2, STM32Cube_FW_L4_V1.18.1, STM32Cube_FW_L5_V1.5.1, STM32Cube_FW_N6_V1.0.0, STM32Cube_FW_U0_V1.2.0, STM32Cube_FW_U3_V1.0.0, STM32Cube_FW_U5_V1.7.0, STM32Cube_FW_WB0_V1.1.0, STM32Cube_FW_WBA_V1.5.0, STM32Cube_FW_WB_V1.21.0, STM32Cube_FW_WL3_V1.0.0, STM32Cube_FW_WL_V1.3.0, X-CUBE-ALGOBUILD_V1.4.0, X-CUBE-ALS_V1.0.2, X-CUBE-AZRTOS-F4_V1.1.0, X-CUBE-AZRTOS-F7_V1.1.0, X-CUBE-AZRTOS-G0_V1.1.0, X-CUBE-AZRTOS-G4_V2.0.0, X-CUBE-AZRTOS-H7RS_V1.0.0, X-CUBE-AZRTOS-H7_V3.3.0, X-CUBE-AZRTOS-L4_V2.0.0, X-CUBE-AZRTOS-L5_V2.0.0, X-CUBE-AZRTOS-WB_V2.0.0, X-CUBE-AZRTOS-WL_V2.0.0, X-CUBE-BLE1_V7.0.0, X-CUBE-BLE2_V3.3.0, X-CUBE-BLEMGR_V3.1.0, X-CUBE-EEPRMA1_V5.1.0, X-CUBE-FREERTOS_V1.2.0, X-CUBE-GNSS1_V6.0.0, X-CUBE-MEMS1_V11.0.0, X-CUBE-NFC4_V3.0.0, X-CUBE-NFC7_V1.0.1, X-CUBE-SFXS2LP1_V4.0.0, X-CUBE-SUBG2_V5.0.0, X-CUBE-TOF1_V3.4.2]
2024-12-11 08:23:05,899 [INFO] ApiDb:240 - Found 858 in-development CPN: [B-G473E-ZEST1S, B-WB1M-WPAN1, B-WBA5M-WPAN, B-WL5M-SUBG1, NUCLEO-C031C6, NUCLEO-C051C8, NUCLEO-C071RB, NUCLEO-C092RC, NUCLEO-H503RB, NUCLEO-H533RE, NUCLEO-H563ZI, NUCLEO-H7S3L8, NUCLEO-N657X0-Q, NUCLEO-U031R8, NUCLEO-U083RC, NUCLEO-U385RG-Q, NUCLEO-U545RE-Q, NUCLEO-U5A5ZJ-Q, NUCLEO-WB05KZ, NUCLEO-WB07CC, NUCLEO-WB09KE, NUCLEO-WBA52CG, NUCLEO-WBA55CG, NUCLEO-WL33CC1, NUCLEO-WL33CC2, STEVAL-PROTEUS1, STEVAL-SMARTAG2, STEVAL-STWINBX1, STM320518-EVAL, STM32C0116-DK, STM32C011D6Y3TR, STM32C011D6Y6TR, STM32C011F4P3, STM32C011F4P6, STM32C011F4U3, STM32C011F4U6TR, STM32C011F6P3, STM32C011F6P6, STM32C011F6U3, STM32C011F6U6TR, STM32C011J4M3, STM32C011J4M6, STM32C011J6M3, STM32C011J6M6, STM32C0316-DK, STM32C031C4T3, STM32C031C4T6, STM32C031C4U3, STM32C031C4U6, STM32C031C6T3, STM32C031C6T6, STM32C031C6U3, STM32C031C6U6, STM32C031F4P3, STM32C031F4P6, STM32C031F6P3, STM32C031F6P6, STM32C031G4U3, STM32C031G4U6, STM32C031G6U3, STM32C031G6U6, STM32C031K4T3, STM32C031K4T6, STM32C031K4U3, STM32C031K4U6, STM32C031K6T3, STM32C031K6T6, STM32C031K6U3, STM32C031K6U6, STM32C051C6T6, STM32C051C6U6, STM32C051C8T6, STM32C051C8U6, STM32C051D8Y6TR, STM32C051F6P6, STM32C051F8P6, STM32C051G6U6, STM32C051G8U6, STM32C051K6T6, STM32C051K6U6, STM32C051K8T6, STM32C071C8T6, STM32C071C8T6N, STM32C071C8U6, STM32C071C8U6N, STM32C071CBT6, STM32C071CBT6N, STM32C071CBU6, STM32C071CBU6N, STM32C071F8P6, STM32C071F8P6N, STM32C071FBP6, STM32C071FBP6N, STM32C071FBY6TR, STM32C071G8U6, STM32C071G8U6N, STM32C071GBU6, STM32C071GBU6N, STM32C071K8T6, STM32C071K8T6N, STM32C071K8U6, STM32C071K8U6N, STM32C071KBT6, STM32C071KBT6N, STM32C071KBU6, STM32C071KBU6N, STM32C071R8T6, STM32C071R8T6N, STM32C071RBI6N, STM32C071RBT6, STM32C071RBT6N, STM32C091CBT6, STM32C091CBU6, STM32C091CCT6, STM32C091CCU6, STM32C091ECY6TR, STM32C091FBP6, STM32C091FCP6, STM32C091GBU6, STM32C091GCU6, STM32C091KBT6, STM32C091KBU6, STM32C091KCT6, STM32C091KCU6, STM32C091RBT6, STM32C091RCI6, STM32C091RCT6, STM32C092CBT6, STM32C092CBU6, STM32C092CCT6, STM32C092CCU6, STM32C092ECY6TR, STM32C092FBP6, STM32C092FCP6, STM32C092GBU6, STM32C092GCU6, STM32C092KBT6, STM32C092KBU6, STM32C092KCT6, STM32C092KCU6, STM32C092RBT6, STM32C092RCI6, STM32C092RCT6, STM32G071K8TXN, STM32G071K8UXN, STM32G081GBU6N, STM32G081KBT6N, STM32G081KBUXN, STM32G0B1CCT6N, STM32G0B1KCT6, STM32G0B1NEY6TR, STM32G0B1RCT6N, STM32G0C1CCT6, STM32G0C1CCT6N, STM32G0C1CCU6N, STM32G0C1CET6N, STM32G0C1CEU6N, STM32G0C1KCT6, STM32G0C1NEY6TR, STM32G0C1RCI6N, STM32G0C1RCT6N, STM32G0C1REI6N, STM32G0C1RET6N, STM32G0C1VCI6, STM32G0C1VEI6, STM32G411C6T3, STM32G411C6T6, STM32G411C6U3, STM32G411C6U6, STM32G411C8T3, STM32G411C8T6, STM32G411C8U3, STM32G411C8U6, STM32G411CBT3, STM32G411CBT6, STM32G411CBU3, STM32G411CBU6, STM32G411CCT3, STM32G411CCT6, STM32G411CCU3, STM32G411CCU6, STM32G411K6T3, STM32G411K6T6, STM32G411K6U3, STM32G411K6U6, STM32G411K8T3, STM32G411K8T6, STM32G411K8U3, STM32G411K8U6, STM32G411KBT3, STM32G411KBT6, STM32G411KBU3, STM32G411KBU6, STM32G411M6T3, STM32G411M6T6, STM32G411M8T3, STM32G411M8T6, STM32G411MBT3, STM32G411MBT6, STM32G411MCT3, STM32G411MCT6, STM32G411R6T3, STM32G411R6T6, STM32G411R8T3, STM32G411R8T6, STM32G411RBT3, STM32G411RBT6, STM32G411RCT3, STM32G411RCT6, STM32G414CBT3, STM32G414CBT6, STM32G414CBU3, STM32G414CBU6, STM32G414CCT3, STM32G414CCT6, STM32G414CCU3, STM32G414CCU6, STM32G414MBT3, STM32G414MBT6, STM32G414MCT3, STM32G414MCT6, STM32G414RBT3, STM32G414RBT6, STM32G414RCT3, STM32G414RCT6, STM32G414VBT3, STM32G414VBT6, STM32G414VCT3, STM32G414VCT6, STM32G431CBT3Z, STM32G431RBT3Z, STM32G471CCT6, STM32G471CCU6, STM32G471CET3, STM32G471CET6, STM32G471CEU3, STM32G471CEU6, STM32G471MCT6, STM32G471MET3, STM32G471MET6, STM32G471MEY6TR, STM32G471QCT6, STM32G471QET3, STM32G471RCT6, STM32G471RET3, STM32G471RET6, STM32G471VCH6, STM32G471VCI6, STM32G471VCT6, STM32G471VEH3, STM32G471VEH6, STM32G471VEI3, STM32G471VEI6, STM32G471VET3, STM32G471VET6, STM32G473QET3Z, STM32G473RET3Z, STM32G474CCT6, STM32G491RET3Z, STM32H503CBT6, STM32H503CBU6, STM32H503EBY6TR, STM32H503KBU6, STM32H503RBT6, STM32H523CCT6, STM32H523CCU6, STM32H523CET6, STM32H523CEU6, STM32H523HEY6TR, STM32H523RCT6, STM32H523RET6, STM32H523VCI6, STM32H523VCT6, STM32H523VEI6, STM32H523VET6, STM32H523ZCJ6, STM32H523ZCT6, STM32H523ZEJ6, STM32H523ZET6, STM32H533CET6, STM32H533CEU6, STM32H533HEY6TR, STM32H533RET6, STM32H533VEI6, STM32H533VET6, STM32H533ZEJ6, STM32H533ZET6, STM32H562AGI6, STM32H562AII6, STM32H562IGK6, STM32H562IGT6, STM32H562IIK6, STM32H562IIT6, STM32H562RGT6, STM32H562RGV6, STM32H562RIT6, STM32H562RIV6, STM32H562VGT6, STM32H562VIT6, STM32H562ZGT6, STM32H562ZIT6, STM32H563AGI6, STM32H563AII3Q, STM32H563AII6, STM32H563IGK6, STM32H563IGT6, STM32H563IIK3Q, STM32H563IIK6, STM32H563IIT3Q, STM32H563IIT6, STM32H563MIY3QTR, STM32H563RGT6, STM32H563RGV6, STM32H563RIT6, STM32H563RIV6, STM32H563VGT6, STM32H563VIT3Q, STM32H563VIT6, STM32H563ZGT6, STM32H563ZIT3Q, STM32H563ZIT6, STM32H573AII3Q, STM32H573AII6, STM32H573I-DK, STM32H573IIK3Q, STM32H573IIK6, STM32H573IIT3Q, STM32H573IIT6, STM32H573MIY3QTR, STM32H573RIT6, STM32H573RIV6, STM32H573VIT3Q, STM32H573VIT6, STM32H573ZIT3Q, STM32H573ZIT6, STM32H7R3A8I6, STM32H7R3I8K6, STM32H7R3I8T6, STM32H7R3L8H6, STM32H7R3L8H6H, STM32H7R3R8V6, STM32H7R3V8H6, STM32H7R3V8T6, STM32H7R3V8Y6TR, STM32H7R3Z8J6, STM32H7R3Z8T6, STM32H7R7A8I6, STM32H7R7I8K6, STM32H7R7I8T6, STM32H7R7L8H6, STM32H7R7L8H6H, STM32H7R7Z8J6, STM32H7S3A8I6, STM32H7S3I8K6, STM32H7S3I8T6, STM32H7S3L8H6, STM32H7S3L8H6H, STM32H7S3R8V6, STM32H7S3V8H6, STM32H7S3V8T6, STM32H7S3V8Y6TR, STM32H7S3Z8J6, STM32H7S3Z8T6, STM32H7S78-DK, STM32H7S7A8I6, STM32H7S7I8K6, STM32H7S7I8T6, STM32H7S7L8H6, STM32H7S7L8H6H, STM32H7S7Z8J6, STM32L4R5QGI6STR, STM32MP131AAE3, STM32MP131AAF3, STM32MP131AAG3, STM32MP131CAE3, STM32MP131CAF3, STM32MP131CAG3, STM32MP131DAE7, STM32MP131DAF7, STM32MP131DAG7, STM32MP131FAE7, STM32MP131FAF7, STM32MP131FAG7, STM32MP133AAE3, STM32MP133AAF3, STM32MP133AAG3, STM32MP133CAE3, STM32MP133CAF3, STM32MP133CAG3, STM32MP133DAE7, STM32MP133DAF7, STM32MP133DAG7, STM32MP133FAE7, STM32MP133FAF7, STM32MP133FAG7, STM32MP135AAE3, STM32MP135AAF3, STM32MP135AAG3, STM32MP135CAE3, STM32MP135CAF3, STM32MP135CAG3, STM32MP135DAE7, STM32MP135DAF7, STM32MP135DAG7, STM32MP135F-DK, STM32MP135FAE7, STM32MP135FAF7, STM32MP135FAF7T, STM32MP135FAF7U, STM32MP135FAG7, STM32MP231AAJ3, STM32MP231AAK3, STM32MP231AAL3, STM32MP231CAJ3, STM32MP231CAK3, STM32MP231CAL3, STM32MP231DAJ3, STM32MP231DAK3, STM32MP231DAL3, STM32MP231FAJ3, STM32MP231FAK3, STM32MP231FAL3, STM32MP233AAJ3, STM32MP233AAK3, STM32MP233AAL3, STM32MP233CAJ3, STM32MP233CAK3, STM32MP233CAL3, STM32MP233DAJ3, STM32MP233DAK3, STM32MP233DAL3, STM32MP233FAJ3, STM32MP233FAK3, STM32MP233FAL3, STM32MP235AAJ3, STM32MP235AAK3, STM32MP235AAL3, STM32MP235CAJ3, STM32MP235CAK3, STM32MP235CAL3, STM32MP235DAJ3, STM32MP235DAK3, STM32MP235DAL3, STM32MP235FAJ3, STM32MP235FAK3, STM32MP235FAL3, STM32MP251AAI3, STM32MP251AAJ3, STM32MP251AAK3, STM32MP251AAL3, STM32MP251CAI3, STM32MP251CAJ3, STM32MP251CAK3, STM32MP251CAL3, STM32MP251DAI3, STM32MP251DAJ3, STM32MP251DAK3, STM32MP251DAL3, STM32MP251FAI3, STM32MP251FAJ3, STM32MP251FAK3, STM32MP251FAL3, STM32MP253AAI3, STM32MP253AAJ3, STM32MP253AAK3, STM32MP253AAL3, STM32MP253CAI3, STM32MP253CAJ3, STM32MP253CAK3, STM32MP253CAL3, STM32MP253DAI3, STM32MP253DAJ3, STM32MP253DAK3, STM32MP253DAL3, STM32MP253FAI3, STM32MP253FAJ3, STM32MP253FAK3, STM32MP253FAL3, STM32MP255AAI3, STM32MP255AAJ3, STM32MP255AAK3, STM32MP255AAL3, STM32MP255CAI3, STM32MP255CAJ3, STM32MP255CAK3, STM32MP255CAL3, STM32MP255DAI3, STM32MP255DAJ3, STM32MP255DAK3, STM32MP255DAL3, STM32MP255FAI3, STM32MP255FAJ3, STM32MP255FAK3, STM32MP255FAL3, STM32MP257AAI3, STM32MP257AAJ3, STM32MP257AAK3, STM32MP257AAL3, STM32MP257CAI3, STM32MP257CAJ3, STM32MP257CAK3, STM32MP257CAL3, STM32MP257DAI3, STM32MP257DAJ3, STM32MP257DAK3, STM32MP257DAL3, STM32MP257F-DK, STM32MP257F-EV1, STM32MP257FAI3, STM32MP257FAJ3, STM32MP257FAK3, STM32MP257FAL3, STM32N645A0H3Q, STM32N645B0H3Q, STM32N645I0H3Q, STM32N645L0H3Q, STM32N645X0H3Q, STM32N645Z0H3Q, STM32N647A0H3Q, STM32N647B0H3Q, STM32N647I0H3Q, STM32N647L0H3Q, STM32N647X0H3Q, STM32N647Z0H3Q, STM32N655A0H3Q, STM32N655B0H3Q, STM32N655I0H3Q, STM32N655L0H3Q, STM32N655X0H3Q, STM32N655Z0H3Q, STM32N6570-DK, STM32N657A0H3Q, STM32N657B0H3Q, STM32N657I0H3Q, STM32N657L0H3Q, STM32N657X0H3Q, STM32N657Z0H3Q, STM32U031C6T6, STM32U031C6U6, STM32U031C8T6, STM32U031C8U6, STM32U031F4P6, STM32U031F6P6, STM32U031F8P6, STM32U031G6Y6TR, STM32U031G8Y6TR, STM32U031K4U6, STM32U031K6U6, STM32U031K8U6, STM32U031R6I6, STM32U031R6T6, STM32U031R8I6, STM32U031R8T6, STM32U073C8T6, STM32U073C8U6, STM32U073CBT6, STM32U073CBU6, STM32U073CCT6, STM32U073CCU6, STM32U073H8Y6TR, STM32U073HBY6TR, STM32U073HCY6TR, STM32U073K8U6, STM32U073KBU6, STM32U073KCU6, STM32U073M8I6, STM32U073M8T6, STM32U073MBI6, STM32U073MBT6, STM32U073MCI6, STM32U073MCT6, STM32U073R8I6, STM32U073R8T6, STM32U073RBI6, STM32U073RBT6, STM32U073RCI6, STM32U073RCT6, STM32U083C-DK, STM32U083CCT6, STM32U083CCU6, STM32U083HCY6TR, STM32U083KCU6, STM32U083MCI6, STM32U083MCT6, STM32U083RCI6, STM32U083RCT6, STM32U375CET6, STM32U375CET6Q, STM32U375CEU6, STM32U375CEU6Q, STM32U375CEY6QTR, STM32U375CGT6, STM32U375CGT6Q, STM32U375CGU6, STM32U375CGU6Q, STM32U375CGY6QTR, STM32U375KEU6, STM32U375KGU6, STM32U375REI6, STM32U375REI6Q, STM32U375RET6, STM32U375RET6Q, STM32U375REY6GTR, STM32U375REY6QTR, STM32U375RGI6, STM32U375RGI6Q, STM32U375RGT6, STM32U375RGT6Q, STM32U375RGY6GTR, STM32U375RGY6QTR, STM32U375VEI6, STM32U375VEI6Q, STM32U375VET6, STM32U375VET6Q, STM32U375VGI6, STM32U375VGI6Q, STM32U375VGT6, STM32U375VGT6Q, STM32U385CGT6, STM32U385CGT6Q, STM32U385CGU6, STM32U385CGU6Q, STM32U385CGY6QTR, STM32U385KGU6, STM32U385RGI6, STM32U385RGI6Q, STM32U385RGT6, STM32U385RGT6Q, STM32U385RGY6GTR, STM32U385RGY6QTR, STM32U385VGI6, STM32U385VGI6Q, STM32U385VGT6, STM32U385VGT6Q, STM32U535CBT6, STM32U535CBT6Q, STM32U535CBU6, STM32U535CBU6Q, STM32U535CCT6, STM32U535CCT6Q, STM32U535CCU6, STM32U535CCU6Q, STM32U535CET6, STM32U535CET6Q, STM32U535CEU6, STM32U535CEU6Q, STM32U535JEY6QTR, STM32U535NCY6QTR, STM32U535NEY6QTR, STM32U535RBI6, STM32U535RBI6Q, STM32U535RBT6, STM32U535RBT6Q, STM32U535RCI6, STM32U535RCI6Q, STM32U535RCT6, STM32U535RCT6Q, STM32U535REI6, STM32U535REI6Q, STM32U535RET6, STM32U535RET6Q, STM32U535VCI6, STM32U535VCI6Q, STM32U535VCT6, STM32U535VCT6Q, STM32U535VEI6, STM32U535VEI6Q, STM32U535VET6, STM32U535VET6Q, STM32U545CET6, STM32U545CET6Q, STM32U545CEU6, STM32U545CEU6Q, STM32U545JEY6QTR, STM32U545NEY6QTR, STM32U545REI6, STM32U545REI6Q, STM32U545RET6, STM32U545RET6Q, STM32U545VEI6, STM32U545VEI6Q, STM32U545VET6, STM32U545VET6Q, STM32U595AIH6, STM32U595AIH6Q, STM32U595AJH6, STM32U595AJH6Q, STM32U595QII6, STM32U595QII6Q, STM32U595QJI6, STM32U595QJI6Q, STM32U595RIT6, STM32U595RIT6Q, STM32U595RJT6, STM32U595RJT6Q, STM32U595VIT6, STM32U595VIT6Q, STM32U595VJT6, STM32U595VJT6Q, STM32U595ZIT6, STM32U595ZIT6Q, STM32U595ZIY6QTR, STM32U595ZJT6, STM32U595ZJT6Q, STM32U595ZJY6QTR, STM32U599BJY6QTR, STM32U599NIH6Q, STM32U599NJH6Q, STM32U599VIT6Q, STM32U599VJT6, STM32U599VJT6Q, STM32U599ZIT6Q, STM32U599ZIY6QTR, STM32U599ZJT6Q, STM32U599ZJY6QTR, STM32U5A5AJH6, STM32U5A5AJH6Q, STM32U5A5QII3Q , STM32U5A5QJI6, STM32U5A5QJI6Q, STM32U5A5RJT6, STM32U5A5RJT6Q, STM32U5A5VJT6, STM32U5A5VJT6Q, STM32U5A5ZJT6, STM32U5A5ZJT6Q, STM32U5A5ZJY6QTR, STM32U5A9BJY6QTR, STM32U5A9J-DK, STM32U5A9NJH6Q, STM32U5A9VJT6Q, STM32U5A9ZJT6Q, STM32U5A9ZJY6QTR, STM32U5F7VIT6, STM32U5F7VIT6Q, STM32U5F7VJT6, STM32U5F7VJT6Q, STM32U5F9BJY6QTR, STM32U5F9NJH6Q, STM32U5F9VIT6Q, STM32U5F9VJT6Q, STM32U5F9ZIJ6QTR, STM32U5F9ZIT6Q, STM32U5F9ZJJ6QTR, STM32U5F9ZJT6Q, STM32U5G7VJT6, STM32U5G7VJT6Q, STM32U5G9BJY6QTR, STM32U5G9J-DK1, STM32U5G9J-DK2, STM32U5G9NJH6Q, STM32U5G9VJT6Q, STM32U5G9ZJJ6QTR, STM32U5G9ZJT6Q, STM32WB05KZV6TR, STM32WB05KZV7TR, STM32WB05TZF6TR, STM32WB05TZF7TR, STM32WB06CCF6TR, STM32WB06CCF7TR, STM32WB06CCV6TR, STM32WB06CCV7TR, STM32WB06KCV6TR, STM32WB06KCV7TR, STM32WB07CCF6TR, STM32WB07CCF7TR, STM32WB07CCV6TR, STM32WB07CCV7TR, STM32WB07KCV6TR, STM32WB07KCV7TR, STM32WB09KEV6TR, STM32WB09KEV7TR, STM32WB09TEF6TR, STM32WB09TEF7TR, STM32WB1MMCH6, STM32WBA50KGU6, STM32WBA50KGU6TR, STM32WBA52CEU6, STM32WBA52CEU6TR, STM32WBA52CEU7, STM32WBA52CEU7TR, STM32WBA52CGU6, STM32WBA52CGU6TR, STM32WBA52CGU6U, STM32WBA52CGU7, STM32WBA52CGU7TR, STM32WBA52KEU6, STM32WBA52KEU6TR, STM32WBA52KGU6, STM32WBA52KGU6TR, STM32WBA54CEU6, STM32WBA54CEU6TR, STM32WBA54CEU7, STM32WBA54CEU7TR, STM32WBA54CGU6, STM32WBA54CGU6TR, STM32WBA54CGU7, STM32WBA54CGU7TR, STM32WBA54KEU6, STM32WBA54KEU6TR, STM32WBA54KEU7, STM32WBA54KEU7TR, STM32WBA54KGU6, STM32WBA54KGU6TR, STM32WBA54KGU7, STM32WBA54KGU7TR, STM32WBA55CEU6, STM32WBA55CEU6TR, STM32WBA55CEU7, STM32WBA55CEU7TR, STM32WBA55CGU6, STM32WBA55CGU6TR, STM32WBA55CGU6U, STM32WBA55CGU7, STM32WBA55CGU7TR, STM32WBA55G-DK1, STM32WBA55HEF6, STM32WBA55HEF7, STM32WBA55HGF6, STM32WBA55HGF7, STM32WBA55UEI6, STM32WBA55UEI6TR, STM32WBA55UEI7, STM32WBA55UEI7TR, STM32WBA55UGI6, STM32WBA55UGI6TR, STM32WBA55UGI7, STM32WBA55UGI7TR, STM32WBA5MJGH6TR, STM32WBA5MJGH6U, STM32WL33C8V6, STM32WL33C8V6TR, STM32WL33C8V7, STM32WL33C8V7TR, STM32WL33CBV6, STM32WL33CBV6TR, STM32WL33CBV7, STM32WL33CBV7TR, STM32WL33CCV6, STM32WL33CCV6TR, STM32WL33CCV7, STM32WL33CCV7A, STM32WL33CCV7ATR, STM32WL33CCV7TR, STM32WL33K8V6, STM32WL33K8V6TR, STM32WL33K8V7, STM32WL33K8V7TR, STM32WL33KBV6, STM32WL33KBV6TR, STM32WL33KBV7, STM32WL33KBV7TR, STM32WL33KCV6, STM32WL33KCV6TR, STM32WL33KCV7, STM32WL33KCV7TR, STM32WL5MOCH6, STM32WL5MOCH6TR]
2024-12-11 08:23:05,902 [INFO] DbMcus:218 - Found 4542 MCUs, 4542 are supported
2024-12-11 08:23:05,904 [INFO] ApiDb:423 - Load user favorites file C:\Users\ZOJOLDRI/.stm32cubeide/favorites.mcus.txt: 0 item(s)
2024-12-11 08:23:05,904 [INFO] ApiDb:427 - User favorites MCUs=[]
2024-12-11 08:23:05,904 [INFO] DbMcus:224 - Set 0 / 0 favorites MCUs
2024-12-11 08:23:06,141 [INFO] ApiDb:423 - Load user favorites file C:\Users\ZOJOLDRI/.stm32cubeide/favorites.boards.txt: 1 item(s)
2024-12-11 08:23:06,142 [INFO] ApiDb:427 - User favorites Boards=[NUCLEO-L496ZG-P]
2024-12-11 08:23:06,142 [INFO] DbBoards:198 - Set 1 / 1 favorites Boards
2024-12-11 08:23:06,207 [INFO] UtilMem:75 - End LoadConfig() Used Memory: 571777056 Bytes (732954624)
2024-12-11 08:23:06,321 [WARN] ThirdParty:833 - waiting for thirdparty lock release [change project]
2024-12-11 08:23:06,321 [INFO] ThirdParty:835 - entering critical section [change project]
2024-12-11 08:23:06,321 [INFO] ThirdParty:1030 - CMSIS Pack Vendor :STMicroelectronics USBPD 4.1
2024-12-11 08:23:06,321 [INFO] ThirdParty:1030 - CMSIS Pack Vendor :STMicroelectronics X-CUBE-AZRTOS-H7 3.3.0
2024-12-11 08:23:06,321 [INFO] ThirdParty:1030 - CMSIS Pack Vendor :STMicroelectronics X-CUBE-NFC9 1.0.0
2024-12-11 08:23:06,322 [INFO] ThirdParty:1030 - CMSIS Pack Vendor :STMicroelectronics USB_HOST 2.0.0
2024-12-11 08:23:06,322 [INFO] ThirdParty:1030 - CMSIS Pack Vendor :STMicroelectronics FP-SNS-MOTENVWB1 1.4.0
2024-12-11 08:23:06,322 [INFO] ThirdParty:1030 - CMSIS Pack Vendor :STMicroelectronics X-CUBE-AZRTOS-F4 1.1.0
2024-12-11 08:23:06,322 [INFO] ThirdParty:1030 - CMSIS Pack Vendor :STMicroelectronics LIBJPEG 8.0.0
2024-12-11 08:23:06,322 [INFO] ThirdParty:1030 - CMSIS Pack Vendor :STMicroelectronics FP-ATR-ASTRA1 2.0.1
2024-12-11 08:23:06,322 [INFO] ThirdParty:1030 - CMSIS Pack Vendor :STMicroelectronics X-CUBE-SMBUS 2.1.0
2024-12-11 08:23:06,322 [INFO] ThirdParty:1030 - CMSIS Pack Vendor :STMicroelectronics X-CUBE-WB05N 1.1.0
2024-12-11 08:23:06,322 [INFO] ThirdParty:1030 - CMSIS Pack Vendor :STMicroelectronics USB_DEVICE 3.0.0
2024-12-11 08:23:06,322 [INFO] ThirdParty:1030 - CMSIS Pack Vendor :STMicroelectronics X-CUBE-TCPP 4.1.0
2024-12-11 08:23:06,322 [INFO] ThirdParty:1030 - CMSIS Pack Vendor :STMicroelectronics X-CUBE-ISPU 2.1.0
2024-12-11 08:23:06,322 [INFO] ThirdParty:1030 - CMSIS Pack Vendor :STMicroelectronics X-CUBE-FREERTOS 1.2.0
2024-12-11 08:23:06,322 [INFO] ThirdParty:1030 - CMSIS Pack Vendor :STMicroelectronics X-CUBE-IPS 3.0.0
2024-12-11 08:23:06,322 [INFO] ThirdParty:1030 - CMSIS Pack Vendor :STMicroelectronics X-CUBE-AZRTOS-WB 2.0.0
2024-12-11 08:23:06,322 [INFO] ThirdParty:1030 - CMSIS Pack Vendor :STMicroelectronics X-CUBE-GNSS1 7.0.0
2024-12-11 08:23:06,322 [INFO] ThirdParty:1030 - CMSIS Pack Vendor :STMicroelectronics X-CUBE-AZRTOS-F7 1.1.0
2024-12-11 08:23:06,322 [INFO] ThirdParty:1030 - CMSIS Pack Vendor :STMicroelectronics X-CUBE-AZRTOS-L5 2.0.0
2024-12-11 08:23:06,322 [INFO] ThirdParty:1030 - CMSIS Pack Vendor :STMicroelectronics USB_DEVICE 2.0.0
2024-12-11 08:23:06,322 [INFO] ThirdParty:1030 - CMSIS Pack Vendor :STMicroelectronics X-CUBE-NFC6 3.1.0
2024-12-11 08:23:06,322 [INFO] ThirdParty:1030 - CMSIS Pack Vendor :STMicroelectronics FP-SNS-STBOX1 2.0.0
2024-12-11 08:23:06,322 [INFO] ThirdParty:1030 - CMSIS Pack Vendor :STMicroelectronics X-CUBE-MEMS1 11.0.0
2024-12-11 08:23:06,322 [INFO] ThirdParty:1030 - CMSIS Pack Vendor :STMicroelectronics FreeRTOS 0.0.1
2024-12-11 08:23:06,322 [INFO] ThirdParty:1030 - CMSIS Pack Vendor :STMicroelectronics X-CUBE-AZRTOS-G0 1.1.0
2024-12-11 08:23:06,322 [INFO] ThirdParty:1030 - CMSIS Pack Vendor :STMicroelectronics X-CUBE-SAFEA1 1.2.2
2024-12-11 08:23:06,322 [INFO] ThirdParty:1030 - CMSIS Pack Vendor :STMicroelectronics X-CUBE-NFC4 3.0.0
2024-12-11 08:23:06,322 [INFO] ThirdParty:1030 - CMSIS Pack Vendor :STMicroelectronics X-CUBE-DPower 1.2.0
2024-12-11 08:23:06,322 [INFO] ThirdParty:1030 - CMSIS Pack Vendor :STMicroelectronics X-CUBE-SUBG2 5.0.0
2024-12-11 08:23:06,322 [INFO] ThirdParty:1030 - CMSIS Pack Vendor :STMicroelectronics STM32_WPAN 1.0.0
2024-12-11 08:23:06,322 [INFO] ThirdParty:1030 - CMSIS Pack Vendor :EmbeddedOffice I-CUBE-FS-RTOS 1.0.1
2024-12-11 08:23:06,322 [INFO] ThirdParty:1030 - CMSIS Pack Vendor :STMicroelectronics lwIP 2.0.3
2024-12-11 08:23:06,322 [INFO] ThirdParty:1030 - CMSIS Pack Vendor :STMicroelectronics FP-SNS-FLIGHT1 5.0.2
2024-12-11 08:23:06,322 [INFO] ThirdParty:1030 - CMSIS Pack Vendor :Cesanta I-CUBE-Mongoose 7.13.0
2024-12-11 08:23:06,322 [INFO] ThirdParty:1030 - CMSIS Pack Vendor :STMicroelectronics USB_HOST 1.0.0
2024-12-11 08:23:06,322 [INFO] ThirdParty:1030 - CMSIS Pack Vendor :Infineon AIROC-Wi-Fi-Bluetooth-STM32 1.7.0
2024-12-11 08:23:06,322 [INFO] ThirdParty:1030 - CMSIS Pack Vendor :STMicroelectronics X-CUBE-AZRTOS-G4 2.0.0
2024-12-11 08:23:06,322 [INFO] ThirdParty:1030 - CMSIS Pack Vendor :STMicroelectronics PDM2PCM 3.1.0
2024-12-11 08:23:06,322 [INFO] ThirdParty:1030 - CMSIS Pack Vendor :STMicroelectronics PDM2PCM 3.3.0
2024-12-11 08:23:06,322 [INFO] ThirdParty:1030 - CMSIS Pack Vendor :STMicroelectronics X-CUBE-DISPLAY 3.0.0
2024-12-11 08:23:06,322 [INFO] ThirdParty:1030 - CMSIS Pack Vendor :RealThread X-CUBE-RT-Thread_Nano 4.1.1
2024-12-11 08:23:06,322 [INFO] ThirdParty:1030 - CMSIS Pack Vendor :STMicroelectronics X-CUBE-BLE1 7.0.0
2024-12-11 08:23:06,322 [INFO] ThirdParty:1030 - CMSIS Pack Vendor :STMicroelectronics FP-ATR-SIGFOX1 3.2.0
2024-12-11 08:23:06,322 [INFO] ThirdParty:1030 - CMSIS Pack Vendor :STMicroelectronics X-CUBE-NFC10 1.0.0
2024-12-11 08:23:06,323 [INFO] ThirdParty:1030 - CMSIS Pack Vendor :quantropi X-CUBE-qispace-sdk-base 1.9.3
2024-12-11 08:23:06,323 [INFO] ThirdParty:1030 - CMSIS Pack Vendor :STMicroelectronics X-CUBE-BLEMGR 4.0.0
2024-12-11 08:23:06,323 [INFO] ThirdParty:1030 - CMSIS Pack Vendor :STMicroelectronics X-CUBE-EEPRMA1 5.1.0
2024-12-11 08:23:06,323 [INFO] ThirdParty:1030 - CMSIS Pack Vendor :STMicroelectronics HAL Drivers 0.0.0
2024-12-11 08:23:06,323 [INFO] ThirdParty:1030 - CMSIS Pack Vendor :STMicroelectronics MBEDTLS 2.16.2
2024-12-11 08:23:06,323 [INFO] ThirdParty:1030 - CMSIS Pack Vendor :STMicroelectronics X-CUBE-ALS 1.0.2
2024-12-11 08:23:06,323 [INFO] ThirdParty:1030 - CMSIS Pack Vendor :emotas I-CUBE-CANOPEN 1.3.0
2024-12-11 08:23:06,323 [INFO] ThirdParty:1030 - CMSIS Pack Vendor :STMicroelectronics X-CUBE-FREERTOS 1.3.0
2024-12-11 08:23:06,323 [INFO] ThirdParty:1030 - CMSIS Pack Vendor :wolfSSL I-CUBE-wolfSSL 5.7.4
2024-12-11 08:23:06,323 [INFO] ThirdParty:1030 - CMSIS Pack Vendor :STMicroelectronics X-CUBE-NFC7 1.0.1
2024-12-11 08:23:06,323 [INFO] ThirdParty:1030 - CMSIS Pack Vendor :STMicroelectronics MBEDTLS 2.14.1
2024-12-11 08:23:06,323 [INFO] ThirdParty:1030 - CMSIS Pack Vendor :ITTIA_DB I-CUBE-ITTIADB 8.9.0
2024-12-11 08:23:06,323 [INFO] ThirdParty:1030 - CMSIS Pack Vendor :STMicroelectronics X-CUBE-TOUCHGFX 4.24.1
2024-12-11 08:23:06,323 [INFO] ThirdParty:1030 - CMSIS Pack Vendor :wolfSSL I-CUBE-wolfTPM 3.4.0
2024-12-11 08:23:06,323 [INFO] ThirdParty:1030 - CMSIS Pack Vendor :portGmbH I-Cube-SoM-uGOAL 1.1.0
2024-12-11 08:23:06,323 [INFO] ThirdParty:1030 - CMSIS Pack Vendor :STMicroelectronics X-CUBE-BLEMGR 3.1.0
2024-12-11 08:23:06,323 [INFO] ThirdParty:1030 - CMSIS Pack Vendor :STMicroelectronics ThreadX 1.0.0
2024-12-11 08:23:06,323 [INFO] ThirdParty:1030 - CMSIS Pack Vendor :STMicroelectronics FP-SNS-SMARTAG2 1.2.0
2024-12-11 08:23:06,323 [INFO] ThirdParty:1030 - CMSIS Pack Vendor :STMicroelectronics X-CUBE-AZRTOS-WL 2.0.0
2024-12-11 08:23:06,323 [INFO] ThirdParty:1030 - CMSIS Pack Vendor :SEGGER I-CUBE-embOS 1.3.1
2024-12-11 08:23:06,323 [INFO] ThirdParty:1030 - CMSIS Pack Vendor :STMicroelectronics X-CUBE-ALGOBUILD 1.4.0
2024-12-11 08:23:06,323 [INFO] ThirdParty:1030 - CMSIS Pack Vendor :STMicroelectronics FP-SNS-MOTENV1 5.0.0
2024-12-11 08:23:06,323 [INFO] ThirdParty:1030 - CMSIS Pack Vendor :STMicroelectronics USB_DEVICE 1.0.0
2024-12-11 08:23:06,323 [INFO] ThirdParty:1030 - CMSIS Pack Vendor :STMicroelectronics X-CUBE-AZRTOS-H7RS 1.0.0
2024-12-11 08:23:06,323 [INFO] ThirdParty:1030 - CMSIS Pack Vendor :wolfSSL I-CUBE-wolfMQTT 1.19.0
2024-12-11 08:23:06,323 [INFO] ThirdParty:1030 - CMSIS Pack Vendor :STMicroelectronics X-CUBE-AZRTOS-L4 2.0.0
2024-12-11 08:23:06,323 [INFO] ThirdParty:1030 - CMSIS Pack Vendor :STMicroelectronics ThreadX 0.0.2
2024-12-11 08:23:06,323 [INFO] ThirdParty:1030 - CMSIS Pack Vendor :WES I-CUBE-Cesium 1.3.0
2024-12-11 08:23:06,323 [INFO] ThirdParty:1030 - CMSIS Pack Vendor :STMicroelectronics lwIP 2.1.2
2024-12-11 08:23:06,323 [INFO] ThirdParty:1030 - CMSIS Pack Vendor :STMicroelectronics X-CUBE-SFXS2LP1 4.0.0
2024-12-11 08:23:06,323 [INFO] ThirdParty:1030 - CMSIS Pack Vendor :STMicroelectronics X-CUBE-BLE2 3.3.0
2024-12-11 08:23:06,323 [INFO] ThirdParty:1030 - CMSIS Pack Vendor :STMicroelectronics X-CUBE-TOF1 3.4.2
2024-12-11 08:23:06,323 [INFO] ThirdParty:1030 - CMSIS Pack Vendor :STMicroelectronics X-CUBE-AI 9.1.0
2024-12-11 08:23:06,323 [INFO] ThirdParty:1030 - CMSIS Pack Vendor :STMicroelectronics PDM2PCM 3.2.0
2024-12-11 08:23:06,323 [INFO] ThirdParty:1030 - CMSIS Pack Vendor :wolfSSL I-CUBE-wolfSSH 1.4.17
2024-12-11 08:23:06,324 [INFO] ThirdParty:841 - exiting critical section [change project]
2024-12-11 08:23:06,786 [INFO] PinOutPanel:1589 - setPackage(No Configuration,No Configuration)
2024-12-11 08:23:06,788 [INFO] PinOutPanel:1589 - setPackage(STM32L496ZGTxP,LQFP144)
2024-12-11 08:23:07,406 [INFO] UtilMem:75 - Before build in PCC Used Memory: 704244336 Bytes (879755264)
2024-12-11 08:23:08,420 [INFO] UtilMem:75 - After build in PCC Used Memory: 579864576 Bytes (879755264)
2024-12-11 08:23:08,452 [INFO] IPUIPlugin:80 - create IPUIPlugin
2024-12-11 08:23:08,452 [INFO] IPUIPlugin:80 - create IPUIPlugin
2024-12-11 08:23:08,452 [INFO] IPUIPlugin:80 - create IPUIPlugin
2024-12-11 08:23:08,452 [INFO] IPUIPlugin:80 - create IPUIPlugin
2024-12-11 08:23:08,452 [INFO] IPUIPlugin:80 - create IPUIPlugin
2024-12-11 08:23:08,452 [INFO] IPUIPlugin:80 - create IPUIPlugin
2024-12-11 08:23:08,452 [INFO] IPUIPlugin:80 - create IPUIPlugin
2024-12-11 08:23:08,452 [INFO] IPUIPlugin:80 - create IPUIPlugin
2024-12-11 08:23:08,453 [INFO] IPUIPlugin:80 - create IPUIPlugin
2024-12-11 08:23:08,453 [INFO] IPUIPlugin:80 - create IPUIPlugin
2024-12-11 08:23:08,453 [INFO] IPUIPlugin:80 - create IPUIPlugin
2024-12-11 08:23:08,453 [INFO] IPUIPlugin:80 - create IPUIPlugin
2024-12-11 08:23:08,453 [INFO] IPUIPlugin:80 - create IPUIPlugin
2024-12-11 08:23:08,453 [INFO] IPUIPlugin:80 - create IPUIPlugin
2024-12-11 08:23:08,453 [INFO] IPUIPlugin:80 - create IPUIPlugin
2024-12-11 08:23:08,453 [INFO] IPUIPlugin:80 - create IPUIPlugin
2024-12-11 08:23:08,453 [INFO] IPUIPlugin:80 - create IPUIPlugin
2024-12-11 08:23:08,453 [INFO] IPUIPlugin:80 - create IPUIPlugin
2024-12-11 08:23:08,453 [INFO] IPUIPlugin:80 - create IPUIPlugin
2024-12-11 08:23:08,453 [INFO] IPUIPlugin:80 - create IPUIPlugin
2024-12-11 08:23:08,453 [INFO] IPUIPlugin:80 - create IPUIPlugin
2024-12-11 08:23:08,453 [INFO] IPUIPlugin:80 - create IPUIPlugin
2024-12-11 08:23:08,453 [INFO] IPUIPlugin:80 - create IPUIPlugin
2024-12-11 08:23:08,453 [INFO] IPUIPlugin:80 - create IPUIPlugin
2024-12-11 08:23:08,453 [INFO] IPUIPlugin:80 - create IPUIPlugin
2024-12-11 08:23:08,454 [INFO] IPUIPlugin:80 - create IPUIPlugin
2024-12-11 08:23:08,454 [INFO] IPUIPlugin:80 - create IPUIPlugin
2024-12-11 08:23:08,454 [INFO] IPUIPlugin:80 - create IPUIPlugin
2024-12-11 08:23:08,454 [INFO] IPUIPlugin:80 - create IPUIPlugin
2024-12-11 08:23:08,454 [INFO] IPUIPlugin:80 - create IPUIPlugin
2024-12-11 08:23:08,454 [INFO] IPUIPlugin:80 - create IPUIPlugin
2024-12-11 08:23:08,454 [INFO] IPUIPlugin:80 - create IPUIPlugin
2024-12-11 08:23:08,454 [INFO] IPUIPlugin:80 - create IPUIPlugin
2024-12-11 08:23:08,454 [INFO] IPUIPlugin:80 - create IPUIPlugin
2024-12-11 08:23:08,455 [INFO] IPUIPlugin:80 - create IPUIPlugin
2024-12-11 08:23:08,455 [INFO] IPUIPlugin:80 - create IPUIPlugin
2024-12-11 08:23:08,455 [INFO] IPUIPlugin:80 - create IPUIPlugin
2024-12-11 08:23:08,455 [INFO] IPUIPlugin:80 - create IPUIPlugin
2024-12-11 08:23:08,455 [INFO] IPUIPlugin:80 - create IPUIPlugin
2024-12-11 08:23:08,455 [INFO] IPUIPlugin:80 - create IPUIPlugin
2024-12-11 08:23:08,455 [INFO] IPUIPlugin:80 - create IPUIPlugin
2024-12-11 08:23:08,455 [INFO] IPUIPlugin:80 - create IPUIPlugin
2024-12-11 08:23:08,456 [INFO] IPUIPlugin:80 - create IPUIPlugin
2024-12-11 08:23:08,456 [INFO] IPUIPlugin:80 - create IPUIPlugin
2024-12-11 08:23:08,456 [INFO] IPUIPlugin:80 - create IPUIPlugin
2024-12-11 08:23:08,456 [INFO] IPUIPlugin:80 - create IPUIPlugin
2024-12-11 08:23:08,456 [INFO] IPUIPlugin:80 - create IPUIPlugin
2024-12-11 08:23:08,456 [INFO] IPUIPlugin:80 - create IPUIPlugin
2024-12-11 08:23:08,456 [INFO] IPUIPlugin:80 - create IPUIPlugin
2024-12-11 08:23:08,456 [INFO] IPUIPlugin:80 - create IPUIPlugin
2024-12-11 08:23:08,456 [INFO] IPUIPlugin:80 - create IPUIPlugin
2024-12-11 08:23:08,458 [INFO] IPUIPlugin:80 - create IPUIPlugin
2024-12-11 08:23:08,458 [INFO] IPUIPlugin:80 - create IPUIPlugin
2024-12-11 08:23:08,458 [INFO] IPUIPlugin:80 - create IPUIPlugin
2024-12-11 08:23:08,458 [INFO] IPUIPlugin:80 - create IPUIPlugin
2024-12-11 08:23:08,458 [INFO] IPUIPlugin:80 - create IPUIPlugin
2024-12-11 08:23:08,458 [INFO] IPUIPlugin:80 - create IPUIPlugin
2024-12-11 08:23:08,458 [INFO] IPUIPlugin:80 - create IPUIPlugin
2024-12-11 08:23:08,458 [INFO] IPUIPlugin:80 - create IPUIPlugin
2024-12-11 08:23:08,458 [INFO] IPUIPlugin:80 - create IPUIPlugin
2024-12-11 08:23:08,458 [INFO] IPUIPlugin:80 - create IPUIPlugin
2024-12-11 08:23:08,458 [INFO] IPUIPlugin:80 - create IPUIPlugin
2024-12-11 08:23:08,458 [INFO] IPUIPlugin:80 - create IPUIPlugin
2024-12-11 08:23:08,460 [INFO] IPUIPlugin:80 - create IPUIPlugin
2024-12-11 08:23:08,460 [INFO] IPUIPlugin:80 - create IPUIPlugin
2024-12-11 08:23:08,783 [INFO] CADModel:165 - CPN selected for project levelSTM32L496ZGT6P
2024-12-11 08:23:08,783 [INFO] CADModel:114 - Register for checkConnection events
2024-12-11 08:23:08,836 [INFO] OpenFileManager:363 - Restore cursor
2024-12-11 08:23:21,270 [INFO] UtilMem:75 - End SaveConfig() Used Memory: 938228416 Bytes (1073741824)
2024-12-11 08:23:21,977 [INFO] BlockDiagram:2766 - set Specific Code input for plugin: SPI
2024-12-11 08:23:21,977 [INFO] BlockDiagram:2766 - set Specific Code input for plugin: SYS
2024-12-11 08:23:21,977 [INFO] BlockDiagram:2766 - set Specific Code input for plugin: RCC
2024-12-11 08:23:21,977 [INFO] BlockDiagram:2766 - set Specific Code input for plugin: NVIC
2024-12-11 08:23:21,977 [INFO] BlockDiagram:2766 - set Specific Code input for plugin: USART
2024-12-11 08:23:21,977 [INFO] BlockDiagram:2766 - set Specific Code input for plugin: DMA
2024-12-11 08:23:21,977 [INFO] BlockDiagram:2766 - set Specific Code input for plugin: GPIO
2024-12-11 08:23:21,979 [INFO] CodeGenerator:896 - code generatio: config db path: C:\ST\STM32CubeIDE_1.17.0\STM32CubeIDE\plugins\com.st.stm32cube.common.mx_6.13.0.202411220809\\db\
2024-12-11 08:23:22,245 [INFO] CodeEngine:255 - oldGeneratedFile, C:\Users\ZOJOLDRI\STM32CubeIDE\workspace_InProgress\ADIN1110\MXTmpFiles\license.tmp_save
2024-12-11 08:23:22,955 [INFO] CodeEngine:279 - Generated code: C:\Users\ZOJOLDRI\STM32CubeIDE\workspace_InProgress\ADIN1110\MXTmpFiles\license.tmp
2024-12-11 08:23:23,299 [INFO] CodeEngine:255 - oldGeneratedFile, C:\Users\ZOJOLDRI\STM32CubeIDE\workspace_InProgress\ADIN1110\Core\Src\gpio.c_save
2024-12-11 08:23:23,467 [INFO] CodeEngine:279 - Generated code: C:\Users\ZOJOLDRI\STM32CubeIDE\workspace_InProgress\ADIN1110\Core\Src\gpio.c
2024-12-11 08:23:23,490 [INFO] CodeEngine:255 - oldGeneratedFile, C:\Users\ZOJOLDRI\STM32CubeIDE\workspace_InProgress\ADIN1110\Core\Inc\gpio.h_save
2024-12-11 08:23:23,589 [INFO] CodeEngine:279 - Generated code: C:\Users\ZOJOLDRI\STM32CubeIDE\workspace_InProgress\ADIN1110\Core\Inc\gpio.h
2024-12-11 08:23:24,022 [INFO] CodeEngine:255 - oldGeneratedFile, C:\Users\ZOJOLDRI\STM32CubeIDE\workspace_InProgress\ADIN1110\Core\Src\dma.c_save
2024-12-11 08:23:24,100 [INFO] CodeEngine:279 - Generated code: C:\Users\ZOJOLDRI\STM32CubeIDE\workspace_InProgress\ADIN1110\Core\Src\dma.c
2024-12-11 08:23:24,121 [INFO] CodeEngine:255 - oldGeneratedFile, C:\Users\ZOJOLDRI\STM32CubeIDE\workspace_InProgress\ADIN1110\Core\Inc\dma.h_save
2024-12-11 08:23:24,198 [INFO] CodeEngine:279 - Generated code: C:\Users\ZOJOLDRI\STM32CubeIDE\workspace_InProgress\ADIN1110\Core\Inc\dma.h
2024-12-11 08:23:24,226 [INFO] CodeEngine:255 - oldGeneratedFile, C:\Users\ZOJOLDRI\STM32CubeIDE\workspace_InProgress\ADIN1110\Core\Src\spi.c_save
2024-12-11 08:23:24,393 [INFO] CodeEngine:279 - Generated code: C:\Users\ZOJOLDRI\STM32CubeIDE\workspace_InProgress\ADIN1110\Core\Src\spi.c
2024-12-11 08:23:24,418 [INFO] CodeEngine:255 - oldGeneratedFile, C:\Users\ZOJOLDRI\STM32CubeIDE\workspace_InProgress\ADIN1110\Core\Inc\spi.h_save
2024-12-11 08:23:24,519 [INFO] CodeEngine:279 - Generated code: C:\Users\ZOJOLDRI\STM32CubeIDE\workspace_InProgress\ADIN1110\Core\Inc\spi.h
2024-12-11 08:23:24,538 [INFO] CodeEngine:255 - oldGeneratedFile, C:\Users\ZOJOLDRI\STM32CubeIDE\workspace_InProgress\ADIN1110\Core\Src\usart.c_save
2024-12-11 08:23:24,658 [INFO] CodeEngine:279 - Generated code: C:\Users\ZOJOLDRI\STM32CubeIDE\workspace_InProgress\ADIN1110\Core\Src\usart.c
2024-12-11 08:23:24,663 [INFO] CodeEngine:255 - oldGeneratedFile, C:\Users\ZOJOLDRI\STM32CubeIDE\workspace_InProgress\ADIN1110\Core\Inc\usart.h_save
2024-12-11 08:23:24,758 [INFO] CodeEngine:279 - Generated code: C:\Users\ZOJOLDRI\STM32CubeIDE\workspace_InProgress\ADIN1110\Core\Inc\usart.h
2024-12-11 08:23:24,790 [INFO] CodeEngine:255 - oldGeneratedFile, C:\Users\ZOJOLDRI\STM32CubeIDE\workspace_InProgress\ADIN1110\Core\Src\stm32l4xx_it.c_save
2024-12-11 08:23:24,949 [INFO] CodeEngine:279 - Generated code: C:\Users\ZOJOLDRI\STM32CubeIDE\workspace_InProgress\ADIN1110\Core\Src\stm32l4xx_it.c
2024-12-11 08:23:24,977 [INFO] CodeEngine:255 - oldGeneratedFile, C:\Users\ZOJOLDRI\STM32CubeIDE\workspace_InProgress\ADIN1110\Core\Inc\stm32l4xx_it.h_save
2024-12-11 08:23:25,106 [INFO] CodeEngine:279 - Generated code: C:\Users\ZOJOLDRI\STM32CubeIDE\workspace_InProgress\ADIN1110\Core\Inc\stm32l4xx_it.h
2024-12-11 08:23:25,159 [INFO] CodeEngine:255 - oldGeneratedFile, C:\Users\ZOJOLDRI\STM32CubeIDE\workspace_InProgress\ADIN1110\Core\Src\stm32l4xx_hal_msp.c_save
2024-12-11 08:23:25,259 [INFO] CodeEngine:279 - Generated code: C:\Users\ZOJOLDRI\STM32CubeIDE\workspace_InProgress\ADIN1110\Core\Src\stm32l4xx_hal_msp.c
2024-12-11 08:23:25,274 [INFO] CodeEngine:255 - oldGeneratedFile, C:\Users\ZOJOLDRI\STM32CubeIDE\workspace_InProgress\ADIN1110\MXTmpFiles\system.tmp_save
2024-12-11 08:23:25,323 [INFO] CodeEngine:279 - Generated code: C:\Users\ZOJOLDRI\STM32CubeIDE\workspace_InProgress\ADIN1110\MXTmpFiles\system.tmp
2024-12-11 08:23:25,349 [INFO] CodeEngine:311 - oldGeneratedFile, C:\Users\ZOJOLDRI\STM32CubeIDE\workspace_InProgress\ADIN1110\Core\Inc\stm32l4xx_hal_conf.h_save
2024-12-11 08:23:25,432 [INFO] CodeEngine:335 - Generated code: C:\Users\ZOJOLDRI\STM32CubeIDE\workspace_InProgress\ADIN1110\Core\Inc\stm32l4xx_hal_conf.h
2024-12-11 08:23:25,478 [INFO] ApiDbMcu:508 - Load IP Config File for SPI1
2024-12-11 08:23:25,489 [INFO] ApiDbMcu:508 - Load IP Config File for USART3
2024-12-11 08:23:25,493 [INFO] ApiDbMcu:508 - Load IP Config File for RCC
2024-12-11 08:23:25,525 [INFO] CodeEngine:255 - oldGeneratedFile, C:\Users\ZOJOLDRI\STM32CubeIDE\workspace_InProgress\ADIN1110\Core\Inc\main.h_save
2024-12-11 08:23:25,629 [INFO] CodeEngine:279 - Generated code: C:\Users\ZOJOLDRI\STM32CubeIDE\workspace_InProgress\ADIN1110\Core\Inc\main.h
2024-12-11 08:23:25,654 [INFO] CodeEngine:255 - oldGeneratedFile, C:\Users\ZOJOLDRI\STM32CubeIDE\workspace_InProgress\ADIN1110\Core\Src\main.c_save
2024-12-11 08:23:25,788 [INFO] CodeEngine:279 - Generated code: C:\Users\ZOJOLDRI\STM32CubeIDE\workspace_InProgress\ADIN1110\Core\Src\main.c
2024-12-11 08:23:26,111 [INFO] ProjectBuilder:3289 - Time for Copy HAL[1] : 186mS.
2024-12-11 08:23:26,116 [INFO] ProjectBuilder:4876 - Project Generator version: 4.5.0-RC5
2024-12-11 08:23:26,194 [INFO] ConfigFileManager:1579 - The Die is : DIE461
2024-12-11 08:23:26,261 [INFO] ApiDbMcu:508 - Load IP Config File for FATFS
2024-12-11 08:23:26,274 [INFO] ApiDbMcu:508 - Load IP Config File for FREERTOS
2024-12-11 08:23:26,290 [INFO] ApiDbMcu:508 - Load IP Config File for TOUCHSENSING
2024-12-11 08:23:26,305 [INFO] ApiDbMcu:508 - Load IP Config File for USB_DEVICE
2024-12-11 08:23:26,315 [INFO] ApiDbMcu:508 - Load IP Config File for USB_HOST
2024-12-11 08:23:26,926 [INFO] LogOutputStream:77 - [STDOUT_REDIRECT] 
2024-12-11 08:23:28,847 [INFO] ProjectBuilder:5154 - Time for Generating toolchain IDE Files: 2731mS.
2024-12-11 08:23:28,848 [INFO] ProjectBuilder:3146 - Time for Copy CMSIS : 1mS.
2024-12-11 08:23:28,851 [INFO] ProjectBuilder:3146 - Time for Copy CMSIS : 0mS.
2024-12-11 08:24:48,046 [INFO] WebApp:190 - Connection lost
2024-12-11 08:24:48,250 [INFO] WebApp:187 - Connection restablished
2024-12-11 08:31:12,932 [INFO] WebApp:190 - Connection lost
2024-12-11 08:31:17,459 [INFO] WebApp:187 - Connection restablished
2024-12-11 08:31:23,679 [INFO] WebApp:190 - Connection lost
2024-12-11 08:31:23,810 [INFO] WebApp:187 - Connection restablished
2024-12-11 09:54:47,637 [INFO] WebApp:190 - Connection lost
2024-12-11 09:54:47,787 [INFO] WebApp:187 - Connection restablished
2024-12-11 09:55:19,729 [INFO] WebApp:190 - Connection lost
2024-12-11 09:55:19,886 [INFO] WebApp:187 - Connection restablished
2024-12-11 10:24:29,520 [INFO] WebApp:190 - Connection lost
2024-12-11 10:37:20,481 [INFO] WebApp:187 - Connection restablished
2024-12-11 10:39:23,012 [INFO] WebApp:190 - Connection lost
2024-12-11 10:39:23,167 [INFO] WebApp:187 - Connection restablished
2024-12-11 10:39:26,054 [INFO] WebApp:190 - Connection lost
2024-12-11 11:08:28,642 [INFO] Gpio:277 - dependency for GPIO [SPI1, USART3]
2024-12-11 11:12:05,750 [INFO] Gpio:277 - dependency for GPIO [SPI1, USART3]
2024-12-11 11:12:05,846 [INFO] NvicIntPanel:101 - NVIC parent = com.st.microxplorer.plugins.ip.nvic.MultiNvicIntPanel[,0,0,0x0,invalid,layout=javax.swing.BoxLayout,alignmentX=0.0,alignmentY=0.0,border=,flags=9,maximumSize=,minimumSize=,preferredSize=]
2024-12-11 11:12:15,712 [INFO] Gpio:277 - dependency for GPIO [SPI1, USART3]
2024-12-11 11:12:15,799 [INFO] NvicIntPanel:101 - NVIC parent = com.st.microxplorer.plugins.ip.nvic.MultiNvicIntPanel[,0,0,0x0,invalid,layout=javax.swing.BoxLayout,alignmentX=0.0,alignmentY=0.0,border=,flags=9,maximumSize=,minimumSize=,preferredSize=]
2024-12-11 11:12:54,762 [INFO] UtilMem:75 - End SaveConfig() Used Memory: 345801936 Bytes (870318080)
2024-12-11 11:12:54,890 [ERROR] ConfigurationRetriever:142 - IOException on connection: sw-center.st.com
2024-12-11 11:12:54,891 [ERROR] ConfigurationRetriever:142 - IOException on connection: sw-center.st.com
2024-12-11 11:12:54,891 [ERROR] ConfigurationRetriever:142 - IOException on connection: sw-center.st.com
2024-12-11 11:12:55,909 [INFO] UtilMem:75 - End SaveConfig() Used Memory: 275587608 Bytes (870318080)
2024-12-11 11:12:57,603 [INFO] UtilMem:75 - End SaveConfig() Used Memory: 338516328 Bytes (870318080)
2024-12-11 11:12:57,679 [ERROR] ConfigurationRetriever:142 - IOException on connection: sw-center.st.com
2024-12-11 11:12:57,679 [ERROR] ConfigurationRetriever:142 - IOException on connection: sw-center.st.com
2024-12-11 11:12:57,679 [ERROR] ConfigurationRetriever:142 - IOException on connection: sw-center.st.com
2024-12-11 11:12:58,101 [INFO] BlockDiagram:2766 - set Specific Code input for plugin: SPI
2024-12-11 11:12:58,101 [INFO] BlockDiagram:2766 - set Specific Code input for plugin: SYS
2024-12-11 11:12:58,101 [INFO] BlockDiagram:2766 - set Specific Code input for plugin: RCC
2024-12-11 11:12:58,101 [INFO] BlockDiagram:2766 - set Specific Code input for plugin: NVIC
2024-12-11 11:12:58,101 [INFO] BlockDiagram:2766 - set Specific Code input for plugin: USART
2024-12-11 11:12:58,102 [INFO] BlockDiagram:2766 - set Specific Code input for plugin: DMA
2024-12-11 11:12:58,102 [INFO] BlockDiagram:2766 - set Specific Code input for plugin: GPIO
2024-12-11 11:12:58,103 [INFO] CodeGenerator:896 - code generatio: config db path: C:\ST\STM32CubeIDE_1.17.0\STM32CubeIDE\plugins\com.st.stm32cube.common.mx_6.13.0.202411220809\\db\
2024-12-11 11:12:58,112 [INFO] Argument:325 - Argument : hdmavalue: null
2024-12-11 11:12:58,112 [INFO] Argument:327 - 	 sub Args: 
2024-12-11 11:12:58,112 [INFO] Argument:325 - Argument : Instancevalue: DMA1_Channel2
2024-12-11 11:12:58,113 [INFO] Argument:335 - Argument : Instancevalue: DMA1_Channel2
2024-12-11 11:12:58,113 [INFO] Argument:325 - Argument : Initvalue: null
2024-12-11 11:12:58,113 [INFO] Argument:327 - 	 sub Args: 
2024-12-11 11:12:58,113 [INFO] Argument:325 - Argument : Requestvalue: DMA_REQUEST_1
2024-12-11 11:12:58,113 [INFO] Argument:335 - Argument : Requestvalue: DMA_REQUEST_1
2024-12-11 11:12:58,113 [INFO] Argument:325 - Argument : Directionvalue: DMA_PERIPH_TO_MEMORY
2024-12-11 11:12:58,113 [INFO] Argument:335 - Argument : Directionvalue: DMA_PERIPH_TO_MEMORY
2024-12-11 11:12:58,113 [INFO] Argument:325 - Argument : PeriphIncvalue: DMA_PINC_DISABLE
2024-12-11 11:12:58,113 [INFO] Argument:335 - Argument : PeriphIncvalue: DMA_PINC_DISABLE
2024-12-11 11:12:58,113 [INFO] Argument:325 - Argument : MemIncvalue: DMA_MINC_ENABLE
2024-12-11 11:12:58,113 [INFO] Argument:335 - Argument : MemIncvalue: DMA_MINC_ENABLE
2024-12-11 11:12:58,113 [INFO] Argument:325 - Argument : PeriphDataAlignmentvalue: DMA_PDATAALIGN_BYTE
2024-12-11 11:12:58,113 [INFO] Argument:335 - Argument : PeriphDataAlignmentvalue: DMA_PDATAALIGN_BYTE
2024-12-11 11:12:58,113 [INFO] Argument:325 - Argument : MemDataAlignmentvalue: DMA_MDATAALIGN_BYTE
2024-12-11 11:12:58,113 [INFO] Argument:335 - Argument : MemDataAlignmentvalue: DMA_MDATAALIGN_BYTE
2024-12-11 11:12:58,114 [INFO] Argument:325 - Argument : Modevalue: DMA_NORMAL
2024-12-11 11:12:58,114 [INFO] Argument:335 - Argument : Modevalue: DMA_NORMAL
2024-12-11 11:12:58,114 [INFO] Argument:325 - Argument : Priorityvalue: DMA_PRIORITY_LOW
2024-12-11 11:12:58,114 [INFO] Argument:335 - Argument : Priorityvalue: DMA_PRIORITY_LOW
2024-12-11 11:12:58,114 [INFO] Argument:325 - Argument : Lockvalue: null
2024-12-11 11:12:58,114 [INFO] Argument:335 - Argument : Lockvalue: null
2024-12-11 11:12:58,114 [INFO] Argument:325 - Argument : Statevalue: null
2024-12-11 11:12:58,114 [INFO] Argument:335 - Argument : Statevalue: null
2024-12-11 11:12:58,114 [INFO] Argument:325 - Argument : Parentvalue: null
2024-12-11 11:12:58,114 [INFO] Argument:335 - Argument : Parentvalue: null
2024-12-11 11:12:58,114 [INFO] Argument:325 - Argument : XferCpltCallbackvalue: null
2024-12-11 11:12:58,114 [INFO] Argument:335 - Argument : XferCpltCallbackvalue: null
2024-12-11 11:12:58,114 [INFO] Argument:325 - Argument : XferHalfCpltCallbackvalue: null
2024-12-11 11:12:58,114 [INFO] Argument:335 - Argument : XferHalfCpltCallbackvalue: null
2024-12-11 11:12:58,114 [INFO] Argument:325 - Argument : XferErrorCallbackvalue: null
2024-12-11 11:12:58,114 [INFO] Argument:335 - Argument : XferErrorCallbackvalue: null
2024-12-11 11:12:58,114 [INFO] Argument:325 - Argument : XferAbortCallbackvalue: null
2024-12-11 11:12:58,114 [INFO] Argument:335 - Argument : XferAbortCallbackvalue: null
2024-12-11 11:12:58,115 [INFO] Argument:325 - Argument : ErrorCodevalue: null
2024-12-11 11:12:58,115 [INFO] Argument:335 - Argument : ErrorCodevalue: null
2024-12-11 11:12:58,115 [INFO] Argument:325 - Argument : DmaBaseAddressvalue: null
2024-12-11 11:12:58,115 [INFO] Argument:335 - Argument : DmaBaseAddressvalue: null
2024-12-11 11:12:58,115 [INFO] Argument:325 - Argument : ChannelIndexvalue: null
2024-12-11 11:12:58,115 [INFO] Argument:335 - Argument : ChannelIndexvalue: null
2024-12-11 11:12:58,115 [INFO] Argument:325 - Argument : hdmavalue: null
2024-12-11 11:12:58,115 [INFO] Argument:327 - 	 sub Args: 
2024-12-11 11:12:58,115 [INFO] Argument:325 - Argument : Instancevalue: DMA1_Channel2
2024-12-11 11:12:58,116 [INFO] Argument:335 - Argument : Instancevalue: DMA1_Channel2
2024-12-11 11:12:58,116 [INFO] Argument:325 - Argument : Initvalue: null
2024-12-11 11:12:58,116 [INFO] Argument:327 - 	 sub Args: 
2024-12-11 11:12:58,116 [INFO] Argument:325 - Argument : Requestvalue: DMA_REQUEST_1
2024-12-11 11:12:58,116 [INFO] Argument:335 - Argument : Requestvalue: DMA_REQUEST_1
2024-12-11 11:12:58,116 [INFO] Argument:325 - Argument : Directionvalue: DMA_PERIPH_TO_MEMORY
2024-12-11 11:12:58,116 [INFO] Argument:335 - Argument : Directionvalue: DMA_PERIPH_TO_MEMORY
2024-12-11 11:12:58,116 [INFO] Argument:325 - Argument : PeriphIncvalue: DMA_PINC_DISABLE
2024-12-11 11:12:58,116 [INFO] Argument:335 - Argument : PeriphIncvalue: DMA_PINC_DISABLE
2024-12-11 11:12:58,116 [INFO] Argument:325 - Argument : MemIncvalue: DMA_MINC_ENABLE
2024-12-11 11:12:58,116 [INFO] Argument:335 - Argument : MemIncvalue: DMA_MINC_ENABLE
2024-12-11 11:12:58,116 [INFO] Argument:325 - Argument : PeriphDataAlignmentvalue: DMA_PDATAALIGN_BYTE
2024-12-11 11:12:58,116 [INFO] Argument:335 - Argument : PeriphDataAlignmentvalue: DMA_PDATAALIGN_BYTE
2024-12-11 11:12:58,116 [INFO] Argument:325 - Argument : MemDataAlignmentvalue: DMA_MDATAALIGN_BYTE
2024-12-11 11:12:58,116 [INFO] Argument:335 - Argument : MemDataAlignmentvalue: DMA_MDATAALIGN_BYTE
2024-12-11 11:12:58,116 [INFO] Argument:325 - Argument : Modevalue: DMA_NORMAL
2024-12-11 11:12:58,116 [INFO] Argument:335 - Argument : Modevalue: DMA_NORMAL
2024-12-11 11:12:58,116 [INFO] Argument:325 - Argument : Priorityvalue: DMA_PRIORITY_LOW
2024-12-11 11:12:58,116 [INFO] Argument:335 - Argument : Priorityvalue: DMA_PRIORITY_LOW
2024-12-11 11:12:58,116 [INFO] Argument:325 - Argument : Lockvalue: null
2024-12-11 11:12:58,116 [INFO] Argument:335 - Argument : Lockvalue: null
2024-12-11 11:12:58,117 [INFO] Argument:325 - Argument : Statevalue: null
2024-12-11 11:12:58,117 [INFO] Argument:335 - Argument : Statevalue: null
2024-12-11 11:12:58,117 [INFO] Argument:325 - Argument : Parentvalue: null
2024-12-11 11:12:58,117 [INFO] Argument:335 - Argument : Parentvalue: null
2024-12-11 11:12:58,117 [INFO] Argument:325 - Argument : XferCpltCallbackvalue: null
2024-12-11 11:12:58,117 [INFO] Argument:335 - Argument : XferCpltCallbackvalue: null
2024-12-11 11:12:58,117 [INFO] Argument:325 - Argument : XferHalfCpltCallbackvalue: null
2024-12-11 11:12:58,117 [INFO] Argument:335 - Argument : XferHalfCpltCallbackvalue: null
2024-12-11 11:12:58,117 [INFO] Argument:325 - Argument : XferErrorCallbackvalue: null
2024-12-11 11:12:58,117 [INFO] Argument:335 - Argument : XferErrorCallbackvalue: null
2024-12-11 11:12:58,117 [INFO] Argument:325 - Argument : XferAbortCallbackvalue: null
2024-12-11 11:12:58,117 [INFO] Argument:335 - Argument : XferAbortCallbackvalue: null
2024-12-11 11:12:58,117 [INFO] Argument:325 - Argument : ErrorCodevalue: null
2024-12-11 11:12:58,117 [INFO] Argument:335 - Argument : ErrorCodevalue: null
2024-12-11 11:12:58,117 [INFO] Argument:325 - Argument : DmaBaseAddressvalue: null
2024-12-11 11:12:58,117 [INFO] Argument:335 - Argument : DmaBaseAddressvalue: null
2024-12-11 11:12:58,117 [INFO] Argument:325 - Argument : ChannelIndexvalue: null
2024-12-11 11:12:58,117 [INFO] Argument:335 - Argument : ChannelIndexvalue: null
2024-12-11 11:12:58,118 [INFO] Argument:325 - Argument : pSyncConfigvalue: null
2024-12-11 11:12:58,118 [INFO] Argument:327 - 	 sub Args: 
2024-12-11 11:12:58,118 [INFO] Argument:325 - Argument : SyncSignalIDvalue: null
2024-12-11 11:12:58,118 [INFO] Argument:335 - Argument : SyncSignalIDvalue: null
2024-12-11 11:12:58,118 [INFO] Argument:325 - Argument : SyncPolarityvalue: null
2024-12-11 11:12:58,118 [INFO] Argument:335 - Argument : SyncPolarityvalue: null
2024-12-11 11:12:58,118 [INFO] Argument:325 - Argument : SyncEnablevalue: null
2024-12-11 11:12:58,118 [INFO] Argument:335 - Argument : SyncEnablevalue: null
2024-12-11 11:12:58,118 [INFO] Argument:325 - Argument : EventEnablevalue: null
2024-12-11 11:12:58,118 [INFO] Argument:335 - Argument : EventEnablevalue: null
2024-12-11 11:12:58,118 [INFO] Argument:325 - Argument : RequestNumbervalue: null
2024-12-11 11:12:58,118 [INFO] Argument:335 - Argument : RequestNumbervalue: null
2024-12-11 11:12:58,119 [INFO] Argument:325 - Argument : hdmavalue: null
2024-12-11 11:12:58,119 [INFO] Argument:327 - 	 sub Args: 
2024-12-11 11:12:58,119 [INFO] Argument:325 - Argument : Instancevalue: DMA1_Channel3
2024-12-11 11:12:58,119 [INFO] Argument:335 - Argument : Instancevalue: DMA1_Channel3
2024-12-11 11:12:58,119 [INFO] Argument:325 - Argument : Initvalue: null
2024-12-11 11:12:58,119 [INFO] Argument:327 - 	 sub Args: 
2024-12-11 11:12:58,119 [INFO] Argument:325 - Argument : Requestvalue: DMA_REQUEST_1
2024-12-11 11:12:58,119 [INFO] Argument:335 - Argument : Requestvalue: DMA_REQUEST_1
2024-12-11 11:12:58,119 [INFO] Argument:325 - Argument : Directionvalue: DMA_MEMORY_TO_PERIPH
2024-12-11 11:12:58,119 [INFO] Argument:335 - Argument : Directionvalue: DMA_MEMORY_TO_PERIPH
2024-12-11 11:12:58,119 [INFO] Argument:325 - Argument : PeriphIncvalue: DMA_PINC_DISABLE
2024-12-11 11:12:58,119 [INFO] Argument:335 - Argument : PeriphIncvalue: DMA_PINC_DISABLE
2024-12-11 11:12:58,120 [INFO] Argument:325 - Argument : MemIncvalue: DMA_MINC_ENABLE
2024-12-11 11:12:58,120 [INFO] Argument:335 - Argument : MemIncvalue: DMA_MINC_ENABLE
2024-12-11 11:12:58,120 [INFO] Argument:325 - Argument : PeriphDataAlignmentvalue: DMA_PDATAALIGN_BYTE
2024-12-11 11:12:58,120 [INFO] Argument:335 - Argument : PeriphDataAlignmentvalue: DMA_PDATAALIGN_BYTE
2024-12-11 11:12:58,120 [INFO] Argument:325 - Argument : MemDataAlignmentvalue: DMA_MDATAALIGN_BYTE
2024-12-11 11:12:58,120 [INFO] Argument:335 - Argument : MemDataAlignmentvalue: DMA_MDATAALIGN_BYTE
2024-12-11 11:12:58,120 [INFO] Argument:325 - Argument : Modevalue: DMA_NORMAL
2024-12-11 11:12:58,120 [INFO] Argument:335 - Argument : Modevalue: DMA_NORMAL
2024-12-11 11:12:58,120 [INFO] Argument:325 - Argument : Priorityvalue: DMA_PRIORITY_LOW
2024-12-11 11:12:58,120 [INFO] Argument:335 - Argument : Priorityvalue: DMA_PRIORITY_LOW
2024-12-11 11:12:58,120 [INFO] Argument:325 - Argument : Lockvalue: null
2024-12-11 11:12:58,120 [INFO] Argument:335 - Argument : Lockvalue: null
2024-12-11 11:12:58,120 [INFO] Argument:325 - Argument : Statevalue: null
2024-12-11 11:12:58,120 [INFO] Argument:335 - Argument : Statevalue: null
2024-12-11 11:12:58,120 [INFO] Argument:325 - Argument : Parentvalue: null
2024-12-11 11:12:58,120 [INFO] Argument:335 - Argument : Parentvalue: null
2024-12-11 11:12:58,120 [INFO] Argument:325 - Argument : XferCpltCallbackvalue: null
2024-12-11 11:12:58,120 [INFO] Argument:335 - Argument : XferCpltCallbackvalue: null
2024-12-11 11:12:58,120 [INFO] Argument:325 - Argument : XferHalfCpltCallbackvalue: null
2024-12-11 11:12:58,120 [INFO] Argument:335 - Argument : XferHalfCpltCallbackvalue: null
2024-12-11 11:12:58,120 [INFO] Argument:325 - Argument : XferErrorCallbackvalue: null
2024-12-11 11:12:58,120 [INFO] Argument:335 - Argument : XferErrorCallbackvalue: null
2024-12-11 11:12:58,120 [INFO] Argument:325 - Argument : XferAbortCallbackvalue: null
2024-12-11 11:12:58,120 [INFO] Argument:335 - Argument : XferAbortCallbackvalue: null
2024-12-11 11:12:58,120 [INFO] Argument:325 - Argument : ErrorCodevalue: null
2024-12-11 11:12:58,120 [INFO] Argument:335 - Argument : ErrorCodevalue: null
2024-12-11 11:12:58,120 [INFO] Argument:325 - Argument : DmaBaseAddressvalue: null
2024-12-11 11:12:58,120 [INFO] Argument:335 - Argument : DmaBaseAddressvalue: null
2024-12-11 11:12:58,121 [INFO] Argument:325 - Argument : ChannelIndexvalue: null
2024-12-11 11:12:58,121 [INFO] Argument:335 - Argument : ChannelIndexvalue: null
2024-12-11 11:12:58,121 [INFO] Argument:325 - Argument : hdmavalue: null
2024-12-11 11:12:58,121 [INFO] Argument:327 - 	 sub Args: 
2024-12-11 11:12:58,121 [INFO] Argument:325 - Argument : Instancevalue: DMA1_Channel3
2024-12-11 11:12:58,121 [INFO] Argument:335 - Argument : Instancevalue: DMA1_Channel3
2024-12-11 11:12:58,121 [INFO] Argument:325 - Argument : Initvalue: null
2024-12-11 11:12:58,121 [INFO] Argument:327 - 	 sub Args: 
2024-12-11 11:12:58,121 [INFO] Argument:325 - Argument : Requestvalue: DMA_REQUEST_1
2024-12-11 11:12:58,121 [INFO] Argument:335 - Argument : Requestvalue: DMA_REQUEST_1
2024-12-11 11:12:58,121 [INFO] Argument:325 - Argument : Directionvalue: DMA_MEMORY_TO_PERIPH
2024-12-11 11:12:58,121 [INFO] Argument:335 - Argument : Directionvalue: DMA_MEMORY_TO_PERIPH
2024-12-11 11:12:58,121 [INFO] Argument:325 - Argument : PeriphIncvalue: DMA_PINC_DISABLE
2024-12-11 11:12:58,121 [INFO] Argument:335 - Argument : PeriphIncvalue: DMA_PINC_DISABLE
2024-12-11 11:12:58,121 [INFO] Argument:325 - Argument : MemIncvalue: DMA_MINC_ENABLE
2024-12-11 11:12:58,121 [INFO] Argument:335 - Argument : MemIncvalue: DMA_MINC_ENABLE
2024-12-11 11:12:58,121 [INFO] Argument:325 - Argument : PeriphDataAlignmentvalue: DMA_PDATAALIGN_BYTE
2024-12-11 11:12:58,121 [INFO] Argument:335 - Argument : PeriphDataAlignmentvalue: DMA_PDATAALIGN_BYTE
2024-12-11 11:12:58,121 [INFO] Argument:325 - Argument : MemDataAlignmentvalue: DMA_MDATAALIGN_BYTE
2024-12-11 11:12:58,121 [INFO] Argument:335 - Argument : MemDataAlignmentvalue: DMA_MDATAALIGN_BYTE
2024-12-11 11:12:58,121 [INFO] Argument:325 - Argument : Modevalue: DMA_NORMAL
2024-12-11 11:12:58,121 [INFO] Argument:335 - Argument : Modevalue: DMA_NORMAL
2024-12-11 11:12:58,121 [INFO] Argument:325 - Argument : Priorityvalue: DMA_PRIORITY_LOW
2024-12-11 11:12:58,121 [INFO] Argument:335 - Argument : Priorityvalue: DMA_PRIORITY_LOW
2024-12-11 11:12:58,121 [INFO] Argument:325 - Argument : Lockvalue: null
2024-12-11 11:12:58,121 [INFO] Argument:335 - Argument : Lockvalue: null
2024-12-11 11:12:58,121 [INFO] Argument:325 - Argument : Statevalue: null
2024-12-11 11:12:58,121 [INFO] Argument:335 - Argument : Statevalue: null
2024-12-11 11:12:58,121 [INFO] Argument:325 - Argument : Parentvalue: null
2024-12-11 11:12:58,121 [INFO] Argument:335 - Argument : Parentvalue: null
2024-12-11 11:12:58,121 [INFO] Argument:325 - Argument : XferCpltCallbackvalue: null
2024-12-11 11:12:58,122 [INFO] Argument:335 - Argument : XferCpltCallbackvalue: null
2024-12-11 11:12:58,122 [INFO] Argument:325 - Argument : XferHalfCpltCallbackvalue: null
2024-12-11 11:12:58,122 [INFO] Argument:335 - Argument : XferHalfCpltCallbackvalue: null
2024-12-11 11:12:58,122 [INFO] Argument:325 - Argument : XferErrorCallbackvalue: null
2024-12-11 11:12:58,122 [INFO] Argument:335 - Argument : XferErrorCallbackvalue: null
2024-12-11 11:12:58,122 [INFO] Argument:325 - Argument : XferAbortCallbackvalue: null
2024-12-11 11:12:58,122 [INFO] Argument:335 - Argument : XferAbortCallbackvalue: null
2024-12-11 11:12:58,122 [INFO] Argument:325 - Argument : ErrorCodevalue: null
2024-12-11 11:12:58,122 [INFO] Argument:335 - Argument : ErrorCodevalue: null
2024-12-11 11:12:58,122 [INFO] Argument:325 - Argument : DmaBaseAddressvalue: null
2024-12-11 11:12:58,122 [INFO] Argument:335 - Argument : DmaBaseAddressvalue: null
2024-12-11 11:12:58,122 [INFO] Argument:325 - Argument : ChannelIndexvalue: null
2024-12-11 11:12:58,122 [INFO] Argument:335 - Argument : ChannelIndexvalue: null
2024-12-11 11:12:58,122 [INFO] Argument:325 - Argument : pSyncConfigvalue: null
2024-12-11 11:12:58,122 [INFO] Argument:327 - 	 sub Args: 
2024-12-11 11:12:58,122 [INFO] Argument:325 - Argument : SyncSignalIDvalue: null
2024-12-11 11:12:58,122 [INFO] Argument:335 - Argument : SyncSignalIDvalue: null
2024-12-11 11:12:58,122 [INFO] Argument:325 - Argument : SyncPolarityvalue: null
2024-12-11 11:12:58,122 [INFO] Argument:335 - Argument : SyncPolarityvalue: null
2024-12-11 11:12:58,122 [INFO] Argument:325 - Argument : SyncEnablevalue: null
2024-12-11 11:12:58,122 [INFO] Argument:335 - Argument : SyncEnablevalue: null
2024-12-11 11:12:58,122 [INFO] Argument:325 - Argument : EventEnablevalue: null
2024-12-11 11:12:58,122 [INFO] Argument:335 - Argument : EventEnablevalue: null
2024-12-11 11:12:58,122 [INFO] Argument:325 - Argument : RequestNumbervalue: null
2024-12-11 11:12:58,122 [INFO] Argument:335 - Argument : RequestNumbervalue: null
2024-12-11 11:12:58,307 [INFO] CodeEngine:255 - oldGeneratedFile, C:\Users\ZOJOLDRI\STM32CubeIDE\workspace_InProgress\ADIN1110\MXTmpFiles\license.tmp_save
2024-12-11 11:12:58,502 [INFO] CodeEngine:279 - Generated code: C:\Users\ZOJOLDRI\STM32CubeIDE\workspace_InProgress\ADIN1110\MXTmpFiles\license.tmp
2024-12-11 11:12:58,569 [INFO] CodeEngine:255 - oldGeneratedFile, C:\Users\ZOJOLDRI\STM32CubeIDE\workspace_InProgress\ADIN1110\Core\Src\gpio.c_save
2024-12-11 11:12:58,708 [INFO] CodeEngine:279 - Generated code: C:\Users\ZOJOLDRI\STM32CubeIDE\workspace_InProgress\ADIN1110\Core\Src\gpio.c
2024-12-11 11:12:58,735 [INFO] CodeEngine:255 - oldGeneratedFile, C:\Users\ZOJOLDRI\STM32CubeIDE\workspace_InProgress\ADIN1110\Core\Inc\gpio.h_save
2024-12-11 11:12:58,842 [INFO] CodeEngine:279 - Generated code: C:\Users\ZOJOLDRI\STM32CubeIDE\workspace_InProgress\ADIN1110\Core\Inc\gpio.h
2024-12-11 11:12:59,048 [INFO] CodeEngine:255 - oldGeneratedFile, C:\Users\ZOJOLDRI\STM32CubeIDE\workspace_InProgress\ADIN1110\Core\Src\dma.c_save
2024-12-11 11:12:59,123 [INFO] CodeEngine:279 - Generated code: C:\Users\ZOJOLDRI\STM32CubeIDE\workspace_InProgress\ADIN1110\Core\Src\dma.c
2024-12-11 11:12:59,145 [INFO] CodeEngine:255 - oldGeneratedFile, C:\Users\ZOJOLDRI\STM32CubeIDE\workspace_InProgress\ADIN1110\Core\Inc\dma.h_save
2024-12-11 11:12:59,218 [INFO] CodeEngine:279 - Generated code: C:\Users\ZOJOLDRI\STM32CubeIDE\workspace_InProgress\ADIN1110\Core\Inc\dma.h
2024-12-11 11:12:59,245 [INFO] CodeEngine:255 - oldGeneratedFile, C:\Users\ZOJOLDRI\STM32CubeIDE\workspace_InProgress\ADIN1110\Core\Src\spi.c_save
2024-12-11 11:12:59,371 [INFO] CodeEngine:279 - Generated code: C:\Users\ZOJOLDRI\STM32CubeIDE\workspace_InProgress\ADIN1110\Core\Src\spi.c
2024-12-11 11:12:59,399 [INFO] CodeEngine:255 - oldGeneratedFile, C:\Users\ZOJOLDRI\STM32CubeIDE\workspace_InProgress\ADIN1110\Core\Inc\spi.h_save
2024-12-11 11:12:59,487 [INFO] CodeEngine:279 - Generated code: C:\Users\ZOJOLDRI\STM32CubeIDE\workspace_InProgress\ADIN1110\Core\Inc\spi.h
2024-12-11 11:12:59,509 [INFO] CodeEngine:255 - oldGeneratedFile, C:\Users\ZOJOLDRI\STM32CubeIDE\workspace_InProgress\ADIN1110\Core\Src\usart.c_save
2024-12-11 11:12:59,610 [INFO] CodeEngine:279 - Generated code: C:\Users\ZOJOLDRI\STM32CubeIDE\workspace_InProgress\ADIN1110\Core\Src\usart.c
2024-12-11 11:12:59,617 [INFO] CodeEngine:255 - oldGeneratedFile, C:\Users\ZOJOLDRI\STM32CubeIDE\workspace_InProgress\ADIN1110\Core\Inc\usart.h_save
2024-12-11 11:12:59,706 [INFO] CodeEngine:279 - Generated code: C:\Users\ZOJOLDRI\STM32CubeIDE\workspace_InProgress\ADIN1110\Core\Inc\usart.h
2024-12-11 11:12:59,740 [INFO] CodeEngine:255 - oldGeneratedFile, C:\Users\ZOJOLDRI\STM32CubeIDE\workspace_InProgress\ADIN1110\Core\Src\stm32l4xx_it.c_save
2024-12-11 11:12:59,948 [INFO] CodeEngine:279 - Generated code: C:\Users\ZOJOLDRI\STM32CubeIDE\workspace_InProgress\ADIN1110\Core\Src\stm32l4xx_it.c
2024-12-11 11:12:59,965 [INFO] CodeEngine:255 - oldGeneratedFile, C:\Users\ZOJOLDRI\STM32CubeIDE\workspace_InProgress\ADIN1110\Core\Inc\stm32l4xx_it.h_save
2024-12-11 11:13:00,045 [INFO] CodeEngine:279 - Generated code: C:\Users\ZOJOLDRI\STM32CubeIDE\workspace_InProgress\ADIN1110\Core\Inc\stm32l4xx_it.h
2024-12-11 11:13:00,080 [INFO] CodeEngine:255 - oldGeneratedFile, C:\Users\ZOJOLDRI\STM32CubeIDE\workspace_InProgress\ADIN1110\Core\Src\stm32l4xx_hal_msp.c_save
2024-12-11 11:13:00,165 [INFO] CodeEngine:279 - Generated code: C:\Users\ZOJOLDRI\STM32CubeIDE\workspace_InProgress\ADIN1110\Core\Src\stm32l4xx_hal_msp.c
2024-12-11 11:13:00,181 [INFO] CodeEngine:255 - oldGeneratedFile, C:\Users\ZOJOLDRI\STM32CubeIDE\workspace_InProgress\ADIN1110\MXTmpFiles\system.tmp_save
2024-12-11 11:13:00,230 [INFO] CodeEngine:279 - Generated code: C:\Users\ZOJOLDRI\STM32CubeIDE\workspace_InProgress\ADIN1110\MXTmpFiles\system.tmp
2024-12-11 11:13:00,265 [INFO] CodeEngine:311 - oldGeneratedFile, C:\Users\ZOJOLDRI\STM32CubeIDE\workspace_InProgress\ADIN1110\Core\Inc\stm32l4xx_hal_conf.h_save
2024-12-11 11:13:00,343 [INFO] CodeEngine:335 - Generated code: C:\Users\ZOJOLDRI\STM32CubeIDE\workspace_InProgress\ADIN1110\Core\Inc\stm32l4xx_hal_conf.h
2024-12-11 11:13:00,406 [INFO] CodeEngine:255 - oldGeneratedFile, C:\Users\ZOJOLDRI\STM32CubeIDE\workspace_InProgress\ADIN1110\Core\Inc\main.h_save
2024-12-11 11:13:00,500 [INFO] CodeEngine:279 - Generated code: C:\Users\ZOJOLDRI\STM32CubeIDE\workspace_InProgress\ADIN1110\Core\Inc\main.h
2024-12-11 11:13:00,531 [INFO] CodeEngine:255 - oldGeneratedFile, C:\Users\ZOJOLDRI\STM32CubeIDE\workspace_InProgress\ADIN1110\Core\Src\main.c_save
2024-12-11 11:13:00,626 [INFO] CodeEngine:279 - Generated code: C:\Users\ZOJOLDRI\STM32CubeIDE\workspace_InProgress\ADIN1110\Core\Src\main.c
2024-12-11 11:13:00,910 [INFO] ProjectBuilder:3289 - Time for Copy HAL[1] : 181mS.
2024-12-11 11:13:00,914 [INFO] ProjectBuilder:4876 - Project Generator version: 4.5.0-RC5
2024-12-11 11:13:00,964 [INFO] ConfigFileManager:1579 - The Die is : DIE461
2024-12-11 11:13:02,885 [INFO] ProjectBuilder:5154 - Time for Generating toolchain IDE Files: 1970mS.
2024-12-11 11:13:02,886 [INFO] ProjectBuilder:3146 - Time for Copy CMSIS : 1mS.
2024-12-11 11:13:02,891 [INFO] ProjectBuilder:3146 - Time for Copy CMSIS : 1mS.
2024-12-11 11:13:58,092 [ERROR] ConfigurationRetriever:142 - IOException on connection: sw-center.st.com
2024-12-11 11:13:58,093 [ERROR] ConfigurationRetriever:142 - IOException on connection: sw-center.st.com
2024-12-11 11:13:58,093 [ERROR] ConfigurationRetriever:142 - IOException on connection: sw-center.st.com
2024-12-11 11:13:59,252 [ERROR] ConfigurationRetriever:142 - IOException on connection: sw-center.st.com
2024-12-11 11:13:59,253 [ERROR] ConfigurationRetriever:142 - IOException on connection: sw-center.st.com
2024-12-11 11:13:59,253 [ERROR] ConfigurationRetriever:142 - IOException on connection: sw-center.st.com
2024-12-11 11:15:41,674 [ERROR] ConfigurationRetriever:142 - IOException on connection: sw-center.st.com
2024-12-11 11:15:41,674 [ERROR] ConfigurationRetriever:142 - IOException on connection: sw-center.st.com
2024-12-11 11:15:41,674 [ERROR] ConfigurationRetriever:142 - IOException on connection: sw-center.st.com
2024-12-11 11:18:07,977 [ERROR] ConfigurationRetriever:142 - IOException on connection: sw-center.st.com
2024-12-11 11:18:07,978 [ERROR] ConfigurationRetriever:142 - IOException on connection: sw-center.st.com
2024-12-11 11:18:07,978 [ERROR] ConfigurationRetriever:142 - IOException on connection: sw-center.st.com
2024-12-11 11:18:37,030 [ERROR] ConfigurationRetriever:142 - IOException on connection: sw-center.st.com
2024-12-11 11:18:37,030 [ERROR] ConfigurationRetriever:142 - IOException on connection: sw-center.st.com
2024-12-11 11:18:37,030 [ERROR] ConfigurationRetriever:142 - IOException on connection: sw-center.st.com
2024-12-11 11:18:37,361 [ERROR] ConfigurationRetriever:142 - IOException on connection: sw-center.st.com
2024-12-11 11:18:37,361 [ERROR] ConfigurationRetriever:142 - IOException on connection: sw-center.st.com
2024-12-11 11:18:37,362 [ERROR] ConfigurationRetriever:142 - IOException on connection: sw-center.st.com
2024-12-11 11:21:29,389 [ERROR] ConfigurationRetriever:142 - IOException on connection: sw-center.st.com
2024-12-11 11:21:29,391 [ERROR] ConfigurationRetriever:142 - IOException on connection: sw-center.st.com
2024-12-11 11:21:29,391 [ERROR] ConfigurationRetriever:142 - IOException on connection: sw-center.st.com
2024-12-11 11:22:49,445 [ERROR] ConfigurationRetriever:142 - IOException on connection: sw-center.st.com
2024-12-11 11:22:49,447 [ERROR] ConfigurationRetriever:142 - IOException on connection: sw-center.st.com
2024-12-11 11:22:49,447 [ERROR] ConfigurationRetriever:142 - IOException on connection: sw-center.st.com
2024-12-11 11:36:57,433 [ERROR] ConfigurationRetriever:142 - IOException on connection: sw-center.st.com
2024-12-11 11:36:57,433 [ERROR] ConfigurationRetriever:142 - IOException on connection: sw-center.st.com
2024-12-11 11:36:57,434 [ERROR] ConfigurationRetriever:142 - IOException on connection: sw-center.st.com
2024-12-11 11:38:30,941 [INFO] WebApp:187 - Connection restablished
2024-12-11 11:45:21,719 [INFO] NvicIntPanel:101 - NVIC parent = com.st.microxplorer.plugins.ip.nvic.MultiNvicIntPanel[,0,0,450x210,layout=javax.swing.BoxLayout,alignmentX=0.0,alignmentY=0.0,border=,flags=9,maximumSize=,minimumSize=,preferredSize=]
2024-12-11 11:55:07,869 [INFO] WebApp:190 - Connection lost
2024-12-11 11:55:08,017 [INFO] WebApp:187 - Connection restablished
2024-12-11 11:55:10,829 [INFO] WebApp:190 - Connection lost
2024-12-11 11:55:14,559 [ERROR] ConfigurationRetriever:142 - IOException on connection: sw-center.st.com
2024-12-11 11:55:14,560 [ERROR] ConfigurationRetriever:142 - IOException on connection: sw-center.st.com
2024-12-11 11:55:14,560 [ERROR] ConfigurationRetriever:142 - IOException on connection: sw-center.st.com
2024-12-11 11:55:35,792 [ERROR] ConfigurationRetriever:142 - IOException on connection: sw-center.st.com
2024-12-11 11:55:35,793 [ERROR] ConfigurationRetriever:142 - IOException on connection: sw-center.st.com
2024-12-11 11:55:35,793 [ERROR] ConfigurationRetriever:142 - IOException on connection: sw-center.st.com
2024-12-11 12:33:14,462 [INFO] WebApp:187 - Connection restablished
2024-12-11 12:33:55,451 [INFO] WebApp:190 - Connection lost
2024-12-11 12:33:55,585 [INFO] WebApp:187 - Connection restablished
2024-12-11 12:34:22,200 [INFO] WebApp:190 - Connection lost
2024-12-11 12:34:22,336 [INFO] WebApp:187 - Connection restablished
2024-12-11 12:42:27,763 [INFO] WebApp:190 - Connection lost
2024-12-11 12:42:27,939 [INFO] WebApp:187 - Connection restablished
2024-12-11 12:42:30,734 [INFO] WebApp:190 - Connection lost
2024-12-11 12:49:36,924 [INFO] WebApp:187 - Connection restablished
2024-12-11 13:48:23,450 [INFO] MainUpdater:2872 - connection check result : 10
2024-12-11 13:48:23,450 [INFO] MainUpdater:2872 - connection check result : 10
2024-12-11 13:48:23,568 [INFO] MicroXplorer:468 - Change Database Path : 
2024-12-11 13:48:23,568 [INFO] MicroXplorer:498 - Change Database Version : DB.6.0.130
2024-12-11 13:48:23,648 [ERROR] ProjectManagerView:394 - 
java.lang.NullPointerException: Cannot invoke "javax.swing.JTextField.getText()" because the return value of "java.util.List.get(int)" is null
	at com.st.microxplorer.plugins.projectmanager.gui.ProjectChoiceTab$9.caretUpdate(ProjectChoiceTab.java:2616) ~[filemanager.jar:?]
	at javax.swing.text.JTextComponent.fireCaretUpdate(JTextComponent.java:408) ~[?:?]
	at javax.swing.text.JTextComponent$MutableCaretEvent.fire(JTextComponent.java:4484) ~[?:?]
	at javax.swing.text.JTextComponent$MutableCaretEvent.stateChanged(JTextComponent.java:4506) ~[?:?]
	at javax.swing.text.DefaultCaret.fireStateChanged(DefaultCaret.java:857) ~[?:?]
	at javax.swing.text.DefaultCaret.changeCaretPosition(DefaultCaret.java:1343) ~[?:?]
	at javax.swing.text.DefaultCaret.handleSetDot(DefaultCaret.java:1242) ~[?:?]
	at javax.swing.text.DefaultCaret.setDot(DefaultCaret.java:1223) ~[?:?]
	at javax.swing.text.DefaultCaret$Handler.insertUpdate(DefaultCaret.java:1819) ~[?:?]
	at javax.swing.text.AbstractDocument.fireInsertUpdate(AbstractDocument.java:227) ~[?:?]
	at javax.swing.text.AbstractDocument.handleInsertString(AbstractDocument.java:781) ~[?:?]
	at javax.swing.text.AbstractDocument.insertString(AbstractDocument.java:740) ~[?:?]
	at javax.swing.text.PlainDocument.insertString(PlainDocument.java:131) ~[?:?]
	at javax.swing.text.AbstractDocument.replace(AbstractDocument.java:699) ~[?:?]
	at javax.swing.text.JTextComponent.setText(JTextComponent.java:1725) ~[?:?]
	at com.st.microxplorer.plugins.projectmanager.gui.ProjectChoiceTab.createHeapStackFields(ProjectChoiceTab.java:975) ~[filemanager.jar:?]
	at com.st.microxplorer.plugins.projectmanager.gui.ProjectChoiceTab.buildLinkSettingsPanel(ProjectChoiceTab.java:3666) ~[filemanager.jar:?]
	at com.st.microxplorer.plugins.projectmanager.gui.ProjectChoiceTab.defineWindowsFields(ProjectChoiceTab.java:1934) ~[filemanager.jar:?]
	at com.st.microxplorer.plugins.projectmanager.gui.ProjectChoiceTab.updateSettings(ProjectChoiceTab.java:553) ~[filemanager.jar:?]
	at com.st.microxplorer.plugins.projectmanager.gui.ProjectSettingsPanel.UpdateDialog(ProjectSettingsPanel.java:245) ~[filemanager.jar:?]
	at com.st.microxplorer.plugins.projectmanager.ProjectManagerView.propertyChange(ProjectManagerView.java:391) ~[filemanager.jar:?]
	at java.beans.PropertyChangeSupport.fire(PropertyChangeSupport.java:343) ~[?:?]
	at java.beans.PropertyChangeSupport.firePropertyChange(PropertyChangeSupport.java:335) ~[?:?]
	at java.beans.PropertyChangeSupport.firePropertyChange(PropertyChangeSupport.java:268) ~[?:?]
	at com.st.microxplorer.util.MXPropertyChangeSupport.firePropertyChange(MXPropertyChangeSupport.java:54) ~[STM32CubeMX.jar:?]
	at com.st.microxplorer.mxsystem.MxSystem.closeConfig(MxSystem.java:899) ~[STM32CubeMX.jar:?]
	at com.st.microxplorer.maingui.MainPanel.closeConfig(MainPanel.java:789) ~[STM32CubeMX.jar:?]
	at com.st.microxplorer.plugins.filemanager.engine.OpenFileManager.loadConfigurationFile(OpenFileManager.java:265) ~[filemanager.jar:?]
	at com.st.microxplorer.plugins.filemanager.engine.MainFileManager.userLoadConfig(MainFileManager.java:340) ~[filemanager.jar:?]
	at com.st.microxplorer.plugins.filemanager.engine.MainFileManager.userLoadConfig(MainFileManager.java:318) ~[filemanager.jar:?]
	at com.st.microxplorer.plugins.filemanager.FileManagerView.getSpecificTask(FileManagerView.java:246) ~[filemanager.jar:?]
	at com.st.stm32cube.common.mx.editor.CubeMxEditor.getMxTabbedPaneInstance(CubeMxEditor.java:1198) ~[com.st.stm32cube.common.mx_6.13.0.202411220809/:?]
	at com.st.stm32cube.common.mx.editor.CubeMxEditor$12$1.createSwingComponent(CubeMxEditor.java:1068) ~[com.st.stm32cube.common.mx_6.13.0.202411220809/:?]
	at com.st.stm32cube.common.mx.oss.core.awtswtbridge.EmbeddedSwingComposite.doComponentCreation(EmbeddedSwingComposite.java:492) ~[com.st.stm32cube.common.mx.oss_6.13.0.202411220809/:?]
	at com.st.stm32cube.common.mx.oss.core.awtswtbridge.EmbeddedSwingComposite$4.run(EmbeddedSwingComposite.java:291) ~[com.st.stm32cube.common.mx.oss_6.13.0.202411220809/:?]
	at com.st.stm32cube.common.mx.oss.core.awtswtbridge.AwtEnvironment$2.run(AwtEnvironment.java:166) ~[com.st.stm32cube.common.mx.oss_6.13.0.202411220809/:?]
	at java.awt.event.InvocationEvent.dispatch(InvocationEvent.java:318) ~[?:?]
	at java.awt.EventQueue.dispatchEventImpl(EventQueue.java:773) ~[?:?]
	at java.awt.EventQueue$4.run(EventQueue.java:720) ~[?:?]
	at java.awt.EventQueue$4.run(EventQueue.java:714) ~[?:?]
	at java.security.AccessController.doPrivileged(AccessController.java:400) ~[?:?]
	at java.security.ProtectionDomain$JavaSecurityAccessImpl.doIntersectionPrivilege(ProtectionDomain.java:87) ~[?:?]
	at java.awt.EventQueue.dispatchEvent(EventQueue.java:742) ~[?:?]
	at java.awt.EventDispatchThread.pumpOneEventForFilters(EventDispatchThread.java:203) ~[?:?]
	at java.awt.EventDispatchThread.pumpEventsForFilter(EventDispatchThread.java:124) ~[?:?]
	at java.awt.EventDispatchThread.pumpEventsForHierarchy(EventDispatchThread.java:113) ~[?:?]
	at java.awt.EventDispatchThread.pumpEvents(EventDispatchThread.java:109) ~[?:?]
	at java.awt.EventDispatchThread.pumpEvents(EventDispatchThread.java:101) ~[?:?]
	at java.awt.EventDispatchThread.run(EventDispatchThread.java:90) ~[?:?]
2024-12-11 13:48:23,682 [WARN] ThirdParty:871 - waiting for thirdparty lock release [close project]
2024-12-11 13:48:23,682 [INFO] ThirdParty:873 - entering critical section [close project]
2024-12-11 13:48:23,682 [INFO] ThirdParty:883 - exiting critical section [close project]
2024-12-11 13:48:23,691 [INFO] PinOutPanel:1589 - setPackage(No Configuration,No Configuration)
2024-12-11 13:48:23,717 [INFO] UtilMem:75 - Begin LoadConfig() Used Memory: 555127512 Bytes (1003487232)
2024-12-11 13:48:23,718 [INFO] MicroXplorer:468 - Change Database Path : 
2024-12-11 13:48:23,719 [INFO] MicroXplorer:498 - Change Database Version : DB.6.0.130
2024-12-11 13:48:23,719 [INFO] OpenFileManager:332 - Change cursor
2024-12-11 13:48:23,763 [INFO] RulesReader:64 - Compatibility file has been processed (297 Rules)
2024-12-11 13:48:23,785 [INFO] Mcu:2035 - Initializing MCU STM32L496ZGTxP STM32L496ZGTxP STM32L496ZGT6P
2024-12-11 13:48:26,204 [INFO] Context:748 - Trying to add GPIOservice into a context  which must be forbidden
2024-12-11 13:48:26,852 [INFO] RtosManager:555 - Registered RTOS mode: class=CMSIS, group=RTOS, mode=CMSIS_V1, owner=FREERTOS
2024-12-11 13:48:26,852 [INFO] RtosManager:555 - Registered RTOS mode: class=CMSIS, group=RTOS2, mode=CMSIS_V2, owner=FREERTOS
2024-12-11 13:48:26,852 [INFO] RtosManager:555 - Registered RTOS mode: class=RTOS, group=Core, mode=CMSIS_V1, owner=FREERTOS
2024-12-11 13:48:26,852 [INFO] RtosManager:555 - Registered RTOS mode: class=RTOS, group=Core, mode=CMSIS_V2, owner=FREERTOS
2024-12-11 13:48:26,852 [WARN] ModelIntegratedComponent:184 - Missing modes for component STMicroelectronics:FreeRTOS:0.0.1:STMicroelectronics:RTOS:FreeRTOS:Core:::10.2.0:
2024-12-11 13:48:26,858 [WARN] ModelIntegratedComponent:63 - No mode defined for component null
2024-12-11 13:48:26,858 [WARN] ModelIntegratedComponent:63 - No mode defined for component null
2024-12-11 13:48:26,858 [WARN] ModelIntegratedComponent:63 - No mode defined for component null
2024-12-11 13:48:26,858 [WARN] ModelIntegratedComponent:63 - No mode defined for component null
2024-12-11 13:48:26,858 [WARN] ModelIntegratedComponent:63 - No mode defined for component null
2024-12-11 13:48:26,858 [WARN] ModelIntegratedComponent:63 - No mode defined for component null
2024-12-11 13:48:26,858 [WARN] ModelIntegratedComponent:63 - No mode defined for component null
2024-12-11 13:48:26,858 [WARN] ModelIntegratedComponent:63 - No mode defined for component null
2024-12-11 13:48:26,859 [WARN] ModelIntegratedComponent:63 - No mode defined for component null
2024-12-11 13:48:26,859 [WARN] ModelIntegratedComponent:63 - No mode defined for component null
2024-12-11 13:48:26,859 [WARN] ModelIntegratedComponent:63 - No mode defined for component null
2024-12-11 13:48:26,859 [WARN] ModelIntegratedComponent:63 - No mode defined for component null
2024-12-11 13:48:26,859 [WARN] ModelIntegratedComponent:63 - No mode defined for component null
2024-12-11 13:48:26,859 [WARN] ModelIntegratedComponent:63 - No mode defined for component null
2024-12-11 13:48:26,859 [WARN] ModelIntegratedComponent:63 - No mode defined for component null
2024-12-11 13:48:26,859 [WARN] ModelIntegratedComponent:63 - No mode defined for component null
2024-12-11 13:48:26,859 [WARN] ModelIntegratedComponent:63 - No mode defined for component null
2024-12-11 13:48:26,859 [WARN] ModelIntegratedComponent:63 - No mode defined for component null
2024-12-11 13:48:26,859 [WARN] ModelIntegratedComponent:63 - No mode defined for component null
2024-12-11 13:48:26,859 [WARN] ModelIntegratedComponent:63 - No mode defined for component null
2024-12-11 13:48:26,859 [WARN] ModelIntegratedComponent:63 - No mode defined for component null
2024-12-11 13:48:26,859 [WARN] ModelIntegratedComponent:63 - No mode defined for component null
2024-12-11 13:48:26,859 [WARN] ModelIntegratedComponent:63 - No mode defined for component null
2024-12-11 13:48:26,859 [WARN] ModelIntegratedComponent:63 - No mode defined for component null
2024-12-11 13:48:26,860 [WARN] ModelIntegratedComponent:63 - No mode defined for component null
2024-12-11 13:48:26,860 [WARN] ModelIntegratedComponent:63 - No mode defined for component null
2024-12-11 13:48:26,860 [WARN] ModelIntegratedComponent:63 - No mode defined for component null
2024-12-11 13:48:26,860 [WARN] ModelIntegratedComponent:63 - No mode defined for component null
2024-12-11 13:48:26,860 [WARN] ModelIntegratedComponent:63 - No mode defined for component null
2024-12-11 13:48:26,860 [WARN] ModelIntegratedComponent:63 - No mode defined for component null
2024-12-11 13:48:26,860 [WARN] ModelIntegratedComponent:63 - No mode defined for component null
2024-12-11 13:48:26,860 [WARN] ModelIntegratedComponent:63 - No mode defined for component null
2024-12-11 13:48:26,860 [WARN] ModelIntegratedComponent:63 - No mode defined for component null
2024-12-11 13:48:26,860 [WARN] ModelIntegratedComponent:63 - No mode defined for component null
2024-12-11 13:48:26,860 [WARN] ModelIntegratedComponent:63 - No mode defined for component null
2024-12-11 13:48:26,860 [WARN] ModelPack:524 - Component already loaded: STMicroelectronics:HAL Drivers:0.0.0:STMicroelectronics:Device:STMicro_Driver:XSPI:HAL::0.0.1:HAL_XSPI
2024-12-11 13:48:26,873 [INFO] ThirdPartyModel:298 - Start build external matchings
2024-12-11 13:48:27,007 [INFO] ThirdPartyModel:316 - End build external matchings
2024-12-11 13:48:27,036 [INFO] ImportTextPane:218 - (OptionalMessage_ERROR) IP (DMA) : Parameter (Instance) has Id (SPI1_RX) currently not set
2024-12-11 13:48:27,037 [INFO] ImportTextPane:218 - (OptionalMessage_ERROR) IP (DMA) : Parameter (Request) has Id (SPI1_RX) currently not set
2024-12-11 13:48:27,037 [INFO] ImportTextPane:218 - (OptionalMessage_ERROR) IP (DMA) : Parameter (Direction) has Id (SPI1_RX) currently not set
2024-12-11 13:48:27,037 [INFO] ImportTextPane:218 - (OptionalMessage_ERROR) IP (DMA) : Parameter (PeriphInc) has Id (SPI1_RX) currently not set
2024-12-11 13:48:27,037 [INFO] ImportTextPane:218 - (OptionalMessage_ERROR) IP (DMA) : Parameter (MemInc) has Id (SPI1_RX) currently not set
2024-12-11 13:48:27,038 [INFO] ImportTextPane:218 - (OptionalMessage_ERROR) IP (DMA) : Parameter (PeriphDataAlignment) has Id (SPI1_RX) currently not set
2024-12-11 13:48:27,038 [INFO] ImportTextPane:218 - (OptionalMessage_ERROR) IP (DMA) : Parameter (MemDataAlignment) has Id (SPI1_RX) currently not set
2024-12-11 13:48:27,038 [INFO] ImportTextPane:218 - (OptionalMessage_ERROR) IP (DMA) : Parameter (Mode) has Id (SPI1_RX) currently not set
2024-12-11 13:48:27,039 [INFO] ImportTextPane:218 - (OptionalMessage_ERROR) IP (DMA) : Parameter (Priority) has Id (SPI1_RX) currently not set
2024-12-11 13:48:27,039 [INFO] ImportTextPane:218 - (OptionalMessage_ERROR) IP (DMA) : Parameter (Instance) has Id (SPI1_TX) currently not set
2024-12-11 13:48:27,039 [INFO] ImportTextPane:218 - (OptionalMessage_ERROR) IP (DMA) : Parameter (Request) has Id (SPI1_TX) currently not set
2024-12-11 13:48:27,039 [INFO] ImportTextPane:218 - (OptionalMessage_ERROR) IP (DMA) : Parameter (Direction) has Id (SPI1_TX) currently not set
2024-12-11 13:48:27,039 [INFO] ImportTextPane:218 - (OptionalMessage_ERROR) IP (DMA) : Parameter (PeriphInc) has Id (SPI1_TX) currently not set
2024-12-11 13:48:27,039 [INFO] ImportTextPane:218 - (OptionalMessage_ERROR) IP (DMA) : Parameter (MemInc) has Id (SPI1_TX) currently not set
2024-12-11 13:48:27,039 [INFO] ImportTextPane:218 - (OptionalMessage_ERROR) IP (DMA) : Parameter (PeriphDataAlignment) has Id (SPI1_TX) currently not set
2024-12-11 13:48:27,039 [INFO] ImportTextPane:218 - (OptionalMessage_ERROR) IP (DMA) : Parameter (MemDataAlignment) has Id (SPI1_TX) currently not set
2024-12-11 13:48:27,039 [INFO] ImportTextPane:218 - (OptionalMessage_ERROR) IP (DMA) : Parameter (Mode) has Id (SPI1_TX) currently not set
2024-12-11 13:48:27,039 [INFO] ImportTextPane:218 - (OptionalMessage_ERROR) IP (DMA) : Parameter (Priority) has Id (SPI1_TX) currently not set
2024-12-11 13:48:27,510 [INFO] UtilMem:75 - End LoadConfig() Used Memory: 883671248 Bytes (1003487232)
2024-12-11 13:48:27,549 [WARN] ThirdParty:833 - waiting for thirdparty lock release [change project]
2024-12-11 13:48:27,550 [INFO] ThirdParty:835 - entering critical section [change project]
2024-12-11 13:48:27,550 [INFO] ThirdParty:1030 - CMSIS Pack Vendor :STMicroelectronics USBPD 4.1
2024-12-11 13:48:27,550 [INFO] ThirdParty:1030 - CMSIS Pack Vendor :STMicroelectronics X-CUBE-AZRTOS-H7 3.3.0
2024-12-11 13:48:27,550 [INFO] ThirdParty:1030 - CMSIS Pack Vendor :STMicroelectronics X-CUBE-NFC9 1.0.0
2024-12-11 13:48:27,550 [INFO] ThirdParty:1030 - CMSIS Pack Vendor :STMicroelectronics USB_HOST 2.0.0
2024-12-11 13:48:27,550 [INFO] ThirdParty:1030 - CMSIS Pack Vendor :STMicroelectronics FP-SNS-MOTENVWB1 1.4.0
2024-12-11 13:48:27,550 [INFO] ThirdParty:1030 - CMSIS Pack Vendor :STMicroelectronics X-CUBE-AZRTOS-F4 1.1.0
2024-12-11 13:48:27,550 [INFO] ThirdParty:1030 - CMSIS Pack Vendor :STMicroelectronics LIBJPEG 8.0.0
2024-12-11 13:48:27,550 [INFO] ThirdParty:1030 - CMSIS Pack Vendor :STMicroelectronics FP-ATR-ASTRA1 2.0.1
2024-12-11 13:48:27,551 [INFO] ThirdParty:1030 - CMSIS Pack Vendor :STMicroelectronics X-CUBE-SMBUS 2.1.0
2024-12-11 13:48:27,551 [INFO] ThirdParty:1030 - CMSIS Pack Vendor :STMicroelectronics X-CUBE-WB05N 1.1.0
2024-12-11 13:48:27,551 [INFO] ThirdParty:1030 - CMSIS Pack Vendor :STMicroelectronics USB_DEVICE 3.0.0
2024-12-11 13:48:27,551 [INFO] ThirdParty:1030 - CMSIS Pack Vendor :STMicroelectronics X-CUBE-TCPP 4.1.0
2024-12-11 13:48:27,551 [INFO] ThirdParty:1030 - CMSIS Pack Vendor :STMicroelectronics X-CUBE-ISPU 2.1.0
2024-12-11 13:48:27,551 [INFO] ThirdParty:1030 - CMSIS Pack Vendor :STMicroelectronics X-CUBE-FREERTOS 1.2.0
2024-12-11 13:48:27,551 [INFO] ThirdParty:1030 - CMSIS Pack Vendor :STMicroelectronics X-CUBE-IPS 3.0.0
2024-12-11 13:48:27,551 [INFO] ThirdParty:1030 - CMSIS Pack Vendor :STMicroelectronics X-CUBE-AZRTOS-WB 2.0.0
2024-12-11 13:48:27,551 [INFO] ThirdParty:1030 - CMSIS Pack Vendor :STMicroelectronics X-CUBE-GNSS1 7.0.0
2024-12-11 13:48:27,551 [INFO] ThirdParty:1030 - CMSIS Pack Vendor :STMicroelectronics X-CUBE-AZRTOS-F7 1.1.0
2024-12-11 13:48:27,551 [INFO] ThirdParty:1030 - CMSIS Pack Vendor :STMicroelectronics X-CUBE-AZRTOS-L5 2.0.0
2024-12-11 13:48:27,551 [INFO] ThirdParty:1030 - CMSIS Pack Vendor :STMicroelectronics USB_DEVICE 2.0.0
2024-12-11 13:48:27,551 [INFO] ThirdParty:1030 - CMSIS Pack Vendor :STMicroelectronics X-CUBE-NFC6 3.1.0
2024-12-11 13:48:27,551 [INFO] ThirdParty:1030 - CMSIS Pack Vendor :STMicroelectronics FP-SNS-STBOX1 2.0.0
2024-12-11 13:48:27,551 [INFO] ThirdParty:1030 - CMSIS Pack Vendor :STMicroelectronics X-CUBE-MEMS1 11.0.0
2024-12-11 13:48:27,551 [INFO] ThirdParty:1030 - CMSIS Pack Vendor :STMicroelectronics FreeRTOS 0.0.1
2024-12-11 13:48:27,551 [INFO] ThirdParty:1030 - CMSIS Pack Vendor :STMicroelectronics X-CUBE-AZRTOS-G0 1.1.0
2024-12-11 13:48:27,551 [INFO] ThirdParty:1030 - CMSIS Pack Vendor :STMicroelectronics X-CUBE-SAFEA1 1.2.2
2024-12-11 13:48:27,551 [INFO] ThirdParty:1030 - CMSIS Pack Vendor :STMicroelectronics X-CUBE-NFC4 3.0.0
2024-12-11 13:48:27,552 [INFO] ThirdParty:1030 - CMSIS Pack Vendor :STMicroelectronics X-CUBE-DPower 1.2.0
2024-12-11 13:48:27,552 [INFO] ThirdParty:1030 - CMSIS Pack Vendor :STMicroelectronics X-CUBE-SUBG2 5.0.0
2024-12-11 13:48:27,552 [INFO] ThirdParty:1030 - CMSIS Pack Vendor :STMicroelectronics STM32_WPAN 1.0.0
2024-12-11 13:48:27,552 [INFO] ThirdParty:1030 - CMSIS Pack Vendor :EmbeddedOffice I-CUBE-FS-RTOS 1.0.1
2024-12-11 13:48:27,552 [INFO] ThirdParty:1030 - CMSIS Pack Vendor :STMicroelectronics lwIP 2.0.3
2024-12-11 13:48:27,552 [INFO] ThirdParty:1030 - CMSIS Pack Vendor :STMicroelectronics FP-SNS-FLIGHT1 5.0.2
2024-12-11 13:48:27,552 [INFO] ThirdParty:1030 - CMSIS Pack Vendor :Cesanta I-CUBE-Mongoose 7.13.0
2024-12-11 13:48:27,552 [INFO] ThirdParty:1030 - CMSIS Pack Vendor :STMicroelectronics USB_HOST 1.0.0
2024-12-11 13:48:27,552 [INFO] ThirdParty:1030 - CMSIS Pack Vendor :Infineon AIROC-Wi-Fi-Bluetooth-STM32 1.7.0
2024-12-11 13:48:27,552 [INFO] ThirdParty:1030 - CMSIS Pack Vendor :STMicroelectronics X-CUBE-AZRTOS-G4 2.0.0
2024-12-11 13:48:27,552 [INFO] ThirdParty:1030 - CMSIS Pack Vendor :STMicroelectronics PDM2PCM 3.1.0
2024-12-11 13:48:27,552 [INFO] ThirdParty:1030 - CMSIS Pack Vendor :STMicroelectronics PDM2PCM 3.3.0
2024-12-11 13:48:27,552 [INFO] ThirdParty:1030 - CMSIS Pack Vendor :STMicroelectronics X-CUBE-DISPLAY 3.0.0
2024-12-11 13:48:27,552 [INFO] ThirdParty:1030 - CMSIS Pack Vendor :RealThread X-CUBE-RT-Thread_Nano 4.1.1
2024-12-11 13:48:27,552 [INFO] ThirdParty:1030 - CMSIS Pack Vendor :STMicroelectronics X-CUBE-BLE1 7.0.0
2024-12-11 13:48:27,552 [INFO] ThirdParty:1030 - CMSIS Pack Vendor :STMicroelectronics FP-ATR-SIGFOX1 3.2.0
2024-12-11 13:48:27,552 [INFO] ThirdParty:1030 - CMSIS Pack Vendor :STMicroelectronics X-CUBE-NFC10 1.0.0
2024-12-11 13:48:27,552 [INFO] ThirdParty:1030 - CMSIS Pack Vendor :quantropi X-CUBE-qispace-sdk-base 1.9.3
2024-12-11 13:48:27,552 [INFO] ThirdParty:1030 - CMSIS Pack Vendor :STMicroelectronics X-CUBE-BLEMGR 4.0.0
2024-12-11 13:48:27,552 [INFO] ThirdParty:1030 - CMSIS Pack Vendor :STMicroelectronics X-CUBE-EEPRMA1 5.1.0
2024-12-11 13:48:27,552 [INFO] ThirdParty:1030 - CMSIS Pack Vendor :STMicroelectronics HAL Drivers 0.0.0
2024-12-11 13:48:27,552 [INFO] ThirdParty:1030 - CMSIS Pack Vendor :STMicroelectronics MBEDTLS 2.16.2
2024-12-11 13:48:27,552 [INFO] ThirdParty:1030 - CMSIS Pack Vendor :STMicroelectronics X-CUBE-ALS 1.0.2
2024-12-11 13:48:27,552 [INFO] ThirdParty:1030 - CMSIS Pack Vendor :emotas I-CUBE-CANOPEN 1.3.0
2024-12-11 13:48:27,552 [INFO] ThirdParty:1030 - CMSIS Pack Vendor :STMicroelectronics X-CUBE-FREERTOS 1.3.0
2024-12-11 13:48:27,552 [INFO] ThirdParty:1030 - CMSIS Pack Vendor :wolfSSL I-CUBE-wolfSSL 5.7.4
2024-12-11 13:48:27,552 [INFO] ThirdParty:1030 - CMSIS Pack Vendor :STMicroelectronics X-CUBE-NFC7 1.0.1
2024-12-11 13:48:27,552 [INFO] ThirdParty:1030 - CMSIS Pack Vendor :STMicroelectronics MBEDTLS 2.14.1
2024-12-11 13:48:27,552 [INFO] ThirdParty:1030 - CMSIS Pack Vendor :ITTIA_DB I-CUBE-ITTIADB 8.9.0
2024-12-11 13:48:27,553 [INFO] ThirdParty:1030 - CMSIS Pack Vendor :STMicroelectronics X-CUBE-TOUCHGFX 4.24.1
2024-12-11 13:48:27,553 [INFO] ThirdParty:1030 - CMSIS Pack Vendor :wolfSSL I-CUBE-wolfTPM 3.4.0
2024-12-11 13:48:27,553 [INFO] ThirdParty:1030 - CMSIS Pack Vendor :portGmbH I-Cube-SoM-uGOAL 1.1.0
2024-12-11 13:48:27,553 [INFO] ThirdParty:1030 - CMSIS Pack Vendor :STMicroelectronics X-CUBE-BLEMGR 3.1.0
2024-12-11 13:48:27,553 [INFO] ThirdParty:1030 - CMSIS Pack Vendor :STMicroelectronics ThreadX 1.0.0
2024-12-11 13:48:27,553 [INFO] ThirdParty:1030 - CMSIS Pack Vendor :STMicroelectronics FP-SNS-SMARTAG2 1.2.0
2024-12-11 13:48:27,553 [INFO] ThirdParty:1030 - CMSIS Pack Vendor :STMicroelectronics X-CUBE-AZRTOS-WL 2.0.0
2024-12-11 13:48:27,553 [INFO] ThirdParty:1030 - CMSIS Pack Vendor :SEGGER I-CUBE-embOS 1.3.1
2024-12-11 13:48:27,553 [INFO] ThirdParty:1030 - CMSIS Pack Vendor :STMicroelectronics X-CUBE-ALGOBUILD 1.4.0
2024-12-11 13:48:27,553 [INFO] ThirdParty:1030 - CMSIS Pack Vendor :STMicroelectronics FP-SNS-MOTENV1 5.0.0
2024-12-11 13:48:27,553 [INFO] ThirdParty:1030 - CMSIS Pack Vendor :STMicroelectronics USB_DEVICE 1.0.0
2024-12-11 13:48:27,553 [INFO] ThirdParty:1030 - CMSIS Pack Vendor :STMicroelectronics X-CUBE-AZRTOS-H7RS 1.0.0
2024-12-11 13:48:27,553 [INFO] ThirdParty:1030 - CMSIS Pack Vendor :wolfSSL I-CUBE-wolfMQTT 1.19.0
2024-12-11 13:48:27,553 [INFO] ThirdParty:1030 - CMSIS Pack Vendor :STMicroelectronics X-CUBE-AZRTOS-L4 2.0.0
2024-12-11 13:48:27,553 [INFO] ThirdParty:1030 - CMSIS Pack Vendor :STMicroelectronics ThreadX 0.0.2
2024-12-11 13:48:27,553 [INFO] ThirdParty:1030 - CMSIS Pack Vendor :WES I-CUBE-Cesium 1.3.0
2024-12-11 13:48:27,553 [INFO] ThirdParty:1030 - CMSIS Pack Vendor :STMicroelectronics lwIP 2.1.2
2024-12-11 13:48:27,553 [INFO] ThirdParty:1030 - CMSIS Pack Vendor :STMicroelectronics X-CUBE-SFXS2LP1 4.0.0
2024-12-11 13:48:27,553 [INFO] ThirdParty:1030 - CMSIS Pack Vendor :STMicroelectronics X-CUBE-BLE2 3.3.0
2024-12-11 13:48:27,553 [INFO] ThirdParty:1030 - CMSIS Pack Vendor :STMicroelectronics X-CUBE-TOF1 3.4.2
2024-12-11 13:48:27,553 [INFO] ThirdParty:1030 - CMSIS Pack Vendor :STMicroelectronics X-CUBE-AI 9.1.0
2024-12-11 13:48:27,553 [INFO] ThirdParty:1030 - CMSIS Pack Vendor :STMicroelectronics PDM2PCM 3.2.0
2024-12-11 13:48:27,553 [INFO] ThirdParty:1030 - CMSIS Pack Vendor :wolfSSL I-CUBE-wolfSSH 1.4.17
2024-12-11 13:48:27,553 [INFO] ThirdParty:841 - exiting critical section [change project]
2024-12-11 13:48:27,835 [INFO] PinOutPanel:1589 - setPackage(No Configuration,No Configuration)
2024-12-11 13:48:27,836 [INFO] PinOutPanel:1589 - setPackage(STM32L496ZGTxP,LQFP144)
2024-12-11 13:48:28,156 [INFO] UtilMem:75 - Before build in PCC Used Memory: 750110520 Bytes (1003487232)
2024-12-11 13:48:28,539 [INFO] UtilMem:75 - After build in PCC Used Memory: 853917496 Bytes (1003487232)
2024-12-11 13:48:28,561 [INFO] IPUIPlugin:80 - create IPUIPlugin
2024-12-11 13:48:28,561 [INFO] IPUIPlugin:80 - create IPUIPlugin
2024-12-11 13:48:28,561 [INFO] IPUIPlugin:80 - create IPUIPlugin
2024-12-11 13:48:28,561 [INFO] IPUIPlugin:80 - create IPUIPlugin
2024-12-11 13:48:28,561 [INFO] IPUIPlugin:80 - create IPUIPlugin
2024-12-11 13:48:28,561 [INFO] IPUIPlugin:80 - create IPUIPlugin
2024-12-11 13:48:28,561 [INFO] IPUIPlugin:80 - create IPUIPlugin
2024-12-11 13:48:28,561 [INFO] IPUIPlugin:80 - create IPUIPlugin
2024-12-11 13:48:28,561 [INFO] IPUIPlugin:80 - create IPUIPlugin
2024-12-11 13:48:28,562 [INFO] IPUIPlugin:80 - create IPUIPlugin
2024-12-11 13:48:28,562 [INFO] IPUIPlugin:80 - create IPUIPlugin
2024-12-11 13:48:28,562 [INFO] IPUIPlugin:80 - create IPUIPlugin
2024-12-11 13:48:28,562 [INFO] IPUIPlugin:80 - create IPUIPlugin
2024-12-11 13:48:28,562 [INFO] IPUIPlugin:80 - create IPUIPlugin
2024-12-11 13:48:28,562 [INFO] IPUIPlugin:80 - create IPUIPlugin
2024-12-11 13:48:28,562 [INFO] IPUIPlugin:80 - create IPUIPlugin
2024-12-11 13:48:28,562 [INFO] IPUIPlugin:80 - create IPUIPlugin
2024-12-11 13:48:28,562 [INFO] IPUIPlugin:80 - create IPUIPlugin
2024-12-11 13:48:28,562 [INFO] IPUIPlugin:80 - create IPUIPlugin
2024-12-11 13:48:28,562 [INFO] IPUIPlugin:80 - create IPUIPlugin
2024-12-11 13:48:28,562 [INFO] IPUIPlugin:80 - create IPUIPlugin
2024-12-11 13:48:28,562 [INFO] IPUIPlugin:80 - create IPUIPlugin
2024-12-11 13:48:28,563 [INFO] IPUIPlugin:80 - create IPUIPlugin
2024-12-11 13:48:28,563 [INFO] IPUIPlugin:80 - create IPUIPlugin
2024-12-11 13:48:28,563 [INFO] IPUIPlugin:80 - create IPUIPlugin
2024-12-11 13:48:28,564 [INFO] IPUIPlugin:80 - create IPUIPlugin
2024-12-11 13:48:28,564 [INFO] IPUIPlugin:80 - create IPUIPlugin
2024-12-11 13:48:28,564 [INFO] IPUIPlugin:80 - create IPUIPlugin
2024-12-11 13:48:28,564 [INFO] IPUIPlugin:80 - create IPUIPlugin
2024-12-11 13:48:28,564 [INFO] IPUIPlugin:80 - create IPUIPlugin
2024-12-11 13:48:28,564 [INFO] IPUIPlugin:80 - create IPUIPlugin
2024-12-11 13:48:28,564 [INFO] IPUIPlugin:80 - create IPUIPlugin
2024-12-11 13:48:28,564 [INFO] IPUIPlugin:80 - create IPUIPlugin
2024-12-11 13:48:28,564 [INFO] IPUIPlugin:80 - create IPUIPlugin
2024-12-11 13:48:28,565 [INFO] IPUIPlugin:80 - create IPUIPlugin
2024-12-11 13:48:28,565 [INFO] IPUIPlugin:80 - create IPUIPlugin
2024-12-11 13:48:28,565 [INFO] IPUIPlugin:80 - create IPUIPlugin
2024-12-11 13:48:28,565 [INFO] IPUIPlugin:80 - create IPUIPlugin
2024-12-11 13:48:28,565 [INFO] IPUIPlugin:80 - create IPUIPlugin
2024-12-11 13:48:28,565 [INFO] IPUIPlugin:80 - create IPUIPlugin
2024-12-11 13:48:28,565 [INFO] IPUIPlugin:80 - create IPUIPlugin
2024-12-11 13:48:28,565 [INFO] IPUIPlugin:80 - create IPUIPlugin
2024-12-11 13:48:28,566 [INFO] IPUIPlugin:80 - create IPUIPlugin
2024-12-11 13:48:28,566 [INFO] IPUIPlugin:80 - create IPUIPlugin
2024-12-11 13:48:28,566 [INFO] IPUIPlugin:80 - create IPUIPlugin
2024-12-11 13:48:28,566 [INFO] IPUIPlugin:80 - create IPUIPlugin
2024-12-11 13:48:28,566 [INFO] IPUIPlugin:80 - create IPUIPlugin
2024-12-11 13:48:28,566 [INFO] IPUIPlugin:80 - create IPUIPlugin
2024-12-11 13:48:28,566 [INFO] IPUIPlugin:80 - create IPUIPlugin
2024-12-11 13:48:28,566 [INFO] IPUIPlugin:80 - create IPUIPlugin
2024-12-11 13:48:28,567 [INFO] IPUIPlugin:80 - create IPUIPlugin
2024-12-11 13:48:28,567 [INFO] IPUIPlugin:80 - create IPUIPlugin
2024-12-11 13:48:28,567 [INFO] IPUIPlugin:80 - create IPUIPlugin
2024-12-11 13:48:28,567 [INFO] IPUIPlugin:80 - create IPUIPlugin
2024-12-11 13:48:28,567 [INFO] IPUIPlugin:80 - create IPUIPlugin
2024-12-11 13:48:28,567 [INFO] IPUIPlugin:80 - create IPUIPlugin
2024-12-11 13:48:28,568 [INFO] IPUIPlugin:80 - create IPUIPlugin
2024-12-11 13:48:28,568 [INFO] IPUIPlugin:80 - create IPUIPlugin
2024-12-11 13:48:28,568 [INFO] IPUIPlugin:80 - create IPUIPlugin
2024-12-11 13:48:28,568 [INFO] IPUIPlugin:80 - create IPUIPlugin
2024-12-11 13:48:28,568 [INFO] IPUIPlugin:80 - create IPUIPlugin
2024-12-11 13:48:28,568 [INFO] IPUIPlugin:80 - create IPUIPlugin
2024-12-11 13:48:28,569 [INFO] IPUIPlugin:80 - create IPUIPlugin
2024-12-11 13:48:28,569 [INFO] IPUIPlugin:80 - create IPUIPlugin
2024-12-11 13:48:28,569 [INFO] IPUIPlugin:80 - create IPUIPlugin
2024-12-11 13:48:28,648 [INFO] CADModel:165 - CPN selected for project levelSTM32L496ZGT6P
2024-12-11 13:48:28,648 [INFO] CADModel:114 - Register for checkConnection events
2024-12-11 13:48:28,746 [INFO] OpenFileManager:363 - Restore cursor
2024-12-11 13:53:48,530 [INFO] UtilMem:75 - End SaveConfig() Used Memory: 406490712 Bytes (1003487232)
2024-12-11 13:53:49,735 [INFO] UtilMem:75 - End SaveConfig() Used Memory: 445288024 Bytes (1003487232)
2024-12-11 13:53:51,104 [INFO] UtilMem:75 - End SaveConfig() Used Memory: 595760728 Bytes (1003487232)
2024-12-11 13:53:51,269 [INFO] BlockDiagram:2766 - set Specific Code input for plugin: SPI
2024-12-11 13:53:51,269 [INFO] BlockDiagram:2766 - set Specific Code input for plugin: SYS
2024-12-11 13:53:51,269 [INFO] BlockDiagram:2766 - set Specific Code input for plugin: RCC
2024-12-11 13:53:51,270 [INFO] BlockDiagram:2766 - set Specific Code input for plugin: NVIC
2024-12-11 13:53:51,270 [INFO] BlockDiagram:2766 - set Specific Code input for plugin: USART
2024-12-11 13:53:51,270 [INFO] BlockDiagram:2766 - set Specific Code input for plugin: DMA
2024-12-11 13:53:51,270 [INFO] BlockDiagram:2766 - set Specific Code input for plugin: GPIO
2024-12-11 13:53:51,272 [INFO] CodeGenerator:896 - code generatio: config db path: C:\ST\STM32CubeIDE_1.17.0\STM32CubeIDE\plugins\com.st.stm32cube.common.mx_6.13.0.202411220809\\db\
2024-12-11 13:53:51,282 [INFO] Argument:325 - Argument : hdmavalue: null
2024-12-11 13:53:51,283 [INFO] Argument:327 - 	 sub Args: 
2024-12-11 13:53:51,283 [INFO] Argument:325 - Argument : Instancevalue: DMA1_Channel2
2024-12-11 13:53:51,283 [INFO] Argument:335 - Argument : Instancevalue: DMA1_Channel2
2024-12-11 13:53:51,284 [INFO] Argument:325 - Argument : Initvalue: null
2024-12-11 13:53:51,284 [INFO] Argument:327 - 	 sub Args: 
2024-12-11 13:53:51,284 [INFO] Argument:325 - Argument : Requestvalue: DMA_REQUEST_1
2024-12-11 13:53:51,284 [INFO] Argument:335 - Argument : Requestvalue: DMA_REQUEST_1
2024-12-11 13:53:51,284 [INFO] Argument:325 - Argument : Directionvalue: DMA_PERIPH_TO_MEMORY
2024-12-11 13:53:51,284 [INFO] Argument:335 - Argument : Directionvalue: DMA_PERIPH_TO_MEMORY
2024-12-11 13:53:51,284 [INFO] Argument:325 - Argument : PeriphIncvalue: DMA_PINC_DISABLE
2024-12-11 13:53:51,284 [INFO] Argument:335 - Argument : PeriphIncvalue: DMA_PINC_DISABLE
2024-12-11 13:53:51,284 [INFO] Argument:325 - Argument : MemIncvalue: DMA_MINC_ENABLE
2024-12-11 13:53:51,284 [INFO] Argument:335 - Argument : MemIncvalue: DMA_MINC_ENABLE
2024-12-11 13:53:51,284 [INFO] Argument:325 - Argument : PeriphDataAlignmentvalue: DMA_PDATAALIGN_BYTE
2024-12-11 13:53:51,284 [INFO] Argument:335 - Argument : PeriphDataAlignmentvalue: DMA_PDATAALIGN_BYTE
2024-12-11 13:53:51,284 [INFO] Argument:325 - Argument : MemDataAlignmentvalue: DMA_MDATAALIGN_BYTE
2024-12-11 13:53:51,285 [INFO] Argument:335 - Argument : MemDataAlignmentvalue: DMA_MDATAALIGN_BYTE
2024-12-11 13:53:51,285 [INFO] Argument:325 - Argument : Modevalue: DMA_NORMAL
2024-12-11 13:53:51,285 [INFO] Argument:335 - Argument : Modevalue: DMA_NORMAL
2024-12-11 13:53:51,285 [INFO] Argument:325 - Argument : Priorityvalue: DMA_PRIORITY_LOW
2024-12-11 13:53:51,285 [INFO] Argument:335 - Argument : Priorityvalue: DMA_PRIORITY_LOW
2024-12-11 13:53:51,285 [INFO] Argument:325 - Argument : Lockvalue: null
2024-12-11 13:53:51,285 [INFO] Argument:335 - Argument : Lockvalue: null
2024-12-11 13:53:51,285 [INFO] Argument:325 - Argument : Statevalue: null
2024-12-11 13:53:51,285 [INFO] Argument:335 - Argument : Statevalue: null
2024-12-11 13:53:51,285 [INFO] Argument:325 - Argument : Parentvalue: null
2024-12-11 13:53:51,285 [INFO] Argument:335 - Argument : Parentvalue: null
2024-12-11 13:53:51,285 [INFO] Argument:325 - Argument : XferCpltCallbackvalue: null
2024-12-11 13:53:51,285 [INFO] Argument:335 - Argument : XferCpltCallbackvalue: null
2024-12-11 13:53:51,285 [INFO] Argument:325 - Argument : XferHalfCpltCallbackvalue: null
2024-12-11 13:53:51,285 [INFO] Argument:335 - Argument : XferHalfCpltCallbackvalue: null
2024-12-11 13:53:51,286 [INFO] Argument:325 - Argument : XferErrorCallbackvalue: null
2024-12-11 13:53:51,286 [INFO] Argument:335 - Argument : XferErrorCallbackvalue: null
2024-12-11 13:53:51,286 [INFO] Argument:325 - Argument : XferAbortCallbackvalue: null
2024-12-11 13:53:51,286 [INFO] Argument:335 - Argument : XferAbortCallbackvalue: null
2024-12-11 13:53:51,286 [INFO] Argument:325 - Argument : ErrorCodevalue: null
2024-12-11 13:53:51,286 [INFO] Argument:335 - Argument : ErrorCodevalue: null
2024-12-11 13:53:51,286 [INFO] Argument:325 - Argument : DmaBaseAddressvalue: null
2024-12-11 13:53:51,286 [INFO] Argument:335 - Argument : DmaBaseAddressvalue: null
2024-12-11 13:53:51,286 [INFO] Argument:325 - Argument : ChannelIndexvalue: null
2024-12-11 13:53:51,286 [INFO] Argument:335 - Argument : ChannelIndexvalue: null
2024-12-11 13:53:51,286 [INFO] Argument:325 - Argument : hdmavalue: null
2024-12-11 13:53:51,286 [INFO] Argument:327 - 	 sub Args: 
2024-12-11 13:53:51,286 [INFO] Argument:325 - Argument : Instancevalue: DMA1_Channel2
2024-12-11 13:53:51,286 [INFO] Argument:335 - Argument : Instancevalue: DMA1_Channel2
2024-12-11 13:53:51,286 [INFO] Argument:325 - Argument : Initvalue: null
2024-12-11 13:53:51,286 [INFO] Argument:327 - 	 sub Args: 
2024-12-11 13:53:51,287 [INFO] Argument:325 - Argument : Requestvalue: DMA_REQUEST_1
2024-12-11 13:53:51,287 [INFO] Argument:335 - Argument : Requestvalue: DMA_REQUEST_1
2024-12-11 13:53:51,287 [INFO] Argument:325 - Argument : Directionvalue: DMA_PERIPH_TO_MEMORY
2024-12-11 13:53:51,287 [INFO] Argument:335 - Argument : Directionvalue: DMA_PERIPH_TO_MEMORY
2024-12-11 13:53:51,287 [INFO] Argument:325 - Argument : PeriphIncvalue: DMA_PINC_DISABLE
2024-12-11 13:53:51,287 [INFO] Argument:335 - Argument : PeriphIncvalue: DMA_PINC_DISABLE
2024-12-11 13:53:51,287 [INFO] Argument:325 - Argument : MemIncvalue: DMA_MINC_ENABLE
2024-12-11 13:53:51,287 [INFO] Argument:335 - Argument : MemIncvalue: DMA_MINC_ENABLE
2024-12-11 13:53:51,287 [INFO] Argument:325 - Argument : PeriphDataAlignmentvalue: DMA_PDATAALIGN_BYTE
2024-12-11 13:53:51,287 [INFO] Argument:335 - Argument : PeriphDataAlignmentvalue: DMA_PDATAALIGN_BYTE
2024-12-11 13:53:51,287 [INFO] Argument:325 - Argument : MemDataAlignmentvalue: DMA_MDATAALIGN_BYTE
2024-12-11 13:53:51,287 [INFO] Argument:335 - Argument : MemDataAlignmentvalue: DMA_MDATAALIGN_BYTE
2024-12-11 13:53:51,287 [INFO] Argument:325 - Argument : Modevalue: DMA_NORMAL
2024-12-11 13:53:51,287 [INFO] Argument:335 - Argument : Modevalue: DMA_NORMAL
2024-12-11 13:53:51,287 [INFO] Argument:325 - Argument : Priorityvalue: DMA_PRIORITY_LOW
2024-12-11 13:53:51,287 [INFO] Argument:335 - Argument : Priorityvalue: DMA_PRIORITY_LOW
2024-12-11 13:53:51,287 [INFO] Argument:325 - Argument : Lockvalue: null
2024-12-11 13:53:51,287 [INFO] Argument:335 - Argument : Lockvalue: null
2024-12-11 13:53:51,287 [INFO] Argument:325 - Argument : Statevalue: null
2024-12-11 13:53:51,287 [INFO] Argument:335 - Argument : Statevalue: null
2024-12-11 13:53:51,287 [INFO] Argument:325 - Argument : Parentvalue: null
2024-12-11 13:53:51,287 [INFO] Argument:335 - Argument : Parentvalue: null
2024-12-11 13:53:51,287 [INFO] Argument:325 - Argument : XferCpltCallbackvalue: null
2024-12-11 13:53:51,287 [INFO] Argument:335 - Argument : XferCpltCallbackvalue: null
2024-12-11 13:53:51,287 [INFO] Argument:325 - Argument : XferHalfCpltCallbackvalue: null
2024-12-11 13:53:51,287 [INFO] Argument:335 - Argument : XferHalfCpltCallbackvalue: null
2024-12-11 13:53:51,287 [INFO] Argument:325 - Argument : XferErrorCallbackvalue: null
2024-12-11 13:53:51,287 [INFO] Argument:335 - Argument : XferErrorCallbackvalue: null
2024-12-11 13:53:51,287 [INFO] Argument:325 - Argument : XferAbortCallbackvalue: null
2024-12-11 13:53:51,287 [INFO] Argument:335 - Argument : XferAbortCallbackvalue: null
2024-12-11 13:53:51,287 [INFO] Argument:325 - Argument : ErrorCodevalue: null
2024-12-11 13:53:51,288 [INFO] Argument:335 - Argument : ErrorCodevalue: null
2024-12-11 13:53:51,288 [INFO] Argument:325 - Argument : DmaBaseAddressvalue: null
2024-12-11 13:53:51,288 [INFO] Argument:335 - Argument : DmaBaseAddressvalue: null
2024-12-11 13:53:51,288 [INFO] Argument:325 - Argument : ChannelIndexvalue: null
2024-12-11 13:53:51,288 [INFO] Argument:335 - Argument : ChannelIndexvalue: null
2024-12-11 13:53:51,288 [INFO] Argument:325 - Argument : pSyncConfigvalue: null
2024-12-11 13:53:51,288 [INFO] Argument:327 - 	 sub Args: 
2024-12-11 13:53:51,288 [INFO] Argument:325 - Argument : SyncSignalIDvalue: null
2024-12-11 13:53:51,288 [INFO] Argument:335 - Argument : SyncSignalIDvalue: null
2024-12-11 13:53:51,288 [INFO] Argument:325 - Argument : SyncPolarityvalue: null
2024-12-11 13:53:51,288 [INFO] Argument:335 - Argument : SyncPolarityvalue: null
2024-12-11 13:53:51,288 [INFO] Argument:325 - Argument : SyncEnablevalue: null
2024-12-11 13:53:51,288 [INFO] Argument:335 - Argument : SyncEnablevalue: null
2024-12-11 13:53:51,288 [INFO] Argument:325 - Argument : EventEnablevalue: null
2024-12-11 13:53:51,288 [INFO] Argument:335 - Argument : EventEnablevalue: null
2024-12-11 13:53:51,288 [INFO] Argument:325 - Argument : RequestNumbervalue: null
2024-12-11 13:53:51,288 [INFO] Argument:335 - Argument : RequestNumbervalue: null
2024-12-11 13:53:51,288 [INFO] Argument:325 - Argument : hdmavalue: null
2024-12-11 13:53:51,288 [INFO] Argument:327 - 	 sub Args: 
2024-12-11 13:53:51,288 [INFO] Argument:325 - Argument : Instancevalue: DMA1_Channel3
2024-12-11 13:53:51,288 [INFO] Argument:335 - Argument : Instancevalue: DMA1_Channel3
2024-12-11 13:53:51,288 [INFO] Argument:325 - Argument : Initvalue: null
2024-12-11 13:53:51,288 [INFO] Argument:327 - 	 sub Args: 
2024-12-11 13:53:51,288 [INFO] Argument:325 - Argument : Requestvalue: DMA_REQUEST_1
2024-12-11 13:53:51,288 [INFO] Argument:335 - Argument : Requestvalue: DMA_REQUEST_1
2024-12-11 13:53:51,288 [INFO] Argument:325 - Argument : Directionvalue: DMA_MEMORY_TO_PERIPH
2024-12-11 13:53:51,288 [INFO] Argument:335 - Argument : Directionvalue: DMA_MEMORY_TO_PERIPH
2024-12-11 13:53:51,288 [INFO] Argument:325 - Argument : PeriphIncvalue: DMA_PINC_DISABLE
2024-12-11 13:53:51,288 [INFO] Argument:335 - Argument : PeriphIncvalue: DMA_PINC_DISABLE
2024-12-11 13:53:51,288 [INFO] Argument:325 - Argument : MemIncvalue: DMA_MINC_ENABLE
2024-12-11 13:53:51,288 [INFO] Argument:335 - Argument : MemIncvalue: DMA_MINC_ENABLE
2024-12-11 13:53:51,289 [INFO] Argument:325 - Argument : PeriphDataAlignmentvalue: DMA_PDATAALIGN_BYTE
2024-12-11 13:53:51,289 [INFO] Argument:335 - Argument : PeriphDataAlignmentvalue: DMA_PDATAALIGN_BYTE
2024-12-11 13:53:51,289 [INFO] Argument:325 - Argument : MemDataAlignmentvalue: DMA_MDATAALIGN_BYTE
2024-12-11 13:53:51,289 [INFO] Argument:335 - Argument : MemDataAlignmentvalue: DMA_MDATAALIGN_BYTE
2024-12-11 13:53:51,289 [INFO] Argument:325 - Argument : Modevalue: DMA_NORMAL
2024-12-11 13:53:51,289 [INFO] Argument:335 - Argument : Modevalue: DMA_NORMAL
2024-12-11 13:53:51,289 [INFO] Argument:325 - Argument : Priorityvalue: DMA_PRIORITY_LOW
2024-12-11 13:53:51,289 [INFO] Argument:335 - Argument : Priorityvalue: DMA_PRIORITY_LOW
2024-12-11 13:53:51,289 [INFO] Argument:325 - Argument : Lockvalue: null
2024-12-11 13:53:51,289 [INFO] Argument:335 - Argument : Lockvalue: null
2024-12-11 13:53:51,289 [INFO] Argument:325 - Argument : Statevalue: null
2024-12-11 13:53:51,289 [INFO] Argument:335 - Argument : Statevalue: null
2024-12-11 13:53:51,289 [INFO] Argument:325 - Argument : Parentvalue: null
2024-12-11 13:53:51,289 [INFO] Argument:335 - Argument : Parentvalue: null
2024-12-11 13:53:51,289 [INFO] Argument:325 - Argument : XferCpltCallbackvalue: null
2024-12-11 13:53:51,289 [INFO] Argument:335 - Argument : XferCpltCallbackvalue: null
2024-12-11 13:53:51,289 [INFO] Argument:325 - Argument : XferHalfCpltCallbackvalue: null
2024-12-11 13:53:51,289 [INFO] Argument:335 - Argument : XferHalfCpltCallbackvalue: null
2024-12-11 13:53:51,289 [INFO] Argument:325 - Argument : XferErrorCallbackvalue: null
2024-12-11 13:53:51,289 [INFO] Argument:335 - Argument : XferErrorCallbackvalue: null
2024-12-11 13:53:51,289 [INFO] Argument:325 - Argument : XferAbortCallbackvalue: null
2024-12-11 13:53:51,289 [INFO] Argument:335 - Argument : XferAbortCallbackvalue: null
2024-12-11 13:53:51,289 [INFO] Argument:325 - Argument : ErrorCodevalue: null
2024-12-11 13:53:51,289 [INFO] Argument:335 - Argument : ErrorCodevalue: null
2024-12-11 13:53:51,289 [INFO] Argument:325 - Argument : DmaBaseAddressvalue: null
2024-12-11 13:53:51,289 [INFO] Argument:335 - Argument : DmaBaseAddressvalue: null
2024-12-11 13:53:51,289 [INFO] Argument:325 - Argument : ChannelIndexvalue: null
2024-12-11 13:53:51,289 [INFO] Argument:335 - Argument : ChannelIndexvalue: null
2024-12-11 13:53:51,289 [INFO] Argument:325 - Argument : hdmavalue: null
2024-12-11 13:53:51,289 [INFO] Argument:327 - 	 sub Args: 
2024-12-11 13:53:51,289 [INFO] Argument:325 - Argument : Instancevalue: DMA1_Channel3
2024-12-11 13:53:51,289 [INFO] Argument:335 - Argument : Instancevalue: DMA1_Channel3
2024-12-11 13:53:51,289 [INFO] Argument:325 - Argument : Initvalue: null
2024-12-11 13:53:51,289 [INFO] Argument:327 - 	 sub Args: 
2024-12-11 13:53:51,289 [INFO] Argument:325 - Argument : Requestvalue: DMA_REQUEST_1
2024-12-11 13:53:51,289 [INFO] Argument:335 - Argument : Requestvalue: DMA_REQUEST_1
2024-12-11 13:53:51,289 [INFO] Argument:325 - Argument : Directionvalue: DMA_MEMORY_TO_PERIPH
2024-12-11 13:53:51,289 [INFO] Argument:335 - Argument : Directionvalue: DMA_MEMORY_TO_PERIPH
2024-12-11 13:53:51,289 [INFO] Argument:325 - Argument : PeriphIncvalue: DMA_PINC_DISABLE
2024-12-11 13:53:51,289 [INFO] Argument:335 - Argument : PeriphIncvalue: DMA_PINC_DISABLE
2024-12-11 13:53:51,289 [INFO] Argument:325 - Argument : MemIncvalue: DMA_MINC_ENABLE
2024-12-11 13:53:51,290 [INFO] Argument:335 - Argument : MemIncvalue: DMA_MINC_ENABLE
2024-12-11 13:53:51,290 [INFO] Argument:325 - Argument : PeriphDataAlignmentvalue: DMA_PDATAALIGN_BYTE
2024-12-11 13:53:51,290 [INFO] Argument:335 - Argument : PeriphDataAlignmentvalue: DMA_PDATAALIGN_BYTE
2024-12-11 13:53:51,290 [INFO] Argument:325 - Argument : MemDataAlignmentvalue: DMA_MDATAALIGN_BYTE
2024-12-11 13:53:51,290 [INFO] Argument:335 - Argument : MemDataAlignmentvalue: DMA_MDATAALIGN_BYTE
2024-12-11 13:53:51,290 [INFO] Argument:325 - Argument : Modevalue: DMA_NORMAL
2024-12-11 13:53:51,290 [INFO] Argument:335 - Argument : Modevalue: DMA_NORMAL
2024-12-11 13:53:51,290 [INFO] Argument:325 - Argument : Priorityvalue: DMA_PRIORITY_LOW
2024-12-11 13:53:51,290 [INFO] Argument:335 - Argument : Priorityvalue: DMA_PRIORITY_LOW
2024-12-11 13:53:51,290 [INFO] Argument:325 - Argument : Lockvalue: null
2024-12-11 13:53:51,290 [INFO] Argument:335 - Argument : Lockvalue: null
2024-12-11 13:53:51,290 [INFO] Argument:325 - Argument : Statevalue: null
2024-12-11 13:53:51,290 [INFO] Argument:335 - Argument : Statevalue: null
2024-12-11 13:53:51,290 [INFO] Argument:325 - Argument : Parentvalue: null
2024-12-11 13:53:51,290 [INFO] Argument:335 - Argument : Parentvalue: null
2024-12-11 13:53:51,290 [INFO] Argument:325 - Argument : XferCpltCallbackvalue: null
2024-12-11 13:53:51,290 [INFO] Argument:335 - Argument : XferCpltCallbackvalue: null
2024-12-11 13:53:51,290 [INFO] Argument:325 - Argument : XferHalfCpltCallbackvalue: null
2024-12-11 13:53:51,290 [INFO] Argument:335 - Argument : XferHalfCpltCallbackvalue: null
2024-12-11 13:53:51,290 [INFO] Argument:325 - Argument : XferErrorCallbackvalue: null
2024-12-11 13:53:51,290 [INFO] Argument:335 - Argument : XferErrorCallbackvalue: null
2024-12-11 13:53:51,290 [INFO] Argument:325 - Argument : XferAbortCallbackvalue: null
2024-12-11 13:53:51,290 [INFO] Argument:335 - Argument : XferAbortCallbackvalue: null
2024-12-11 13:53:51,290 [INFO] Argument:325 - Argument : ErrorCodevalue: null
2024-12-11 13:53:51,290 [INFO] Argument:335 - Argument : ErrorCodevalue: null
2024-12-11 13:53:51,290 [INFO] Argument:325 - Argument : DmaBaseAddressvalue: null
2024-12-11 13:53:51,290 [INFO] Argument:335 - Argument : DmaBaseAddressvalue: null
2024-12-11 13:53:51,290 [INFO] Argument:325 - Argument : ChannelIndexvalue: null
2024-12-11 13:53:51,290 [INFO] Argument:335 - Argument : ChannelIndexvalue: null
2024-12-11 13:53:51,290 [INFO] Argument:325 - Argument : pSyncConfigvalue: null
2024-12-11 13:53:51,290 [INFO] Argument:327 - 	 sub Args: 
2024-12-11 13:53:51,290 [INFO] Argument:325 - Argument : SyncSignalIDvalue: null
2024-12-11 13:53:51,291 [INFO] Argument:335 - Argument : SyncSignalIDvalue: null
2024-12-11 13:53:51,291 [INFO] Argument:325 - Argument : SyncPolarityvalue: null
2024-12-11 13:53:51,291 [INFO] Argument:335 - Argument : SyncPolarityvalue: null
2024-12-11 13:53:51,291 [INFO] Argument:325 - Argument : SyncEnablevalue: null
2024-12-11 13:53:51,291 [INFO] Argument:335 - Argument : SyncEnablevalue: null
2024-12-11 13:53:51,291 [INFO] Argument:325 - Argument : EventEnablevalue: null
2024-12-11 13:53:51,291 [INFO] Argument:335 - Argument : EventEnablevalue: null
2024-12-11 13:53:51,291 [INFO] Argument:325 - Argument : RequestNumbervalue: null
2024-12-11 13:53:51,291 [INFO] Argument:335 - Argument : RequestNumbervalue: null
2024-12-11 13:53:51,426 [INFO] CodeEngine:255 - oldGeneratedFile, C:\Users\ZOJOLDRI\STM32CubeIDE\workspace_InProgress\ADIN1110\MXTmpFiles\license.tmp_save
2024-12-11 13:53:51,673 [INFO] CodeEngine:279 - Generated code: C:\Users\ZOJOLDRI\STM32CubeIDE\workspace_InProgress\ADIN1110\MXTmpFiles\license.tmp
2024-12-11 13:53:51,764 [INFO] CodeEngine:255 - oldGeneratedFile, C:\Users\ZOJOLDRI\STM32CubeIDE\workspace_InProgress\ADIN1110\Core\Src\gpio.c_save
2024-12-11 13:53:51,911 [INFO] CodeEngine:279 - Generated code: C:\Users\ZOJOLDRI\STM32CubeIDE\workspace_InProgress\ADIN1110\Core\Src\gpio.c
2024-12-11 13:53:51,939 [INFO] CodeEngine:255 - oldGeneratedFile, C:\Users\ZOJOLDRI\STM32CubeIDE\workspace_InProgress\ADIN1110\Core\Inc\gpio.h_save
2024-12-11 13:53:52,075 [INFO] CodeEngine:279 - Generated code: C:\Users\ZOJOLDRI\STM32CubeIDE\workspace_InProgress\ADIN1110\Core\Inc\gpio.h
2024-12-11 13:53:52,345 [INFO] CodeEngine:255 - oldGeneratedFile, C:\Users\ZOJOLDRI\STM32CubeIDE\workspace_InProgress\ADIN1110\Core\Src\dma.c_save
2024-12-11 13:53:52,425 [INFO] CodeEngine:279 - Generated code: C:\Users\ZOJOLDRI\STM32CubeIDE\workspace_InProgress\ADIN1110\Core\Src\dma.c
2024-12-11 13:53:52,447 [INFO] CodeEngine:255 - oldGeneratedFile, C:\Users\ZOJOLDRI\STM32CubeIDE\workspace_InProgress\ADIN1110\Core\Inc\dma.h_save
2024-12-11 13:53:52,522 [INFO] CodeEngine:279 - Generated code: C:\Users\ZOJOLDRI\STM32CubeIDE\workspace_InProgress\ADIN1110\Core\Inc\dma.h
2024-12-11 13:53:52,549 [INFO] CodeEngine:255 - oldGeneratedFile, C:\Users\ZOJOLDRI\STM32CubeIDE\workspace_InProgress\ADIN1110\Core\Src\spi.c_save
2024-12-11 13:53:52,660 [INFO] CodeEngine:279 - Generated code: C:\Users\ZOJOLDRI\STM32CubeIDE\workspace_InProgress\ADIN1110\Core\Src\spi.c
2024-12-11 13:53:52,685 [INFO] CodeEngine:255 - oldGeneratedFile, C:\Users\ZOJOLDRI\STM32CubeIDE\workspace_InProgress\ADIN1110\Core\Inc\spi.h_save
2024-12-11 13:53:52,761 [INFO] CodeEngine:279 - Generated code: C:\Users\ZOJOLDRI\STM32CubeIDE\workspace_InProgress\ADIN1110\Core\Inc\spi.h
2024-12-11 13:53:52,780 [INFO] CodeEngine:255 - oldGeneratedFile, C:\Users\ZOJOLDRI\STM32CubeIDE\workspace_InProgress\ADIN1110\Core\Src\usart.c_save
2024-12-11 13:53:52,878 [INFO] CodeEngine:279 - Generated code: C:\Users\ZOJOLDRI\STM32CubeIDE\workspace_InProgress\ADIN1110\Core\Src\usart.c
2024-12-11 13:53:52,886 [INFO] CodeEngine:255 - oldGeneratedFile, C:\Users\ZOJOLDRI\STM32CubeIDE\workspace_InProgress\ADIN1110\Core\Inc\usart.h_save
2024-12-11 13:53:52,970 [INFO] CodeEngine:279 - Generated code: C:\Users\ZOJOLDRI\STM32CubeIDE\workspace_InProgress\ADIN1110\Core\Inc\usart.h
2024-12-11 13:53:53,004 [INFO] CodeEngine:255 - oldGeneratedFile, C:\Users\ZOJOLDRI\STM32CubeIDE\workspace_InProgress\ADIN1110\Core\Src\stm32l4xx_it.c_save
2024-12-11 13:53:53,180 [INFO] CodeEngine:279 - Generated code: C:\Users\ZOJOLDRI\STM32CubeIDE\workspace_InProgress\ADIN1110\Core\Src\stm32l4xx_it.c
2024-12-11 13:53:53,200 [INFO] CodeEngine:255 - oldGeneratedFile, C:\Users\ZOJOLDRI\STM32CubeIDE\workspace_InProgress\ADIN1110\Core\Inc\stm32l4xx_it.h_save
2024-12-11 13:53:53,262 [INFO] CodeEngine:279 - Generated code: C:\Users\ZOJOLDRI\STM32CubeIDE\workspace_InProgress\ADIN1110\Core\Inc\stm32l4xx_it.h
2024-12-11 13:53:53,292 [INFO] CodeEngine:255 - oldGeneratedFile, C:\Users\ZOJOLDRI\STM32CubeIDE\workspace_InProgress\ADIN1110\Core\Src\stm32l4xx_hal_msp.c_save
2024-12-11 13:53:53,352 [INFO] CodeEngine:279 - Generated code: C:\Users\ZOJOLDRI\STM32CubeIDE\workspace_InProgress\ADIN1110\Core\Src\stm32l4xx_hal_msp.c
2024-12-11 13:53:53,361 [INFO] CodeEngine:255 - oldGeneratedFile, C:\Users\ZOJOLDRI\STM32CubeIDE\workspace_InProgress\ADIN1110\MXTmpFiles\system.tmp_save
2024-12-11 13:53:53,401 [INFO] CodeEngine:279 - Generated code: C:\Users\ZOJOLDRI\STM32CubeIDE\workspace_InProgress\ADIN1110\MXTmpFiles\system.tmp
2024-12-11 13:53:53,424 [INFO] CodeEngine:311 - oldGeneratedFile, C:\Users\ZOJOLDRI\STM32CubeIDE\workspace_InProgress\ADIN1110\Core\Inc\stm32l4xx_hal_conf.h_save
2024-12-11 13:53:53,492 [INFO] CodeEngine:335 - Generated code: C:\Users\ZOJOLDRI\STM32CubeIDE\workspace_InProgress\ADIN1110\Core\Inc\stm32l4xx_hal_conf.h
2024-12-11 13:53:53,521 [INFO] ApiDbMcu:508 - Load IP Config File for SPI1
2024-12-11 13:53:53,527 [INFO] ApiDbMcu:508 - Load IP Config File for USART3
2024-12-11 13:53:53,529 [INFO] ApiDbMcu:508 - Load IP Config File for RCC
2024-12-11 13:53:53,555 [INFO] CodeEngine:255 - oldGeneratedFile, C:\Users\ZOJOLDRI\STM32CubeIDE\workspace_InProgress\ADIN1110\Core\Inc\main.h_save
2024-12-11 13:53:53,624 [INFO] CodeEngine:279 - Generated code: C:\Users\ZOJOLDRI\STM32CubeIDE\workspace_InProgress\ADIN1110\Core\Inc\main.h
2024-12-11 13:53:53,643 [INFO] CodeEngine:255 - oldGeneratedFile, C:\Users\ZOJOLDRI\STM32CubeIDE\workspace_InProgress\ADIN1110\Core\Src\main.c_save
2024-12-11 13:53:53,726 [INFO] CodeEngine:279 - Generated code: C:\Users\ZOJOLDRI\STM32CubeIDE\workspace_InProgress\ADIN1110\Core\Src\main.c
2024-12-11 13:53:53,950 [INFO] ProjectBuilder:3289 - Time for Copy HAL[1] : 133mS.
2024-12-11 13:53:53,953 [INFO] ProjectBuilder:4876 - Project Generator version: 4.5.0-RC5
2024-12-11 13:53:53,995 [INFO] ConfigFileManager:1579 - The Die is : DIE461
2024-12-11 13:53:54,005 [INFO] ApiDbMcu:508 - Load IP Config File for FATFS
2024-12-11 13:53:54,014 [INFO] ApiDbMcu:508 - Load IP Config File for FREERTOS
2024-12-11 13:53:54,027 [INFO] ApiDbMcu:508 - Load IP Config File for TOUCHSENSING
2024-12-11 13:53:54,037 [INFO] ApiDbMcu:508 - Load IP Config File for USB_DEVICE
2024-12-11 13:53:54,044 [INFO] ApiDbMcu:508 - Load IP Config File for USB_HOST
2024-12-11 13:53:55,685 [INFO] ProjectBuilder:5154 - Time for Generating toolchain IDE Files: 1732mS.
2024-12-11 13:53:55,686 [INFO] ProjectBuilder:3146 - Time for Copy CMSIS : 0mS.
2024-12-11 13:53:55,689 [INFO] ProjectBuilder:3146 - Time for Copy CMSIS : 0mS.
2024-12-11 13:56:17,736 [INFO] NvicIntPanel:101 - NVIC parent = com.st.microxplorer.plugins.ip.nvic.MultiNvicIntPanel[,0,0,0x0,invalid,layout=javax.swing.BoxLayout,alignmentX=0.0,alignmentY=0.0,border=,flags=9,maximumSize=,minimumSize=,preferredSize=]
2024-12-11 13:58:28,392 [INFO] NvicIntPanel:101 - NVIC parent = com.st.microxplorer.plugins.ip.nvic.MultiNvicIntPanel[,0,0,0x0,invalid,layout=javax.swing.BoxLayout,alignmentX=0.0,alignmentY=0.0,border=,flags=9,maximumSize=,minimumSize=,preferredSize=]
2024-12-11 14:00:35,552 [INFO] Gpio:277 - dependency for GPIO [SPI1, USART3]
2024-12-11 14:01:30,624 [INFO] UtilMem:75 - End SaveConfig() Used Memory: 415570176 Bytes (1073741824)
2024-12-11 14:01:32,231 [INFO] UtilMem:75 - End SaveConfig() Used Memory: 454367488 Bytes (1073741824)
2024-12-11 14:01:33,697 [INFO] UtilMem:75 - End SaveConfig() Used Memory: 526719232 Bytes (1073741824)
2024-12-11 14:01:34,063 [INFO] BlockDiagram:2766 - set Specific Code input for plugin: SPI
2024-12-11 14:01:34,063 [INFO] BlockDiagram:2766 - set Specific Code input for plugin: SYS
2024-12-11 14:01:34,063 [INFO] BlockDiagram:2766 - set Specific Code input for plugin: RCC
2024-12-11 14:01:34,063 [INFO] BlockDiagram:2766 - set Specific Code input for plugin: NVIC
2024-12-11 14:01:34,063 [INFO] BlockDiagram:2766 - set Specific Code input for plugin: USART
2024-12-11 14:01:34,063 [INFO] BlockDiagram:2766 - set Specific Code input for plugin: DMA
2024-12-11 14:01:34,063 [INFO] BlockDiagram:2766 - set Specific Code input for plugin: GPIO
2024-12-11 14:01:34,064 [INFO] CodeGenerator:896 - code generatio: config db path: C:\ST\STM32CubeIDE_1.17.0\STM32CubeIDE\plugins\com.st.stm32cube.common.mx_6.13.0.202411220809\\db\
2024-12-11 14:01:34,073 [INFO] Argument:325 - Argument : hdmavalue: null
2024-12-11 14:01:34,073 [INFO] Argument:327 - 	 sub Args: 
2024-12-11 14:01:34,073 [INFO] Argument:325 - Argument : Instancevalue: DMA1_Channel2
2024-12-11 14:01:34,073 [INFO] Argument:335 - Argument : Instancevalue: DMA1_Channel2
2024-12-11 14:01:34,073 [INFO] Argument:325 - Argument : Initvalue: null
2024-12-11 14:01:34,073 [INFO] Argument:327 - 	 sub Args: 
2024-12-11 14:01:34,074 [INFO] Argument:325 - Argument : Requestvalue: DMA_REQUEST_1
2024-12-11 14:01:34,074 [INFO] Argument:335 - Argument : Requestvalue: DMA_REQUEST_1
2024-12-11 14:01:34,074 [INFO] Argument:325 - Argument : Directionvalue: DMA_PERIPH_TO_MEMORY
2024-12-11 14:01:34,074 [INFO] Argument:335 - Argument : Directionvalue: DMA_PERIPH_TO_MEMORY
2024-12-11 14:01:34,074 [INFO] Argument:325 - Argument : PeriphIncvalue: DMA_PINC_DISABLE
2024-12-11 14:01:34,074 [INFO] Argument:335 - Argument : PeriphIncvalue: DMA_PINC_DISABLE
2024-12-11 14:01:34,074 [INFO] Argument:325 - Argument : MemIncvalue: DMA_MINC_ENABLE
2024-12-11 14:01:34,074 [INFO] Argument:335 - Argument : MemIncvalue: DMA_MINC_ENABLE
2024-12-11 14:01:34,074 [INFO] Argument:325 - Argument : PeriphDataAlignmentvalue: DMA_PDATAALIGN_BYTE
2024-12-11 14:01:34,074 [INFO] Argument:335 - Argument : PeriphDataAlignmentvalue: DMA_PDATAALIGN_BYTE
2024-12-11 14:01:34,074 [INFO] Argument:325 - Argument : MemDataAlignmentvalue: DMA_MDATAALIGN_BYTE
2024-12-11 14:01:34,074 [INFO] Argument:335 - Argument : MemDataAlignmentvalue: DMA_MDATAALIGN_BYTE
2024-12-11 14:01:34,074 [INFO] Argument:325 - Argument : Modevalue: DMA_NORMAL
2024-12-11 14:01:34,074 [INFO] Argument:335 - Argument : Modevalue: DMA_NORMAL
2024-12-11 14:01:34,074 [INFO] Argument:325 - Argument : Priorityvalue: DMA_PRIORITY_LOW
2024-12-11 14:01:34,074 [INFO] Argument:335 - Argument : Priorityvalue: DMA_PRIORITY_LOW
2024-12-11 14:01:34,074 [INFO] Argument:325 - Argument : Lockvalue: null
2024-12-11 14:01:34,075 [INFO] Argument:335 - Argument : Lockvalue: null
2024-12-11 14:01:34,075 [INFO] Argument:325 - Argument : Statevalue: null
2024-12-11 14:01:34,075 [INFO] Argument:335 - Argument : Statevalue: null
2024-12-11 14:01:34,075 [INFO] Argument:325 - Argument : Parentvalue: null
2024-12-11 14:01:34,075 [INFO] Argument:335 - Argument : Parentvalue: null
2024-12-11 14:01:34,075 [INFO] Argument:325 - Argument : XferCpltCallbackvalue: null
2024-12-11 14:01:34,075 [INFO] Argument:335 - Argument : XferCpltCallbackvalue: null
2024-12-11 14:01:34,075 [INFO] Argument:325 - Argument : XferHalfCpltCallbackvalue: null
2024-12-11 14:01:34,075 [INFO] Argument:335 - Argument : XferHalfCpltCallbackvalue: null
2024-12-11 14:01:34,075 [INFO] Argument:325 - Argument : XferErrorCallbackvalue: null
2024-12-11 14:01:34,075 [INFO] Argument:335 - Argument : XferErrorCallbackvalue: null
2024-12-11 14:01:34,075 [INFO] Argument:325 - Argument : XferAbortCallbackvalue: null
2024-12-11 14:01:34,075 [INFO] Argument:335 - Argument : XferAbortCallbackvalue: null
2024-12-11 14:01:34,075 [INFO] Argument:325 - Argument : ErrorCodevalue: null
2024-12-11 14:01:34,075 [INFO] Argument:335 - Argument : ErrorCodevalue: null
2024-12-11 14:01:34,075 [INFO] Argument:325 - Argument : DmaBaseAddressvalue: null
2024-12-11 14:01:34,075 [INFO] Argument:335 - Argument : DmaBaseAddressvalue: null
2024-12-11 14:01:34,076 [INFO] Argument:325 - Argument : ChannelIndexvalue: null
2024-12-11 14:01:34,076 [INFO] Argument:335 - Argument : ChannelIndexvalue: null
2024-12-11 14:01:34,076 [INFO] Argument:325 - Argument : hdmavalue: null
2024-12-11 14:01:34,076 [INFO] Argument:327 - 	 sub Args: 
2024-12-11 14:01:34,076 [INFO] Argument:325 - Argument : Instancevalue: DMA1_Channel2
2024-12-11 14:01:34,076 [INFO] Argument:335 - Argument : Instancevalue: DMA1_Channel2
2024-12-11 14:01:34,076 [INFO] Argument:325 - Argument : Initvalue: null
2024-12-11 14:01:34,076 [INFO] Argument:327 - 	 sub Args: 
2024-12-11 14:01:34,076 [INFO] Argument:325 - Argument : Requestvalue: DMA_REQUEST_1
2024-12-11 14:01:34,076 [INFO] Argument:335 - Argument : Requestvalue: DMA_REQUEST_1
2024-12-11 14:01:34,076 [INFO] Argument:325 - Argument : Directionvalue: DMA_PERIPH_TO_MEMORY
2024-12-11 14:01:34,076 [INFO] Argument:335 - Argument : Directionvalue: DMA_PERIPH_TO_MEMORY
2024-12-11 14:01:34,076 [INFO] Argument:325 - Argument : PeriphIncvalue: DMA_PINC_DISABLE
2024-12-11 14:01:34,076 [INFO] Argument:335 - Argument : PeriphIncvalue: DMA_PINC_DISABLE
2024-12-11 14:01:34,077 [INFO] Argument:325 - Argument : MemIncvalue: DMA_MINC_ENABLE
2024-12-11 14:01:34,077 [INFO] Argument:335 - Argument : MemIncvalue: DMA_MINC_ENABLE
2024-12-11 14:01:34,077 [INFO] Argument:325 - Argument : PeriphDataAlignmentvalue: DMA_PDATAALIGN_BYTE
2024-12-11 14:01:34,077 [INFO] Argument:335 - Argument : PeriphDataAlignmentvalue: DMA_PDATAALIGN_BYTE
2024-12-11 14:01:34,077 [INFO] Argument:325 - Argument : MemDataAlignmentvalue: DMA_MDATAALIGN_BYTE
2024-12-11 14:01:34,077 [INFO] Argument:335 - Argument : MemDataAlignmentvalue: DMA_MDATAALIGN_BYTE
2024-12-11 14:01:34,077 [INFO] Argument:325 - Argument : Modevalue: DMA_NORMAL
2024-12-11 14:01:34,077 [INFO] Argument:335 - Argument : Modevalue: DMA_NORMAL
2024-12-11 14:01:34,077 [INFO] Argument:325 - Argument : Priorityvalue: DMA_PRIORITY_LOW
2024-12-11 14:01:34,077 [INFO] Argument:335 - Argument : Priorityvalue: DMA_PRIORITY_LOW
2024-12-11 14:01:34,077 [INFO] Argument:325 - Argument : Lockvalue: null
2024-12-11 14:01:34,077 [INFO] Argument:335 - Argument : Lockvalue: null
2024-12-11 14:01:34,077 [INFO] Argument:325 - Argument : Statevalue: null
2024-12-11 14:01:34,077 [INFO] Argument:335 - Argument : Statevalue: null
2024-12-11 14:01:34,077 [INFO] Argument:325 - Argument : Parentvalue: null
2024-12-11 14:01:34,077 [INFO] Argument:335 - Argument : Parentvalue: null
2024-12-11 14:01:34,077 [INFO] Argument:325 - Argument : XferCpltCallbackvalue: null
2024-12-11 14:01:34,077 [INFO] Argument:335 - Argument : XferCpltCallbackvalue: null
2024-12-11 14:01:34,078 [INFO] Argument:325 - Argument : XferHalfCpltCallbackvalue: null
2024-12-11 14:01:34,078 [INFO] Argument:335 - Argument : XferHalfCpltCallbackvalue: null
2024-12-11 14:01:34,078 [INFO] Argument:325 - Argument : XferErrorCallbackvalue: null
2024-12-11 14:01:34,078 [INFO] Argument:335 - Argument : XferErrorCallbackvalue: null
2024-12-11 14:01:34,078 [INFO] Argument:325 - Argument : XferAbortCallbackvalue: null
2024-12-11 14:01:34,078 [INFO] Argument:335 - Argument : XferAbortCallbackvalue: null
2024-12-11 14:01:34,078 [INFO] Argument:325 - Argument : ErrorCodevalue: null
2024-12-11 14:01:34,078 [INFO] Argument:335 - Argument : ErrorCodevalue: null
2024-12-11 14:01:34,078 [INFO] Argument:325 - Argument : DmaBaseAddressvalue: null
2024-12-11 14:01:34,078 [INFO] Argument:335 - Argument : DmaBaseAddressvalue: null
2024-12-11 14:01:34,078 [INFO] Argument:325 - Argument : ChannelIndexvalue: null
2024-12-11 14:01:34,078 [INFO] Argument:335 - Argument : ChannelIndexvalue: null
2024-12-11 14:01:34,078 [INFO] Argument:325 - Argument : pSyncConfigvalue: null
2024-12-11 14:01:34,078 [INFO] Argument:327 - 	 sub Args: 
2024-12-11 14:01:34,078 [INFO] Argument:325 - Argument : SyncSignalIDvalue: null
2024-12-11 14:01:34,079 [INFO] Argument:335 - Argument : SyncSignalIDvalue: null
2024-12-11 14:01:34,079 [INFO] Argument:325 - Argument : SyncPolarityvalue: null
2024-12-11 14:01:34,079 [INFO] Argument:335 - Argument : SyncPolarityvalue: null
2024-12-11 14:01:34,079 [INFO] Argument:325 - Argument : SyncEnablevalue: null
2024-12-11 14:01:34,079 [INFO] Argument:335 - Argument : SyncEnablevalue: null
2024-12-11 14:01:34,079 [INFO] Argument:325 - Argument : EventEnablevalue: null
2024-12-11 14:01:34,079 [INFO] Argument:335 - Argument : EventEnablevalue: null
2024-12-11 14:01:34,079 [INFO] Argument:325 - Argument : RequestNumbervalue: null
2024-12-11 14:01:34,079 [INFO] Argument:335 - Argument : RequestNumbervalue: null
2024-12-11 14:01:34,080 [INFO] Argument:325 - Argument : hdmavalue: null
2024-12-11 14:01:34,080 [INFO] Argument:327 - 	 sub Args: 
2024-12-11 14:01:34,080 [INFO] Argument:325 - Argument : Instancevalue: DMA1_Channel3
2024-12-11 14:01:34,080 [INFO] Argument:335 - Argument : Instancevalue: DMA1_Channel3
2024-12-11 14:01:34,080 [INFO] Argument:325 - Argument : Initvalue: null
2024-12-11 14:01:34,080 [INFO] Argument:327 - 	 sub Args: 
2024-12-11 14:01:34,080 [INFO] Argument:325 - Argument : Requestvalue: DMA_REQUEST_1
2024-12-11 14:01:34,080 [INFO] Argument:335 - Argument : Requestvalue: DMA_REQUEST_1
2024-12-11 14:01:34,080 [INFO] Argument:325 - Argument : Directionvalue: DMA_MEMORY_TO_PERIPH
2024-12-11 14:01:34,081 [INFO] Argument:335 - Argument : Directionvalue: DMA_MEMORY_TO_PERIPH
2024-12-11 14:01:34,081 [INFO] Argument:325 - Argument : PeriphIncvalue: DMA_PINC_DISABLE
2024-12-11 14:01:34,081 [INFO] Argument:335 - Argument : PeriphIncvalue: DMA_PINC_DISABLE
2024-12-11 14:01:34,081 [INFO] Argument:325 - Argument : MemIncvalue: DMA_MINC_ENABLE
2024-12-11 14:01:34,081 [INFO] Argument:335 - Argument : MemIncvalue: DMA_MINC_ENABLE
2024-12-11 14:01:34,081 [INFO] Argument:325 - Argument : PeriphDataAlignmentvalue: DMA_PDATAALIGN_BYTE
2024-12-11 14:01:34,081 [INFO] Argument:335 - Argument : PeriphDataAlignmentvalue: DMA_PDATAALIGN_BYTE
2024-12-11 14:01:34,081 [INFO] Argument:325 - Argument : MemDataAlignmentvalue: DMA_MDATAALIGN_BYTE
2024-12-11 14:01:34,081 [INFO] Argument:335 - Argument : MemDataAlignmentvalue: DMA_MDATAALIGN_BYTE
2024-12-11 14:01:34,082 [INFO] Argument:325 - Argument : Modevalue: DMA_NORMAL
2024-12-11 14:01:34,082 [INFO] Argument:335 - Argument : Modevalue: DMA_NORMAL
2024-12-11 14:01:34,082 [INFO] Argument:325 - Argument : Priorityvalue: DMA_PRIORITY_LOW
2024-12-11 14:01:34,082 [INFO] Argument:335 - Argument : Priorityvalue: DMA_PRIORITY_LOW
2024-12-11 14:01:34,082 [INFO] Argument:325 - Argument : Lockvalue: null
2024-12-11 14:01:34,082 [INFO] Argument:335 - Argument : Lockvalue: null
2024-12-11 14:01:34,082 [INFO] Argument:325 - Argument : Statevalue: null
2024-12-11 14:01:34,082 [INFO] Argument:335 - Argument : Statevalue: null
2024-12-11 14:01:34,082 [INFO] Argument:325 - Argument : Parentvalue: null
2024-12-11 14:01:34,082 [INFO] Argument:335 - Argument : Parentvalue: null
2024-12-11 14:01:34,082 [INFO] Argument:325 - Argument : XferCpltCallbackvalue: null
2024-12-11 14:01:34,082 [INFO] Argument:335 - Argument : XferCpltCallbackvalue: null
2024-12-11 14:01:34,082 [INFO] Argument:325 - Argument : XferHalfCpltCallbackvalue: null
2024-12-11 14:01:34,082 [INFO] Argument:335 - Argument : XferHalfCpltCallbackvalue: null
2024-12-11 14:01:34,082 [INFO] Argument:325 - Argument : XferErrorCallbackvalue: null
2024-12-11 14:01:34,082 [INFO] Argument:335 - Argument : XferErrorCallbackvalue: null
2024-12-11 14:01:34,082 [INFO] Argument:325 - Argument : XferAbortCallbackvalue: null
2024-12-11 14:01:34,082 [INFO] Argument:335 - Argument : XferAbortCallbackvalue: null
2024-12-11 14:01:34,082 [INFO] Argument:325 - Argument : ErrorCodevalue: null
2024-12-11 14:01:34,083 [INFO] Argument:335 - Argument : ErrorCodevalue: null
2024-12-11 14:01:34,083 [INFO] Argument:325 - Argument : DmaBaseAddressvalue: null
2024-12-11 14:01:34,083 [INFO] Argument:335 - Argument : DmaBaseAddressvalue: null
2024-12-11 14:01:34,083 [INFO] Argument:325 - Argument : ChannelIndexvalue: null
2024-12-11 14:01:34,083 [INFO] Argument:335 - Argument : ChannelIndexvalue: null
2024-12-11 14:01:34,083 [INFO] Argument:325 - Argument : hdmavalue: null
2024-12-11 14:01:34,083 [INFO] Argument:327 - 	 sub Args: 
2024-12-11 14:01:34,083 [INFO] Argument:325 - Argument : Instancevalue: DMA1_Channel3
2024-12-11 14:01:34,083 [INFO] Argument:335 - Argument : Instancevalue: DMA1_Channel3
2024-12-11 14:01:34,083 [INFO] Argument:325 - Argument : Initvalue: null
2024-12-11 14:01:34,083 [INFO] Argument:327 - 	 sub Args: 
2024-12-11 14:01:34,083 [INFO] Argument:325 - Argument : Requestvalue: DMA_REQUEST_1
2024-12-11 14:01:34,083 [INFO] Argument:335 - Argument : Requestvalue: DMA_REQUEST_1
2024-12-11 14:01:34,083 [INFO] Argument:325 - Argument : Directionvalue: DMA_MEMORY_TO_PERIPH
2024-12-11 14:01:34,083 [INFO] Argument:335 - Argument : Directionvalue: DMA_MEMORY_TO_PERIPH
2024-12-11 14:01:34,083 [INFO] Argument:325 - Argument : PeriphIncvalue: DMA_PINC_DISABLE
2024-12-11 14:01:34,083 [INFO] Argument:335 - Argument : PeriphIncvalue: DMA_PINC_DISABLE
2024-12-11 14:01:34,083 [INFO] Argument:325 - Argument : MemIncvalue: DMA_MINC_ENABLE
2024-12-11 14:01:34,083 [INFO] Argument:335 - Argument : MemIncvalue: DMA_MINC_ENABLE
2024-12-11 14:01:34,083 [INFO] Argument:325 - Argument : PeriphDataAlignmentvalue: DMA_PDATAALIGN_BYTE
2024-12-11 14:01:34,083 [INFO] Argument:335 - Argument : PeriphDataAlignmentvalue: DMA_PDATAALIGN_BYTE
2024-12-11 14:01:34,083 [INFO] Argument:325 - Argument : MemDataAlignmentvalue: DMA_MDATAALIGN_BYTE
2024-12-11 14:01:34,084 [INFO] Argument:335 - Argument : MemDataAlignmentvalue: DMA_MDATAALIGN_BYTE
2024-12-11 14:01:34,084 [INFO] Argument:325 - Argument : Modevalue: DMA_NORMAL
2024-12-11 14:01:34,084 [INFO] Argument:335 - Argument : Modevalue: DMA_NORMAL
2024-12-11 14:01:34,084 [INFO] Argument:325 - Argument : Priorityvalue: DMA_PRIORITY_LOW
2024-12-11 14:01:34,084 [INFO] Argument:335 - Argument : Priorityvalue: DMA_PRIORITY_LOW
2024-12-11 14:01:34,084 [INFO] Argument:325 - Argument : Lockvalue: null
2024-12-11 14:01:34,084 [INFO] Argument:335 - Argument : Lockvalue: null
2024-12-11 14:01:34,084 [INFO] Argument:325 - Argument : Statevalue: null
2024-12-11 14:01:34,084 [INFO] Argument:335 - Argument : Statevalue: null
2024-12-11 14:01:34,084 [INFO] Argument:325 - Argument : Parentvalue: null
2024-12-11 14:01:34,084 [INFO] Argument:335 - Argument : Parentvalue: null
2024-12-11 14:01:34,084 [INFO] Argument:325 - Argument : XferCpltCallbackvalue: null
2024-12-11 14:01:34,084 [INFO] Argument:335 - Argument : XferCpltCallbackvalue: null
2024-12-11 14:01:34,084 [INFO] Argument:325 - Argument : XferHalfCpltCallbackvalue: null
2024-12-11 14:01:34,084 [INFO] Argument:335 - Argument : XferHalfCpltCallbackvalue: null
2024-12-11 14:01:34,084 [INFO] Argument:325 - Argument : XferErrorCallbackvalue: null
2024-12-11 14:01:34,084 [INFO] Argument:335 - Argument : XferErrorCallbackvalue: null
2024-12-11 14:01:34,084 [INFO] Argument:325 - Argument : XferAbortCallbackvalue: null
2024-12-11 14:01:34,084 [INFO] Argument:335 - Argument : XferAbortCallbackvalue: null
2024-12-11 14:01:34,084 [INFO] Argument:325 - Argument : ErrorCodevalue: null
2024-12-11 14:01:34,084 [INFO] Argument:335 - Argument : ErrorCodevalue: null
2024-12-11 14:01:34,084 [INFO] Argument:325 - Argument : DmaBaseAddressvalue: null
2024-12-11 14:01:34,084 [INFO] Argument:335 - Argument : DmaBaseAddressvalue: null
2024-12-11 14:01:34,084 [INFO] Argument:325 - Argument : ChannelIndexvalue: null
2024-12-11 14:01:34,085 [INFO] Argument:335 - Argument : ChannelIndexvalue: null
2024-12-11 14:01:34,085 [INFO] Argument:325 - Argument : pSyncConfigvalue: null
2024-12-11 14:01:34,085 [INFO] Argument:327 - 	 sub Args: 
2024-12-11 14:01:34,085 [INFO] Argument:325 - Argument : SyncSignalIDvalue: null
2024-12-11 14:01:34,085 [INFO] Argument:335 - Argument : SyncSignalIDvalue: null
2024-12-11 14:01:34,085 [INFO] Argument:325 - Argument : SyncPolarityvalue: null
2024-12-11 14:01:34,085 [INFO] Argument:335 - Argument : SyncPolarityvalue: null
2024-12-11 14:01:34,085 [INFO] Argument:325 - Argument : SyncEnablevalue: null
2024-12-11 14:01:34,085 [INFO] Argument:335 - Argument : SyncEnablevalue: null
2024-12-11 14:01:34,085 [INFO] Argument:325 - Argument : EventEnablevalue: null
2024-12-11 14:01:34,085 [INFO] Argument:335 - Argument : EventEnablevalue: null
2024-12-11 14:01:34,085 [INFO] Argument:325 - Argument : RequestNumbervalue: null
2024-12-11 14:01:34,085 [INFO] Argument:335 - Argument : RequestNumbervalue: null
2024-12-11 14:01:34,159 [INFO] CodeEngine:255 - oldGeneratedFile, C:\Users\ZOJOLDRI\STM32CubeIDE\workspace_InProgress\ADIN1110\MXTmpFiles\license.tmp_save
2024-12-11 14:01:34,312 [INFO] CodeEngine:279 - Generated code: C:\Users\ZOJOLDRI\STM32CubeIDE\workspace_InProgress\ADIN1110\MXTmpFiles\license.tmp
2024-12-11 14:01:34,369 [INFO] CodeEngine:255 - oldGeneratedFile, C:\Users\ZOJOLDRI\STM32CubeIDE\workspace_InProgress\ADIN1110\Core\Src\gpio.c_save
2024-12-11 14:01:34,506 [INFO] CodeEngine:279 - Generated code: C:\Users\ZOJOLDRI\STM32CubeIDE\workspace_InProgress\ADIN1110\Core\Src\gpio.c
2024-12-11 14:01:34,518 [INFO] CodeEngine:255 - oldGeneratedFile, C:\Users\ZOJOLDRI\STM32CubeIDE\workspace_InProgress\ADIN1110\Core\Inc\gpio.h_save
2024-12-11 14:01:34,627 [INFO] CodeEngine:279 - Generated code: C:\Users\ZOJOLDRI\STM32CubeIDE\workspace_InProgress\ADIN1110\Core\Inc\gpio.h
2024-12-11 14:01:34,823 [INFO] CodeEngine:255 - oldGeneratedFile, C:\Users\ZOJOLDRI\STM32CubeIDE\workspace_InProgress\ADIN1110\Core\Src\dma.c_save
2024-12-11 14:01:34,909 [INFO] CodeEngine:279 - Generated code: C:\Users\ZOJOLDRI\STM32CubeIDE\workspace_InProgress\ADIN1110\Core\Src\dma.c
2024-12-11 14:01:34,914 [INFO] CodeEngine:255 - oldGeneratedFile, C:\Users\ZOJOLDRI\STM32CubeIDE\workspace_InProgress\ADIN1110\Core\Inc\dma.h_save
2024-12-11 14:01:34,995 [INFO] CodeEngine:279 - Generated code: C:\Users\ZOJOLDRI\STM32CubeIDE\workspace_InProgress\ADIN1110\Core\Inc\dma.h
2024-12-11 14:01:35,016 [INFO] CodeEngine:255 - oldGeneratedFile, C:\Users\ZOJOLDRI\STM32CubeIDE\workspace_InProgress\ADIN1110\Core\Src\spi.c_save
2024-12-11 14:01:35,113 [INFO] CodeEngine:279 - Generated code: C:\Users\ZOJOLDRI\STM32CubeIDE\workspace_InProgress\ADIN1110\Core\Src\spi.c
2024-12-11 14:01:35,119 [INFO] CodeEngine:255 - oldGeneratedFile, C:\Users\ZOJOLDRI\STM32CubeIDE\workspace_InProgress\ADIN1110\Core\Inc\spi.h_save
2024-12-11 14:01:35,175 [INFO] CodeEngine:279 - Generated code: C:\Users\ZOJOLDRI\STM32CubeIDE\workspace_InProgress\ADIN1110\Core\Inc\spi.h
2024-12-11 14:01:35,197 [INFO] CodeEngine:255 - oldGeneratedFile, C:\Users\ZOJOLDRI\STM32CubeIDE\workspace_InProgress\ADIN1110\Core\Src\usart.c_save
2024-12-11 14:01:35,297 [INFO] CodeEngine:279 - Generated code: C:\Users\ZOJOLDRI\STM32CubeIDE\workspace_InProgress\ADIN1110\Core\Src\usart.c
2024-12-11 14:01:35,309 [INFO] CodeEngine:255 - oldGeneratedFile, C:\Users\ZOJOLDRI\STM32CubeIDE\workspace_InProgress\ADIN1110\Core\Inc\usart.h_save
2024-12-11 14:01:35,366 [INFO] CodeEngine:279 - Generated code: C:\Users\ZOJOLDRI\STM32CubeIDE\workspace_InProgress\ADIN1110\Core\Inc\usart.h
2024-12-11 14:01:35,387 [INFO] CodeEngine:255 - oldGeneratedFile, C:\Users\ZOJOLDRI\STM32CubeIDE\workspace_InProgress\ADIN1110\Core\Src\stm32l4xx_it.c_save
2024-12-11 14:01:35,463 [INFO] CodeEngine:279 - Generated code: C:\Users\ZOJOLDRI\STM32CubeIDE\workspace_InProgress\ADIN1110\Core\Src\stm32l4xx_it.c
2024-12-11 14:01:35,470 [INFO] CodeEngine:255 - oldGeneratedFile, C:\Users\ZOJOLDRI\STM32CubeIDE\workspace_InProgress\ADIN1110\Core\Inc\stm32l4xx_it.h_save
2024-12-11 14:01:35,526 [INFO] CodeEngine:279 - Generated code: C:\Users\ZOJOLDRI\STM32CubeIDE\workspace_InProgress\ADIN1110\Core\Inc\stm32l4xx_it.h
2024-12-11 14:01:35,551 [INFO] CodeEngine:255 - oldGeneratedFile, C:\Users\ZOJOLDRI\STM32CubeIDE\workspace_InProgress\ADIN1110\Core\Src\stm32l4xx_hal_msp.c_save
2024-12-11 14:01:35,624 [INFO] CodeEngine:279 - Generated code: C:\Users\ZOJOLDRI\STM32CubeIDE\workspace_InProgress\ADIN1110\Core\Src\stm32l4xx_hal_msp.c
2024-12-11 14:01:35,628 [INFO] CodeEngine:255 - oldGeneratedFile, C:\Users\ZOJOLDRI\STM32CubeIDE\workspace_InProgress\ADIN1110\MXTmpFiles\system.tmp_save
2024-12-11 14:01:35,671 [INFO] CodeEngine:279 - Generated code: C:\Users\ZOJOLDRI\STM32CubeIDE\workspace_InProgress\ADIN1110\MXTmpFiles\system.tmp
2024-12-11 14:01:35,689 [INFO] CodeEngine:311 - oldGeneratedFile, C:\Users\ZOJOLDRI\STM32CubeIDE\workspace_InProgress\ADIN1110\Core\Inc\stm32l4xx_hal_conf.h_save
2024-12-11 14:01:35,762 [INFO] CodeEngine:335 - Generated code: C:\Users\ZOJOLDRI\STM32CubeIDE\workspace_InProgress\ADIN1110\Core\Inc\stm32l4xx_hal_conf.h
2024-12-11 14:01:35,802 [INFO] CodeEngine:255 - oldGeneratedFile, C:\Users\ZOJOLDRI\STM32CubeIDE\workspace_InProgress\ADIN1110\Core\Inc\main.h_save
2024-12-11 14:01:35,854 [INFO] CodeEngine:279 - Generated code: C:\Users\ZOJOLDRI\STM32CubeIDE\workspace_InProgress\ADIN1110\Core\Inc\main.h
2024-12-11 14:01:35,870 [INFO] CodeEngine:255 - oldGeneratedFile, C:\Users\ZOJOLDRI\STM32CubeIDE\workspace_InProgress\ADIN1110\Core\Src\main.c_save
2024-12-11 14:01:35,962 [INFO] CodeEngine:279 - Generated code: C:\Users\ZOJOLDRI\STM32CubeIDE\workspace_InProgress\ADIN1110\Core\Src\main.c
2024-12-11 14:01:36,220 [INFO] ProjectBuilder:3289 - Time for Copy HAL[1] : 164mS.
2024-12-11 14:01:36,225 [INFO] ProjectBuilder:4876 - Project Generator version: 4.5.0-RC5
2024-12-11 14:01:36,275 [INFO] ConfigFileManager:1579 - The Die is : DIE461
2024-12-11 14:01:37,093 [INFO] ProjectBuilder:5154 - Time for Generating toolchain IDE Files: 868mS.
2024-12-11 14:01:37,094 [INFO] ProjectBuilder:3146 - Time for Copy CMSIS : 1mS.
2024-12-11 14:01:37,097 [INFO] ProjectBuilder:3146 - Time for Copy CMSIS : 0mS.
2024-12-11 14:19:26,842 [INFO] Gpio:277 - dependency for GPIO [SPI1, USART3]
2024-12-11 14:19:26,951 [INFO] NvicIntPanel:101 - NVIC parent = com.st.microxplorer.plugins.ip.nvic.MultiNvicIntPanel[,0,0,0x0,invalid,layout=javax.swing.BoxLayout,alignmentX=0.0,alignmentY=0.0,border=,flags=9,maximumSize=,minimumSize=,preferredSize=]
2024-12-11 14:27:55,276 [INFO] UtilMem:75 - End SaveConfig() Used Memory: 686279640 Bytes (1073741824)
2024-12-11 14:27:56,384 [INFO] UtilMem:75 - End SaveConfig() Used Memory: 727174104 Bytes (1073741824)
2024-12-11 14:27:56,550 [INFO] UtilMem:75 - End SaveConfig() Used Memory: 812108760 Bytes (1073741824)
2024-12-11 14:27:56,787 [INFO] BlockDiagram:2766 - set Specific Code input for plugin: SPI
2024-12-11 14:27:56,787 [INFO] BlockDiagram:2766 - set Specific Code input for plugin: SYS
2024-12-11 14:27:56,787 [INFO] BlockDiagram:2766 - set Specific Code input for plugin: RCC
2024-12-11 14:27:56,787 [INFO] BlockDiagram:2766 - set Specific Code input for plugin: NVIC
2024-12-11 14:27:56,787 [INFO] BlockDiagram:2766 - set Specific Code input for plugin: USART
2024-12-11 14:27:56,787 [INFO] BlockDiagram:2766 - set Specific Code input for plugin: DMA
2024-12-11 14:27:56,787 [INFO] BlockDiagram:2766 - set Specific Code input for plugin: GPIO
2024-12-11 14:27:56,788 [INFO] CodeGenerator:896 - code generatio: config db path: C:\ST\STM32CubeIDE_1.17.0\STM32CubeIDE\plugins\com.st.stm32cube.common.mx_6.13.0.202411220809\\db\
2024-12-11 14:27:56,798 [INFO] Argument:325 - Argument : hdmavalue: null
2024-12-11 14:27:56,798 [INFO] Argument:327 - 	 sub Args: 
2024-12-11 14:27:56,798 [INFO] Argument:325 - Argument : Instancevalue: DMA1_Channel2
2024-12-11 14:27:56,798 [INFO] Argument:335 - Argument : Instancevalue: DMA1_Channel2
2024-12-11 14:27:56,798 [INFO] Argument:325 - Argument : Initvalue: null
2024-12-11 14:27:56,798 [INFO] Argument:327 - 	 sub Args: 
2024-12-11 14:27:56,798 [INFO] Argument:325 - Argument : Requestvalue: DMA_REQUEST_1
2024-12-11 14:27:56,798 [INFO] Argument:335 - Argument : Requestvalue: DMA_REQUEST_1
2024-12-11 14:27:56,798 [INFO] Argument:325 - Argument : Directionvalue: DMA_PERIPH_TO_MEMORY
2024-12-11 14:27:56,798 [INFO] Argument:335 - Argument : Directionvalue: DMA_PERIPH_TO_MEMORY
2024-12-11 14:27:56,798 [INFO] Argument:325 - Argument : PeriphIncvalue: DMA_PINC_DISABLE
2024-12-11 14:27:56,798 [INFO] Argument:335 - Argument : PeriphIncvalue: DMA_PINC_DISABLE
2024-12-11 14:27:56,798 [INFO] Argument:325 - Argument : MemIncvalue: DMA_MINC_ENABLE
2024-12-11 14:27:56,798 [INFO] Argument:335 - Argument : MemIncvalue: DMA_MINC_ENABLE
2024-12-11 14:27:56,798 [INFO] Argument:325 - Argument : PeriphDataAlignmentvalue: DMA_PDATAALIGN_BYTE
2024-12-11 14:27:56,798 [INFO] Argument:335 - Argument : PeriphDataAlignmentvalue: DMA_PDATAALIGN_BYTE
2024-12-11 14:27:56,798 [INFO] Argument:325 - Argument : MemDataAlignmentvalue: DMA_MDATAALIGN_BYTE
2024-12-11 14:27:56,798 [INFO] Argument:335 - Argument : MemDataAlignmentvalue: DMA_MDATAALIGN_BYTE
2024-12-11 14:27:56,798 [INFO] Argument:325 - Argument : Modevalue: DMA_NORMAL
2024-12-11 14:27:56,798 [INFO] Argument:335 - Argument : Modevalue: DMA_NORMAL
2024-12-11 14:27:56,799 [INFO] Argument:325 - Argument : Priorityvalue: DMA_PRIORITY_LOW
2024-12-11 14:27:56,799 [INFO] Argument:335 - Argument : Priorityvalue: DMA_PRIORITY_LOW
2024-12-11 14:27:56,799 [INFO] Argument:325 - Argument : Lockvalue: null
2024-12-11 14:27:56,799 [INFO] Argument:335 - Argument : Lockvalue: null
2024-12-11 14:27:56,799 [INFO] Argument:325 - Argument : Statevalue: null
2024-12-11 14:27:56,799 [INFO] Argument:335 - Argument : Statevalue: null
2024-12-11 14:27:56,799 [INFO] Argument:325 - Argument : Parentvalue: null
2024-12-11 14:27:56,799 [INFO] Argument:335 - Argument : Parentvalue: null
2024-12-11 14:27:56,799 [INFO] Argument:325 - Argument : XferCpltCallbackvalue: null
2024-12-11 14:27:56,799 [INFO] Argument:335 - Argument : XferCpltCallbackvalue: null
2024-12-11 14:27:56,799 [INFO] Argument:325 - Argument : XferHalfCpltCallbackvalue: null
2024-12-11 14:27:56,799 [INFO] Argument:335 - Argument : XferHalfCpltCallbackvalue: null
2024-12-11 14:27:56,799 [INFO] Argument:325 - Argument : XferErrorCallbackvalue: null
2024-12-11 14:27:56,799 [INFO] Argument:335 - Argument : XferErrorCallbackvalue: null
2024-12-11 14:27:56,799 [INFO] Argument:325 - Argument : XferAbortCallbackvalue: null
2024-12-11 14:27:56,799 [INFO] Argument:335 - Argument : XferAbortCallbackvalue: null
2024-12-11 14:27:56,799 [INFO] Argument:325 - Argument : ErrorCodevalue: null
2024-12-11 14:27:56,799 [INFO] Argument:335 - Argument : ErrorCodevalue: null
2024-12-11 14:27:56,799 [INFO] Argument:325 - Argument : DmaBaseAddressvalue: null
2024-12-11 14:27:56,799 [INFO] Argument:335 - Argument : DmaBaseAddressvalue: null
2024-12-11 14:27:56,799 [INFO] Argument:325 - Argument : ChannelIndexvalue: null
2024-12-11 14:27:56,799 [INFO] Argument:335 - Argument : ChannelIndexvalue: null
2024-12-11 14:27:56,799 [INFO] Argument:325 - Argument : hdmavalue: null
2024-12-11 14:27:56,799 [INFO] Argument:327 - 	 sub Args: 
2024-12-11 14:27:56,799 [INFO] Argument:325 - Argument : Instancevalue: DMA1_Channel2
2024-12-11 14:27:56,799 [INFO] Argument:335 - Argument : Instancevalue: DMA1_Channel2
2024-12-11 14:27:56,799 [INFO] Argument:325 - Argument : Initvalue: null
2024-12-11 14:27:56,799 [INFO] Argument:327 - 	 sub Args: 
2024-12-11 14:27:56,799 [INFO] Argument:325 - Argument : Requestvalue: DMA_REQUEST_1
2024-12-11 14:27:56,799 [INFO] Argument:335 - Argument : Requestvalue: DMA_REQUEST_1
2024-12-11 14:27:56,800 [INFO] Argument:325 - Argument : Directionvalue: DMA_PERIPH_TO_MEMORY
2024-12-11 14:27:56,800 [INFO] Argument:335 - Argument : Directionvalue: DMA_PERIPH_TO_MEMORY
2024-12-11 14:27:56,800 [INFO] Argument:325 - Argument : PeriphIncvalue: DMA_PINC_DISABLE
2024-12-11 14:27:56,800 [INFO] Argument:335 - Argument : PeriphIncvalue: DMA_PINC_DISABLE
2024-12-11 14:27:56,800 [INFO] Argument:325 - Argument : MemIncvalue: DMA_MINC_ENABLE
2024-12-11 14:27:56,800 [INFO] Argument:335 - Argument : MemIncvalue: DMA_MINC_ENABLE
2024-12-11 14:27:56,800 [INFO] Argument:325 - Argument : PeriphDataAlignmentvalue: DMA_PDATAALIGN_BYTE
2024-12-11 14:27:56,800 [INFO] Argument:335 - Argument : PeriphDataAlignmentvalue: DMA_PDATAALIGN_BYTE
2024-12-11 14:27:56,800 [INFO] Argument:325 - Argument : MemDataAlignmentvalue: DMA_MDATAALIGN_BYTE
2024-12-11 14:27:56,800 [INFO] Argument:335 - Argument : MemDataAlignmentvalue: DMA_MDATAALIGN_BYTE
2024-12-11 14:27:56,800 [INFO] Argument:325 - Argument : Modevalue: DMA_NORMAL
2024-12-11 14:27:56,800 [INFO] Argument:335 - Argument : Modevalue: DMA_NORMAL
2024-12-11 14:27:56,800 [INFO] Argument:325 - Argument : Priorityvalue: DMA_PRIORITY_LOW
2024-12-11 14:27:56,800 [INFO] Argument:335 - Argument : Priorityvalue: DMA_PRIORITY_LOW
2024-12-11 14:27:56,800 [INFO] Argument:325 - Argument : Lockvalue: null
2024-12-11 14:27:56,800 [INFO] Argument:335 - Argument : Lockvalue: null
2024-12-11 14:27:56,800 [INFO] Argument:325 - Argument : Statevalue: null
2024-12-11 14:27:56,800 [INFO] Argument:335 - Argument : Statevalue: null
2024-12-11 14:27:56,800 [INFO] Argument:325 - Argument : Parentvalue: null
2024-12-11 14:27:56,800 [INFO] Argument:335 - Argument : Parentvalue: null
2024-12-11 14:27:56,800 [INFO] Argument:325 - Argument : XferCpltCallbackvalue: null
2024-12-11 14:27:56,800 [INFO] Argument:335 - Argument : XferCpltCallbackvalue: null
2024-12-11 14:27:56,800 [INFO] Argument:325 - Argument : XferHalfCpltCallbackvalue: null
2024-12-11 14:27:56,800 [INFO] Argument:335 - Argument : XferHalfCpltCallbackvalue: null
2024-12-11 14:27:56,800 [INFO] Argument:325 - Argument : XferErrorCallbackvalue: null
2024-12-11 14:27:56,800 [INFO] Argument:335 - Argument : XferErrorCallbackvalue: null
2024-12-11 14:27:56,801 [INFO] Argument:325 - Argument : XferAbortCallbackvalue: null
2024-12-11 14:27:56,801 [INFO] Argument:335 - Argument : XferAbortCallbackvalue: null
2024-12-11 14:27:56,801 [INFO] Argument:325 - Argument : ErrorCodevalue: null
2024-12-11 14:27:56,801 [INFO] Argument:335 - Argument : ErrorCodevalue: null
2024-12-11 14:27:56,801 [INFO] Argument:325 - Argument : DmaBaseAddressvalue: null
2024-12-11 14:27:56,801 [INFO] Argument:335 - Argument : DmaBaseAddressvalue: null
2024-12-11 14:27:56,801 [INFO] Argument:325 - Argument : ChannelIndexvalue: null
2024-12-11 14:27:56,801 [INFO] Argument:335 - Argument : ChannelIndexvalue: null
2024-12-11 14:27:56,801 [INFO] Argument:325 - Argument : pSyncConfigvalue: null
2024-12-11 14:27:56,801 [INFO] Argument:327 - 	 sub Args: 
2024-12-11 14:27:56,801 [INFO] Argument:325 - Argument : SyncSignalIDvalue: null
2024-12-11 14:27:56,801 [INFO] Argument:335 - Argument : SyncSignalIDvalue: null
2024-12-11 14:27:56,801 [INFO] Argument:325 - Argument : SyncPolarityvalue: null
2024-12-11 14:27:56,801 [INFO] Argument:335 - Argument : SyncPolarityvalue: null
2024-12-11 14:27:56,801 [INFO] Argument:325 - Argument : SyncEnablevalue: null
2024-12-11 14:27:56,801 [INFO] Argument:335 - Argument : SyncEnablevalue: null
2024-12-11 14:27:56,801 [INFO] Argument:325 - Argument : EventEnablevalue: null
2024-12-11 14:27:56,801 [INFO] Argument:335 - Argument : EventEnablevalue: null
2024-12-11 14:27:56,801 [INFO] Argument:325 - Argument : RequestNumbervalue: null
2024-12-11 14:27:56,801 [INFO] Argument:335 - Argument : RequestNumbervalue: null
2024-12-11 14:27:56,802 [INFO] Argument:325 - Argument : hdmavalue: null
2024-12-11 14:27:56,802 [INFO] Argument:327 - 	 sub Args: 
2024-12-11 14:27:56,802 [INFO] Argument:325 - Argument : Instancevalue: DMA1_Channel3
2024-12-11 14:27:56,802 [INFO] Argument:335 - Argument : Instancevalue: DMA1_Channel3
2024-12-11 14:27:56,802 [INFO] Argument:325 - Argument : Initvalue: null
2024-12-11 14:27:56,802 [INFO] Argument:327 - 	 sub Args: 
2024-12-11 14:27:56,802 [INFO] Argument:325 - Argument : Requestvalue: DMA_REQUEST_1
2024-12-11 14:27:56,802 [INFO] Argument:335 - Argument : Requestvalue: DMA_REQUEST_1
2024-12-11 14:27:56,802 [INFO] Argument:325 - Argument : Directionvalue: DMA_MEMORY_TO_PERIPH
2024-12-11 14:27:56,802 [INFO] Argument:335 - Argument : Directionvalue: DMA_MEMORY_TO_PERIPH
2024-12-11 14:27:56,802 [INFO] Argument:325 - Argument : PeriphIncvalue: DMA_PINC_DISABLE
2024-12-11 14:27:56,802 [INFO] Argument:335 - Argument : PeriphIncvalue: DMA_PINC_DISABLE
2024-12-11 14:27:56,802 [INFO] Argument:325 - Argument : MemIncvalue: DMA_MINC_ENABLE
2024-12-11 14:27:56,802 [INFO] Argument:335 - Argument : MemIncvalue: DMA_MINC_ENABLE
2024-12-11 14:27:56,802 [INFO] Argument:325 - Argument : PeriphDataAlignmentvalue: DMA_PDATAALIGN_BYTE
2024-12-11 14:27:56,802 [INFO] Argument:335 - Argument : PeriphDataAlignmentvalue: DMA_PDATAALIGN_BYTE
2024-12-11 14:27:56,802 [INFO] Argument:325 - Argument : MemDataAlignmentvalue: DMA_MDATAALIGN_BYTE
2024-12-11 14:27:56,802 [INFO] Argument:335 - Argument : MemDataAlignmentvalue: DMA_MDATAALIGN_BYTE
2024-12-11 14:27:56,802 [INFO] Argument:325 - Argument : Modevalue: DMA_NORMAL
2024-12-11 14:27:56,802 [INFO] Argument:335 - Argument : Modevalue: DMA_NORMAL
2024-12-11 14:27:56,803 [INFO] Argument:325 - Argument : Priorityvalue: DMA_PRIORITY_LOW
2024-12-11 14:27:56,803 [INFO] Argument:335 - Argument : Priorityvalue: DMA_PRIORITY_LOW
2024-12-11 14:27:56,803 [INFO] Argument:325 - Argument : Lockvalue: null
2024-12-11 14:27:56,803 [INFO] Argument:335 - Argument : Lockvalue: null
2024-12-11 14:27:56,803 [INFO] Argument:325 - Argument : Statevalue: null
2024-12-11 14:27:56,803 [INFO] Argument:335 - Argument : Statevalue: null
2024-12-11 14:27:56,803 [INFO] Argument:325 - Argument : Parentvalue: null
2024-12-11 14:27:56,803 [INFO] Argument:335 - Argument : Parentvalue: null
2024-12-11 14:27:56,803 [INFO] Argument:325 - Argument : XferCpltCallbackvalue: null
2024-12-11 14:27:56,803 [INFO] Argument:335 - Argument : XferCpltCallbackvalue: null
2024-12-11 14:27:56,803 [INFO] Argument:325 - Argument : XferHalfCpltCallbackvalue: null
2024-12-11 14:27:56,803 [INFO] Argument:335 - Argument : XferHalfCpltCallbackvalue: null
2024-12-11 14:27:56,803 [INFO] Argument:325 - Argument : XferErrorCallbackvalue: null
2024-12-11 14:27:56,803 [INFO] Argument:335 - Argument : XferErrorCallbackvalue: null
2024-12-11 14:27:56,803 [INFO] Argument:325 - Argument : XferAbortCallbackvalue: null
2024-12-11 14:27:56,803 [INFO] Argument:335 - Argument : XferAbortCallbackvalue: null
2024-12-11 14:27:56,803 [INFO] Argument:325 - Argument : ErrorCodevalue: null
2024-12-11 14:27:56,803 [INFO] Argument:335 - Argument : ErrorCodevalue: null
2024-12-11 14:27:56,803 [INFO] Argument:325 - Argument : DmaBaseAddressvalue: null
2024-12-11 14:27:56,803 [INFO] Argument:335 - Argument : DmaBaseAddressvalue: null
2024-12-11 14:27:56,803 [INFO] Argument:325 - Argument : ChannelIndexvalue: null
2024-12-11 14:27:56,803 [INFO] Argument:335 - Argument : ChannelIndexvalue: null
2024-12-11 14:27:56,803 [INFO] Argument:325 - Argument : hdmavalue: null
2024-12-11 14:27:56,803 [INFO] Argument:327 - 	 sub Args: 
2024-12-11 14:27:56,803 [INFO] Argument:325 - Argument : Instancevalue: DMA1_Channel3
2024-12-11 14:27:56,803 [INFO] Argument:335 - Argument : Instancevalue: DMA1_Channel3
2024-12-11 14:27:56,803 [INFO] Argument:325 - Argument : Initvalue: null
2024-12-11 14:27:56,803 [INFO] Argument:327 - 	 sub Args: 
2024-12-11 14:27:56,803 [INFO] Argument:325 - Argument : Requestvalue: DMA_REQUEST_1
2024-12-11 14:27:56,803 [INFO] Argument:335 - Argument : Requestvalue: DMA_REQUEST_1
2024-12-11 14:27:56,803 [INFO] Argument:325 - Argument : Directionvalue: DMA_MEMORY_TO_PERIPH
2024-12-11 14:27:56,803 [INFO] Argument:335 - Argument : Directionvalue: DMA_MEMORY_TO_PERIPH
2024-12-11 14:27:56,803 [INFO] Argument:325 - Argument : PeriphIncvalue: DMA_PINC_DISABLE
2024-12-11 14:27:56,803 [INFO] Argument:335 - Argument : PeriphIncvalue: DMA_PINC_DISABLE
2024-12-11 14:27:56,803 [INFO] Argument:325 - Argument : MemIncvalue: DMA_MINC_ENABLE
2024-12-11 14:27:56,803 [INFO] Argument:335 - Argument : MemIncvalue: DMA_MINC_ENABLE
2024-12-11 14:27:56,803 [INFO] Argument:325 - Argument : PeriphDataAlignmentvalue: DMA_PDATAALIGN_BYTE
2024-12-11 14:27:56,804 [INFO] Argument:335 - Argument : PeriphDataAlignmentvalue: DMA_PDATAALIGN_BYTE
2024-12-11 14:27:56,804 [INFO] Argument:325 - Argument : MemDataAlignmentvalue: DMA_MDATAALIGN_BYTE
2024-12-11 14:27:56,804 [INFO] Argument:335 - Argument : MemDataAlignmentvalue: DMA_MDATAALIGN_BYTE
2024-12-11 14:27:56,804 [INFO] Argument:325 - Argument : Modevalue: DMA_NORMAL
2024-12-11 14:27:56,804 [INFO] Argument:335 - Argument : Modevalue: DMA_NORMAL
2024-12-11 14:27:56,804 [INFO] Argument:325 - Argument : Priorityvalue: DMA_PRIORITY_LOW
2024-12-11 14:27:56,804 [INFO] Argument:335 - Argument : Priorityvalue: DMA_PRIORITY_LOW
2024-12-11 14:27:56,804 [INFO] Argument:325 - Argument : Lockvalue: null
2024-12-11 14:27:56,804 [INFO] Argument:335 - Argument : Lockvalue: null
2024-12-11 14:27:56,804 [INFO] Argument:325 - Argument : Statevalue: null
2024-12-11 14:27:56,804 [INFO] Argument:335 - Argument : Statevalue: null
2024-12-11 14:27:56,804 [INFO] Argument:325 - Argument : Parentvalue: null
2024-12-11 14:27:56,804 [INFO] Argument:335 - Argument : Parentvalue: null
2024-12-11 14:27:56,804 [INFO] Argument:325 - Argument : XferCpltCallbackvalue: null
2024-12-11 14:27:56,804 [INFO] Argument:335 - Argument : XferCpltCallbackvalue: null
2024-12-11 14:27:56,804 [INFO] Argument:325 - Argument : XferHalfCpltCallbackvalue: null
2024-12-11 14:27:56,804 [INFO] Argument:335 - Argument : XferHalfCpltCallbackvalue: null
2024-12-11 14:27:56,804 [INFO] Argument:325 - Argument : XferErrorCallbackvalue: null
2024-12-11 14:27:56,804 [INFO] Argument:335 - Argument : XferErrorCallbackvalue: null
2024-12-11 14:27:56,804 [INFO] Argument:325 - Argument : XferAbortCallbackvalue: null
2024-12-11 14:27:56,804 [INFO] Argument:335 - Argument : XferAbortCallbackvalue: null
2024-12-11 14:27:56,804 [INFO] Argument:325 - Argument : ErrorCodevalue: null
2024-12-11 14:27:56,804 [INFO] Argument:335 - Argument : ErrorCodevalue: null
2024-12-11 14:27:56,804 [INFO] Argument:325 - Argument : DmaBaseAddressvalue: null
2024-12-11 14:27:56,804 [INFO] Argument:335 - Argument : DmaBaseAddressvalue: null
2024-12-11 14:27:56,804 [INFO] Argument:325 - Argument : ChannelIndexvalue: null
2024-12-11 14:27:56,804 [INFO] Argument:335 - Argument : ChannelIndexvalue: null
2024-12-11 14:27:56,804 [INFO] Argument:325 - Argument : pSyncConfigvalue: null
2024-12-11 14:27:56,804 [INFO] Argument:327 - 	 sub Args: 
2024-12-11 14:27:56,804 [INFO] Argument:325 - Argument : SyncSignalIDvalue: null
2024-12-11 14:27:56,804 [INFO] Argument:335 - Argument : SyncSignalIDvalue: null
2024-12-11 14:27:56,804 [INFO] Argument:325 - Argument : SyncPolarityvalue: null
2024-12-11 14:27:56,805 [INFO] Argument:335 - Argument : SyncPolarityvalue: null
2024-12-11 14:27:56,805 [INFO] Argument:325 - Argument : SyncEnablevalue: null
2024-12-11 14:27:56,805 [INFO] Argument:335 - Argument : SyncEnablevalue: null
2024-12-11 14:27:56,805 [INFO] Argument:325 - Argument : EventEnablevalue: null
2024-12-11 14:27:56,805 [INFO] Argument:335 - Argument : EventEnablevalue: null
2024-12-11 14:27:56,805 [INFO] Argument:325 - Argument : RequestNumbervalue: null
2024-12-11 14:27:56,805 [INFO] Argument:335 - Argument : RequestNumbervalue: null
2024-12-11 14:27:56,891 [INFO] CodeEngine:255 - oldGeneratedFile, C:\Users\ZOJOLDRI\STM32CubeIDE\workspace_InProgress\ADIN1110\MXTmpFiles\license.tmp_save
2024-12-11 14:27:57,137 [INFO] CodeEngine:279 - Generated code: C:\Users\ZOJOLDRI\STM32CubeIDE\workspace_InProgress\ADIN1110\MXTmpFiles\license.tmp
2024-12-11 14:27:57,203 [INFO] CodeEngine:255 - oldGeneratedFile, C:\Users\ZOJOLDRI\STM32CubeIDE\workspace_InProgress\ADIN1110\Core\Src\gpio.c_save
2024-12-11 14:27:57,374 [INFO] CodeEngine:279 - Generated code: C:\Users\ZOJOLDRI\STM32CubeIDE\workspace_InProgress\ADIN1110\Core\Src\gpio.c
2024-12-11 14:27:57,402 [INFO] CodeEngine:255 - oldGeneratedFile, C:\Users\ZOJOLDRI\STM32CubeIDE\workspace_InProgress\ADIN1110\Core\Inc\gpio.h_save
2024-12-11 14:27:57,539 [INFO] CodeEngine:279 - Generated code: C:\Users\ZOJOLDRI\STM32CubeIDE\workspace_InProgress\ADIN1110\Core\Inc\gpio.h
2024-12-11 14:27:57,743 [INFO] CodeEngine:255 - oldGeneratedFile, C:\Users\ZOJOLDRI\STM32CubeIDE\workspace_InProgress\ADIN1110\Core\Src\dma.c_save
2024-12-11 14:27:57,825 [INFO] CodeEngine:279 - Generated code: C:\Users\ZOJOLDRI\STM32CubeIDE\workspace_InProgress\ADIN1110\Core\Src\dma.c
2024-12-11 14:27:57,849 [INFO] CodeEngine:255 - oldGeneratedFile, C:\Users\ZOJOLDRI\STM32CubeIDE\workspace_InProgress\ADIN1110\Core\Inc\dma.h_save
2024-12-11 14:27:57,929 [INFO] CodeEngine:279 - Generated code: C:\Users\ZOJOLDRI\STM32CubeIDE\workspace_InProgress\ADIN1110\Core\Inc\dma.h
2024-12-11 14:27:57,959 [INFO] CodeEngine:255 - oldGeneratedFile, C:\Users\ZOJOLDRI\STM32CubeIDE\workspace_InProgress\ADIN1110\Core\Src\spi.c_save
2024-12-11 14:27:58,081 [INFO] CodeEngine:279 - Generated code: C:\Users\ZOJOLDRI\STM32CubeIDE\workspace_InProgress\ADIN1110\Core\Src\spi.c
2024-12-11 14:27:58,103 [INFO] CodeEngine:255 - oldGeneratedFile, C:\Users\ZOJOLDRI\STM32CubeIDE\workspace_InProgress\ADIN1110\Core\Inc\spi.h_save
2024-12-11 14:27:58,183 [INFO] CodeEngine:279 - Generated code: C:\Users\ZOJOLDRI\STM32CubeIDE\workspace_InProgress\ADIN1110\Core\Inc\spi.h
2024-12-11 14:27:58,204 [INFO] CodeEngine:255 - oldGeneratedFile, C:\Users\ZOJOLDRI\STM32CubeIDE\workspace_InProgress\ADIN1110\Core\Src\usart.c_save
2024-12-11 14:27:58,297 [INFO] CodeEngine:279 - Generated code: C:\Users\ZOJOLDRI\STM32CubeIDE\workspace_InProgress\ADIN1110\Core\Src\usart.c
2024-12-11 14:27:58,302 [INFO] CodeEngine:255 - oldGeneratedFile, C:\Users\ZOJOLDRI\STM32CubeIDE\workspace_InProgress\ADIN1110\Core\Inc\usart.h_save
2024-12-11 14:27:58,384 [INFO] CodeEngine:279 - Generated code: C:\Users\ZOJOLDRI\STM32CubeIDE\workspace_InProgress\ADIN1110\Core\Inc\usart.h
2024-12-11 14:27:58,417 [INFO] CodeEngine:255 - oldGeneratedFile, C:\Users\ZOJOLDRI\STM32CubeIDE\workspace_InProgress\ADIN1110\Core\Src\stm32l4xx_it.c_save
2024-12-11 14:27:58,585 [INFO] CodeEngine:279 - Generated code: C:\Users\ZOJOLDRI\STM32CubeIDE\workspace_InProgress\ADIN1110\Core\Src\stm32l4xx_it.c
2024-12-11 14:27:58,613 [INFO] CodeEngine:255 - oldGeneratedFile, C:\Users\ZOJOLDRI\STM32CubeIDE\workspace_InProgress\ADIN1110\Core\Inc\stm32l4xx_it.h_save
2024-12-11 14:27:58,695 [INFO] CodeEngine:279 - Generated code: C:\Users\ZOJOLDRI\STM32CubeIDE\workspace_InProgress\ADIN1110\Core\Inc\stm32l4xx_it.h
2024-12-11 14:27:58,728 [INFO] CodeEngine:255 - oldGeneratedFile, C:\Users\ZOJOLDRI\STM32CubeIDE\workspace_InProgress\ADIN1110\Core\Src\stm32l4xx_hal_msp.c_save
2024-12-11 14:27:58,811 [INFO] CodeEngine:279 - Generated code: C:\Users\ZOJOLDRI\STM32CubeIDE\workspace_InProgress\ADIN1110\Core\Src\stm32l4xx_hal_msp.c
2024-12-11 14:27:58,822 [INFO] CodeEngine:255 - oldGeneratedFile, C:\Users\ZOJOLDRI\STM32CubeIDE\workspace_InProgress\ADIN1110\MXTmpFiles\system.tmp_save
2024-12-11 14:27:58,886 [INFO] CodeEngine:279 - Generated code: C:\Users\ZOJOLDRI\STM32CubeIDE\workspace_InProgress\ADIN1110\MXTmpFiles\system.tmp
2024-12-11 14:27:58,907 [INFO] CodeEngine:311 - oldGeneratedFile, C:\Users\ZOJOLDRI\STM32CubeIDE\workspace_InProgress\ADIN1110\Core\Inc\stm32l4xx_hal_conf.h_save
2024-12-11 14:27:58,969 [INFO] CodeEngine:335 - Generated code: C:\Users\ZOJOLDRI\STM32CubeIDE\workspace_InProgress\ADIN1110\Core\Inc\stm32l4xx_hal_conf.h
2024-12-11 14:27:59,008 [INFO] CodeEngine:255 - oldGeneratedFile, C:\Users\ZOJOLDRI\STM32CubeIDE\workspace_InProgress\ADIN1110\Core\Inc\main.h_save
2024-12-11 14:27:59,075 [INFO] CodeEngine:279 - Generated code: C:\Users\ZOJOLDRI\STM32CubeIDE\workspace_InProgress\ADIN1110\Core\Inc\main.h
2024-12-11 14:27:59,095 [INFO] CodeEngine:255 - oldGeneratedFile, C:\Users\ZOJOLDRI\STM32CubeIDE\workspace_InProgress\ADIN1110\Core\Src\main.c_save
2024-12-11 14:27:59,180 [INFO] CodeEngine:279 - Generated code: C:\Users\ZOJOLDRI\STM32CubeIDE\workspace_InProgress\ADIN1110\Core\Src\main.c
2024-12-11 14:27:59,528 [INFO] ProjectBuilder:3289 - Time for Copy HAL[1] : 138mS.
2024-12-11 14:27:59,531 [INFO] ProjectBuilder:4876 - Project Generator version: 4.5.0-RC5
2024-12-11 14:27:59,574 [INFO] ConfigFileManager:1579 - The Die is : DIE461
2024-12-11 14:28:01,078 [INFO] ProjectBuilder:5154 - Time for Generating toolchain IDE Files: 1547mS.
2024-12-11 14:28:01,079 [INFO] ProjectBuilder:3146 - Time for Copy CMSIS : 1mS.
2024-12-11 14:28:01,083 [INFO] ProjectBuilder:3146 - Time for Copy CMSIS : 0mS.
2024-12-11 14:48:19,769 [INFO] NvicIntPanel:101 - NVIC parent = com.st.microxplorer.plugins.ip.nvic.MultiNvicIntPanel[,0,0,450x311,layout=javax.swing.BoxLayout,alignmentX=0.0,alignmentY=0.0,border=,flags=9,maximumSize=,minimumSize=,preferredSize=]
2024-12-11 14:54:36,027 [INFO] NvicIntPanel:101 - NVIC parent = com.st.microxplorer.plugins.ip.nvic.MultiNvicIntPanel[,0,0,450x311,layout=javax.swing.BoxLayout,alignmentX=0.0,alignmentY=0.0,border=,flags=9,maximumSize=,minimumSize=,preferredSize=]
2024-12-11 14:54:43,503 [INFO] UtilMem:75 - End SaveConfig() Used Memory: 693455648 Bytes (1073741824)
2024-12-11 14:54:45,214 [INFO] UtilMem:75 - End SaveConfig() Used Memory: 733301536 Bytes (1073741824)
2024-12-11 14:54:47,064 [INFO] UtilMem:75 - End SaveConfig() Used Memory: 851862544 Bytes (1073741824)
2024-12-11 14:54:47,392 [INFO] BlockDiagram:2766 - set Specific Code input for plugin: SPI
2024-12-11 14:54:47,392 [INFO] BlockDiagram:2766 - set Specific Code input for plugin: SYS
2024-12-11 14:54:47,392 [INFO] BlockDiagram:2766 - set Specific Code input for plugin: RCC
2024-12-11 14:54:47,392 [INFO] BlockDiagram:2766 - set Specific Code input for plugin: NVIC
2024-12-11 14:54:47,393 [INFO] BlockDiagram:2766 - set Specific Code input for plugin: USART
2024-12-11 14:54:47,393 [INFO] BlockDiagram:2766 - set Specific Code input for plugin: DMA
2024-12-11 14:54:47,393 [INFO] BlockDiagram:2766 - set Specific Code input for plugin: GPIO
2024-12-11 14:54:47,396 [INFO] CodeGenerator:896 - code generatio: config db path: C:\ST\STM32CubeIDE_1.17.0\STM32CubeIDE\plugins\com.st.stm32cube.common.mx_6.13.0.202411220809\\db\
2024-12-11 14:54:47,404 [INFO] Argument:325 - Argument : hdmavalue: null
2024-12-11 14:54:47,404 [INFO] Argument:327 - 	 sub Args: 
2024-12-11 14:54:47,404 [INFO] Argument:325 - Argument : Instancevalue: DMA1_Channel2
2024-12-11 14:54:47,404 [INFO] Argument:335 - Argument : Instancevalue: DMA1_Channel2
2024-12-11 14:54:47,404 [INFO] Argument:325 - Argument : Initvalue: null
2024-12-11 14:54:47,404 [INFO] Argument:327 - 	 sub Args: 
2024-12-11 14:54:47,404 [INFO] Argument:325 - Argument : Requestvalue: DMA_REQUEST_1
2024-12-11 14:54:47,404 [INFO] Argument:335 - Argument : Requestvalue: DMA_REQUEST_1
2024-12-11 14:54:47,404 [INFO] Argument:325 - Argument : Directionvalue: DMA_PERIPH_TO_MEMORY
2024-12-11 14:54:47,404 [INFO] Argument:335 - Argument : Directionvalue: DMA_PERIPH_TO_MEMORY
2024-12-11 14:54:47,404 [INFO] Argument:325 - Argument : PeriphIncvalue: DMA_PINC_DISABLE
2024-12-11 14:54:47,404 [INFO] Argument:335 - Argument : PeriphIncvalue: DMA_PINC_DISABLE
2024-12-11 14:54:47,404 [INFO] Argument:325 - Argument : MemIncvalue: DMA_MINC_ENABLE
2024-12-11 14:54:47,404 [INFO] Argument:335 - Argument : MemIncvalue: DMA_MINC_ENABLE
2024-12-11 14:54:47,404 [INFO] Argument:325 - Argument : PeriphDataAlignmentvalue: DMA_PDATAALIGN_BYTE
2024-12-11 14:54:47,404 [INFO] Argument:335 - Argument : PeriphDataAlignmentvalue: DMA_PDATAALIGN_BYTE
2024-12-11 14:54:47,404 [INFO] Argument:325 - Argument : MemDataAlignmentvalue: DMA_MDATAALIGN_BYTE
2024-12-11 14:54:47,404 [INFO] Argument:335 - Argument : MemDataAlignmentvalue: DMA_MDATAALIGN_BYTE
2024-12-11 14:54:47,404 [INFO] Argument:325 - Argument : Modevalue: DMA_NORMAL
2024-12-11 14:54:47,404 [INFO] Argument:335 - Argument : Modevalue: DMA_NORMAL
2024-12-11 14:54:47,405 [INFO] Argument:325 - Argument : Priorityvalue: DMA_PRIORITY_LOW
2024-12-11 14:54:47,405 [INFO] Argument:335 - Argument : Priorityvalue: DMA_PRIORITY_LOW
2024-12-11 14:54:47,405 [INFO] Argument:325 - Argument : Lockvalue: null
2024-12-11 14:54:47,405 [INFO] Argument:335 - Argument : Lockvalue: null
2024-12-11 14:54:47,405 [INFO] Argument:325 - Argument : Statevalue: null
2024-12-11 14:54:47,405 [INFO] Argument:335 - Argument : Statevalue: null
2024-12-11 14:54:47,405 [INFO] Argument:325 - Argument : Parentvalue: null
2024-12-11 14:54:47,405 [INFO] Argument:335 - Argument : Parentvalue: null
2024-12-11 14:54:47,405 [INFO] Argument:325 - Argument : XferCpltCallbackvalue: null
2024-12-11 14:54:47,405 [INFO] Argument:335 - Argument : XferCpltCallbackvalue: null
2024-12-11 14:54:47,405 [INFO] Argument:325 - Argument : XferHalfCpltCallbackvalue: null
2024-12-11 14:54:47,406 [INFO] Argument:335 - Argument : XferHalfCpltCallbackvalue: null
2024-12-11 14:54:47,406 [INFO] Argument:325 - Argument : XferErrorCallbackvalue: null
2024-12-11 14:54:47,406 [INFO] Argument:335 - Argument : XferErrorCallbackvalue: null
2024-12-11 14:54:47,406 [INFO] Argument:325 - Argument : XferAbortCallbackvalue: null
2024-12-11 14:54:47,406 [INFO] Argument:335 - Argument : XferAbortCallbackvalue: null
2024-12-11 14:54:47,406 [INFO] Argument:325 - Argument : ErrorCodevalue: null
2024-12-11 14:54:47,406 [INFO] Argument:335 - Argument : ErrorCodevalue: null
2024-12-11 14:54:47,406 [INFO] Argument:325 - Argument : DmaBaseAddressvalue: null
2024-12-11 14:54:47,406 [INFO] Argument:335 - Argument : DmaBaseAddressvalue: null
2024-12-11 14:54:47,406 [INFO] Argument:325 - Argument : ChannelIndexvalue: null
2024-12-11 14:54:47,406 [INFO] Argument:335 - Argument : ChannelIndexvalue: null
2024-12-11 14:54:47,406 [INFO] Argument:325 - Argument : hdmavalue: null
2024-12-11 14:54:47,406 [INFO] Argument:327 - 	 sub Args: 
2024-12-11 14:54:47,406 [INFO] Argument:325 - Argument : Instancevalue: DMA1_Channel2
2024-12-11 14:54:47,406 [INFO] Argument:335 - Argument : Instancevalue: DMA1_Channel2
2024-12-11 14:54:47,406 [INFO] Argument:325 - Argument : Initvalue: null
2024-12-11 14:54:47,406 [INFO] Argument:327 - 	 sub Args: 
2024-12-11 14:54:47,406 [INFO] Argument:325 - Argument : Requestvalue: DMA_REQUEST_1
2024-12-11 14:54:47,406 [INFO] Argument:335 - Argument : Requestvalue: DMA_REQUEST_1
2024-12-11 14:54:47,406 [INFO] Argument:325 - Argument : Directionvalue: DMA_PERIPH_TO_MEMORY
2024-12-11 14:54:47,406 [INFO] Argument:335 - Argument : Directionvalue: DMA_PERIPH_TO_MEMORY
2024-12-11 14:54:47,407 [INFO] Argument:325 - Argument : PeriphIncvalue: DMA_PINC_DISABLE
2024-12-11 14:54:47,407 [INFO] Argument:335 - Argument : PeriphIncvalue: DMA_PINC_DISABLE
2024-12-11 14:54:47,407 [INFO] Argument:325 - Argument : MemIncvalue: DMA_MINC_ENABLE
2024-12-11 14:54:47,407 [INFO] Argument:335 - Argument : MemIncvalue: DMA_MINC_ENABLE
2024-12-11 14:54:47,407 [INFO] Argument:325 - Argument : PeriphDataAlignmentvalue: DMA_PDATAALIGN_BYTE
2024-12-11 14:54:47,407 [INFO] Argument:335 - Argument : PeriphDataAlignmentvalue: DMA_PDATAALIGN_BYTE
2024-12-11 14:54:47,407 [INFO] Argument:325 - Argument : MemDataAlignmentvalue: DMA_MDATAALIGN_BYTE
2024-12-11 14:54:47,407 [INFO] Argument:335 - Argument : MemDataAlignmentvalue: DMA_MDATAALIGN_BYTE
2024-12-11 14:54:47,407 [INFO] Argument:325 - Argument : Modevalue: DMA_NORMAL
2024-12-11 14:54:47,407 [INFO] Argument:335 - Argument : Modevalue: DMA_NORMAL
2024-12-11 14:54:47,407 [INFO] Argument:325 - Argument : Priorityvalue: DMA_PRIORITY_LOW
2024-12-11 14:54:47,407 [INFO] Argument:335 - Argument : Priorityvalue: DMA_PRIORITY_LOW
2024-12-11 14:54:47,407 [INFO] Argument:325 - Argument : Lockvalue: null
2024-12-11 14:54:47,407 [INFO] Argument:335 - Argument : Lockvalue: null
2024-12-11 14:54:47,407 [INFO] Argument:325 - Argument : Statevalue: null
2024-12-11 14:54:47,407 [INFO] Argument:335 - Argument : Statevalue: null
2024-12-11 14:54:47,407 [INFO] Argument:325 - Argument : Parentvalue: null
2024-12-11 14:54:47,407 [INFO] Argument:335 - Argument : Parentvalue: null
2024-12-11 14:54:47,407 [INFO] Argument:325 - Argument : XferCpltCallbackvalue: null
2024-12-11 14:54:47,407 [INFO] Argument:335 - Argument : XferCpltCallbackvalue: null
2024-12-11 14:54:47,407 [INFO] Argument:325 - Argument : XferHalfCpltCallbackvalue: null
2024-12-11 14:54:47,407 [INFO] Argument:335 - Argument : XferHalfCpltCallbackvalue: null
2024-12-11 14:54:47,407 [INFO] Argument:325 - Argument : XferErrorCallbackvalue: null
2024-12-11 14:54:47,407 [INFO] Argument:335 - Argument : XferErrorCallbackvalue: null
2024-12-11 14:54:47,407 [INFO] Argument:325 - Argument : XferAbortCallbackvalue: null
2024-12-11 14:54:47,407 [INFO] Argument:335 - Argument : XferAbortCallbackvalue: null
2024-12-11 14:54:47,408 [INFO] Argument:325 - Argument : ErrorCodevalue: null
2024-12-11 14:54:47,408 [INFO] Argument:335 - Argument : ErrorCodevalue: null
2024-12-11 14:54:47,408 [INFO] Argument:325 - Argument : DmaBaseAddressvalue: null
2024-12-11 14:54:47,408 [INFO] Argument:335 - Argument : DmaBaseAddressvalue: null
2024-12-11 14:54:47,408 [INFO] Argument:325 - Argument : ChannelIndexvalue: null
2024-12-11 14:54:47,408 [INFO] Argument:335 - Argument : ChannelIndexvalue: null
2024-12-11 14:54:47,408 [INFO] Argument:325 - Argument : pSyncConfigvalue: null
2024-12-11 14:54:47,408 [INFO] Argument:327 - 	 sub Args: 
2024-12-11 14:54:47,408 [INFO] Argument:325 - Argument : SyncSignalIDvalue: null
2024-12-11 14:54:47,408 [INFO] Argument:335 - Argument : SyncSignalIDvalue: null
2024-12-11 14:54:47,408 [INFO] Argument:325 - Argument : SyncPolarityvalue: null
2024-12-11 14:54:47,408 [INFO] Argument:335 - Argument : SyncPolarityvalue: null
2024-12-11 14:54:47,408 [INFO] Argument:325 - Argument : SyncEnablevalue: null
2024-12-11 14:54:47,408 [INFO] Argument:335 - Argument : SyncEnablevalue: null
2024-12-11 14:54:47,408 [INFO] Argument:325 - Argument : EventEnablevalue: null
2024-12-11 14:54:47,408 [INFO] Argument:335 - Argument : EventEnablevalue: null
2024-12-11 14:54:47,408 [INFO] Argument:325 - Argument : RequestNumbervalue: null
2024-12-11 14:54:47,408 [INFO] Argument:335 - Argument : RequestNumbervalue: null
2024-12-11 14:54:47,409 [INFO] Argument:325 - Argument : hdmavalue: null
2024-12-11 14:54:47,409 [INFO] Argument:327 - 	 sub Args: 
2024-12-11 14:54:47,409 [INFO] Argument:325 - Argument : Instancevalue: DMA1_Channel3
2024-12-11 14:54:47,409 [INFO] Argument:335 - Argument : Instancevalue: DMA1_Channel3
2024-12-11 14:54:47,409 [INFO] Argument:325 - Argument : Initvalue: null
2024-12-11 14:54:47,409 [INFO] Argument:327 - 	 sub Args: 
2024-12-11 14:54:47,409 [INFO] Argument:325 - Argument : Requestvalue: DMA_REQUEST_1
2024-12-11 14:54:47,409 [INFO] Argument:335 - Argument : Requestvalue: DMA_REQUEST_1
2024-12-11 14:54:47,409 [INFO] Argument:325 - Argument : Directionvalue: DMA_MEMORY_TO_PERIPH
2024-12-11 14:54:47,409 [INFO] Argument:335 - Argument : Directionvalue: DMA_MEMORY_TO_PERIPH
2024-12-11 14:54:47,409 [INFO] Argument:325 - Argument : PeriphIncvalue: DMA_PINC_DISABLE
2024-12-11 14:54:47,409 [INFO] Argument:335 - Argument : PeriphIncvalue: DMA_PINC_DISABLE
2024-12-11 14:54:47,409 [INFO] Argument:325 - Argument : MemIncvalue: DMA_MINC_ENABLE
2024-12-11 14:54:47,409 [INFO] Argument:335 - Argument : MemIncvalue: DMA_MINC_ENABLE
2024-12-11 14:54:47,409 [INFO] Argument:325 - Argument : PeriphDataAlignmentvalue: DMA_PDATAALIGN_BYTE
2024-12-11 14:54:47,409 [INFO] Argument:335 - Argument : PeriphDataAlignmentvalue: DMA_PDATAALIGN_BYTE
2024-12-11 14:54:47,410 [INFO] Argument:325 - Argument : MemDataAlignmentvalue: DMA_MDATAALIGN_BYTE
2024-12-11 14:54:47,410 [INFO] Argument:335 - Argument : MemDataAlignmentvalue: DMA_MDATAALIGN_BYTE
2024-12-11 14:54:47,410 [INFO] Argument:325 - Argument : Modevalue: DMA_NORMAL
2024-12-11 14:54:47,410 [INFO] Argument:335 - Argument : Modevalue: DMA_NORMAL
2024-12-11 14:54:47,410 [INFO] Argument:325 - Argument : Priorityvalue: DMA_PRIORITY_LOW
2024-12-11 14:54:47,410 [INFO] Argument:335 - Argument : Priorityvalue: DMA_PRIORITY_LOW
2024-12-11 14:54:47,410 [INFO] Argument:325 - Argument : Lockvalue: null
2024-12-11 14:54:47,410 [INFO] Argument:335 - Argument : Lockvalue: null
2024-12-11 14:54:47,410 [INFO] Argument:325 - Argument : Statevalue: null
2024-12-11 14:54:47,410 [INFO] Argument:335 - Argument : Statevalue: null
2024-12-11 14:54:47,410 [INFO] Argument:325 - Argument : Parentvalue: null
2024-12-11 14:54:47,411 [INFO] Argument:335 - Argument : Parentvalue: null
2024-12-11 14:54:47,411 [INFO] Argument:325 - Argument : XferCpltCallbackvalue: null
2024-12-11 14:54:47,411 [INFO] Argument:335 - Argument : XferCpltCallbackvalue: null
2024-12-11 14:54:47,411 [INFO] Argument:325 - Argument : XferHalfCpltCallbackvalue: null
2024-12-11 14:54:47,411 [INFO] Argument:335 - Argument : XferHalfCpltCallbackvalue: null
2024-12-11 14:54:47,411 [INFO] Argument:325 - Argument : XferErrorCallbackvalue: null
2024-12-11 14:54:47,411 [INFO] Argument:335 - Argument : XferErrorCallbackvalue: null
2024-12-11 14:54:47,411 [INFO] Argument:325 - Argument : XferAbortCallbackvalue: null
2024-12-11 14:54:47,411 [INFO] Argument:335 - Argument : XferAbortCallbackvalue: null
2024-12-11 14:54:47,411 [INFO] Argument:325 - Argument : ErrorCodevalue: null
2024-12-11 14:54:47,411 [INFO] Argument:335 - Argument : ErrorCodevalue: null
2024-12-11 14:54:47,411 [INFO] Argument:325 - Argument : DmaBaseAddressvalue: null
2024-12-11 14:54:47,411 [INFO] Argument:335 - Argument : DmaBaseAddressvalue: null
2024-12-11 14:54:47,411 [INFO] Argument:325 - Argument : ChannelIndexvalue: null
2024-12-11 14:54:47,411 [INFO] Argument:335 - Argument : ChannelIndexvalue: null
2024-12-11 14:54:47,412 [INFO] Argument:325 - Argument : hdmavalue: null
2024-12-11 14:54:47,412 [INFO] Argument:327 - 	 sub Args: 
2024-12-11 14:54:47,412 [INFO] Argument:325 - Argument : Instancevalue: DMA1_Channel3
2024-12-11 14:54:47,412 [INFO] Argument:335 - Argument : Instancevalue: DMA1_Channel3
2024-12-11 14:54:47,412 [INFO] Argument:325 - Argument : Initvalue: null
2024-12-11 14:54:47,412 [INFO] Argument:327 - 	 sub Args: 
2024-12-11 14:54:47,412 [INFO] Argument:325 - Argument : Requestvalue: DMA_REQUEST_1
2024-12-11 14:54:47,412 [INFO] Argument:335 - Argument : Requestvalue: DMA_REQUEST_1
2024-12-11 14:54:47,412 [INFO] Argument:325 - Argument : Directionvalue: DMA_MEMORY_TO_PERIPH
2024-12-11 14:54:47,412 [INFO] Argument:335 - Argument : Directionvalue: DMA_MEMORY_TO_PERIPH
2024-12-11 14:54:47,412 [INFO] Argument:325 - Argument : PeriphIncvalue: DMA_PINC_DISABLE
2024-12-11 14:54:47,412 [INFO] Argument:335 - Argument : PeriphIncvalue: DMA_PINC_DISABLE
2024-12-11 14:54:47,412 [INFO] Argument:325 - Argument : MemIncvalue: DMA_MINC_ENABLE
2024-12-11 14:54:47,412 [INFO] Argument:335 - Argument : MemIncvalue: DMA_MINC_ENABLE
2024-12-11 14:54:47,412 [INFO] Argument:325 - Argument : PeriphDataAlignmentvalue: DMA_PDATAALIGN_BYTE
2024-12-11 14:54:47,412 [INFO] Argument:335 - Argument : PeriphDataAlignmentvalue: DMA_PDATAALIGN_BYTE
2024-12-11 14:54:47,412 [INFO] Argument:325 - Argument : MemDataAlignmentvalue: DMA_MDATAALIGN_BYTE
2024-12-11 14:54:47,412 [INFO] Argument:335 - Argument : MemDataAlignmentvalue: DMA_MDATAALIGN_BYTE
2024-12-11 14:54:47,412 [INFO] Argument:325 - Argument : Modevalue: DMA_NORMAL
2024-12-11 14:54:47,412 [INFO] Argument:335 - Argument : Modevalue: DMA_NORMAL
2024-12-11 14:54:47,412 [INFO] Argument:325 - Argument : Priorityvalue: DMA_PRIORITY_LOW
2024-12-11 14:54:47,412 [INFO] Argument:335 - Argument : Priorityvalue: DMA_PRIORITY_LOW
2024-12-11 14:54:47,412 [INFO] Argument:325 - Argument : Lockvalue: null
2024-12-11 14:54:47,412 [INFO] Argument:335 - Argument : Lockvalue: null
2024-12-11 14:54:47,412 [INFO] Argument:325 - Argument : Statevalue: null
2024-12-11 14:54:47,412 [INFO] Argument:335 - Argument : Statevalue: null
2024-12-11 14:54:47,413 [INFO] Argument:325 - Argument : Parentvalue: null
2024-12-11 14:54:47,413 [INFO] Argument:335 - Argument : Parentvalue: null
2024-12-11 14:54:47,413 [INFO] Argument:325 - Argument : XferCpltCallbackvalue: null
2024-12-11 14:54:47,413 [INFO] Argument:335 - Argument : XferCpltCallbackvalue: null
2024-12-11 14:54:47,413 [INFO] Argument:325 - Argument : XferHalfCpltCallbackvalue: null
2024-12-11 14:54:47,413 [INFO] Argument:335 - Argument : XferHalfCpltCallbackvalue: null
2024-12-11 14:54:47,413 [INFO] Argument:325 - Argument : XferErrorCallbackvalue: null
2024-12-11 14:54:47,413 [INFO] Argument:335 - Argument : XferErrorCallbackvalue: null
2024-12-11 14:54:47,413 [INFO] Argument:325 - Argument : XferAbortCallbackvalue: null
2024-12-11 14:54:47,413 [INFO] Argument:335 - Argument : XferAbortCallbackvalue: null
2024-12-11 14:54:47,413 [INFO] Argument:325 - Argument : ErrorCodevalue: null
2024-12-11 14:54:47,413 [INFO] Argument:335 - Argument : ErrorCodevalue: null
2024-12-11 14:54:47,413 [INFO] Argument:325 - Argument : DmaBaseAddressvalue: null
2024-12-11 14:54:47,413 [INFO] Argument:335 - Argument : DmaBaseAddressvalue: null
2024-12-11 14:54:47,413 [INFO] Argument:325 - Argument : ChannelIndexvalue: null
2024-12-11 14:54:47,413 [INFO] Argument:335 - Argument : ChannelIndexvalue: null
2024-12-11 14:54:47,413 [INFO] Argument:325 - Argument : pSyncConfigvalue: null
2024-12-11 14:54:47,413 [INFO] Argument:327 - 	 sub Args: 
2024-12-11 14:54:47,413 [INFO] Argument:325 - Argument : SyncSignalIDvalue: null
2024-12-11 14:54:47,413 [INFO] Argument:335 - Argument : SyncSignalIDvalue: null
2024-12-11 14:54:47,413 [INFO] Argument:325 - Argument : SyncPolarityvalue: null
2024-12-11 14:54:47,413 [INFO] Argument:335 - Argument : SyncPolarityvalue: null
2024-12-11 14:54:47,413 [INFO] Argument:325 - Argument : SyncEnablevalue: null
2024-12-11 14:54:47,413 [INFO] Argument:335 - Argument : SyncEnablevalue: null
2024-12-11 14:54:47,413 [INFO] Argument:325 - Argument : EventEnablevalue: null
2024-12-11 14:54:47,413 [INFO] Argument:335 - Argument : EventEnablevalue: null
2024-12-11 14:54:47,413 [INFO] Argument:325 - Argument : RequestNumbervalue: null
2024-12-11 14:54:47,413 [INFO] Argument:335 - Argument : RequestNumbervalue: null
2024-12-11 14:54:47,596 [INFO] CodeEngine:255 - oldGeneratedFile, C:\Users\ZOJOLDRI\STM32CubeIDE\workspace_InProgress\ADIN1110\MXTmpFiles\license.tmp_save
2024-12-11 14:54:47,829 [INFO] CodeEngine:279 - Generated code: C:\Users\ZOJOLDRI\STM32CubeIDE\workspace_InProgress\ADIN1110\MXTmpFiles\license.tmp
2024-12-11 14:54:47,879 [INFO] CodeEngine:255 - oldGeneratedFile, C:\Users\ZOJOLDRI\STM32CubeIDE\workspace_InProgress\ADIN1110\Core\Src\gpio.c_save
2024-12-11 14:54:48,053 [INFO] CodeEngine:279 - Generated code: C:\Users\ZOJOLDRI\STM32CubeIDE\workspace_InProgress\ADIN1110\Core\Src\gpio.c
2024-12-11 14:54:48,075 [INFO] CodeEngine:255 - oldGeneratedFile, C:\Users\ZOJOLDRI\STM32CubeIDE\workspace_InProgress\ADIN1110\Core\Inc\gpio.h_save
2024-12-11 14:54:48,202 [INFO] CodeEngine:279 - Generated code: C:\Users\ZOJOLDRI\STM32CubeIDE\workspace_InProgress\ADIN1110\Core\Inc\gpio.h
2024-12-11 14:54:48,415 [INFO] CodeEngine:255 - oldGeneratedFile, C:\Users\ZOJOLDRI\STM32CubeIDE\workspace_InProgress\ADIN1110\Core\Src\dma.c_save
2024-12-11 14:54:48,517 [INFO] CodeEngine:279 - Generated code: C:\Users\ZOJOLDRI\STM32CubeIDE\workspace_InProgress\ADIN1110\Core\Src\dma.c
2024-12-11 14:54:48,539 [INFO] CodeEngine:255 - oldGeneratedFile, C:\Users\ZOJOLDRI\STM32CubeIDE\workspace_InProgress\ADIN1110\Core\Inc\dma.h_save
2024-12-11 14:54:48,622 [INFO] CodeEngine:279 - Generated code: C:\Users\ZOJOLDRI\STM32CubeIDE\workspace_InProgress\ADIN1110\Core\Inc\dma.h
2024-12-11 14:54:48,655 [INFO] CodeEngine:255 - oldGeneratedFile, C:\Users\ZOJOLDRI\STM32CubeIDE\workspace_InProgress\ADIN1110\Core\Src\spi.c_save
2024-12-11 14:54:48,799 [INFO] CodeEngine:279 - Generated code: C:\Users\ZOJOLDRI\STM32CubeIDE\workspace_InProgress\ADIN1110\Core\Src\spi.c
2024-12-11 14:54:48,826 [INFO] CodeEngine:255 - oldGeneratedFile, C:\Users\ZOJOLDRI\STM32CubeIDE\workspace_InProgress\ADIN1110\Core\Inc\spi.h_save
2024-12-11 14:54:48,913 [INFO] CodeEngine:279 - Generated code: C:\Users\ZOJOLDRI\STM32CubeIDE\workspace_InProgress\ADIN1110\Core\Inc\spi.h
2024-12-11 14:54:48,930 [INFO] CodeEngine:255 - oldGeneratedFile, C:\Users\ZOJOLDRI\STM32CubeIDE\workspace_InProgress\ADIN1110\Core\Src\usart.c_save
2024-12-11 14:54:49,019 [INFO] CodeEngine:279 - Generated code: C:\Users\ZOJOLDRI\STM32CubeIDE\workspace_InProgress\ADIN1110\Core\Src\usart.c
2024-12-11 14:54:49,024 [INFO] CodeEngine:255 - oldGeneratedFile, C:\Users\ZOJOLDRI\STM32CubeIDE\workspace_InProgress\ADIN1110\Core\Inc\usart.h_save
2024-12-11 14:54:49,103 [INFO] CodeEngine:279 - Generated code: C:\Users\ZOJOLDRI\STM32CubeIDE\workspace_InProgress\ADIN1110\Core\Inc\usart.h
2024-12-11 14:54:49,132 [INFO] CodeEngine:255 - oldGeneratedFile, C:\Users\ZOJOLDRI\STM32CubeIDE\workspace_InProgress\ADIN1110\Core\Src\stm32l4xx_it.c_save
2024-12-11 14:54:49,305 [INFO] CodeEngine:279 - Generated code: C:\Users\ZOJOLDRI\STM32CubeIDE\workspace_InProgress\ADIN1110\Core\Src\stm32l4xx_it.c
2024-12-11 14:54:49,328 [INFO] CodeEngine:255 - oldGeneratedFile, C:\Users\ZOJOLDRI\STM32CubeIDE\workspace_InProgress\ADIN1110\Core\Inc\stm32l4xx_it.h_save
2024-12-11 14:54:49,399 [INFO] CodeEngine:279 - Generated code: C:\Users\ZOJOLDRI\STM32CubeIDE\workspace_InProgress\ADIN1110\Core\Inc\stm32l4xx_it.h
2024-12-11 14:54:49,429 [INFO] CodeEngine:255 - oldGeneratedFile, C:\Users\ZOJOLDRI\STM32CubeIDE\workspace_InProgress\ADIN1110\Core\Src\stm32l4xx_hal_msp.c_save
2024-12-11 14:54:49,542 [INFO] CodeEngine:279 - Generated code: C:\Users\ZOJOLDRI\STM32CubeIDE\workspace_InProgress\ADIN1110\Core\Src\stm32l4xx_hal_msp.c
2024-12-11 14:54:49,557 [INFO] CodeEngine:255 - oldGeneratedFile, C:\Users\ZOJOLDRI\STM32CubeIDE\workspace_InProgress\ADIN1110\MXTmpFiles\system.tmp_save
2024-12-11 14:54:49,618 [INFO] CodeEngine:279 - Generated code: C:\Users\ZOJOLDRI\STM32CubeIDE\workspace_InProgress\ADIN1110\MXTmpFiles\system.tmp
2024-12-11 14:54:49,652 [INFO] CodeEngine:311 - oldGeneratedFile, C:\Users\ZOJOLDRI\STM32CubeIDE\workspace_InProgress\ADIN1110\Core\Inc\stm32l4xx_hal_conf.h_save
2024-12-11 14:54:49,759 [INFO] CodeEngine:335 - Generated code: C:\Users\ZOJOLDRI\STM32CubeIDE\workspace_InProgress\ADIN1110\Core\Inc\stm32l4xx_hal_conf.h
2024-12-11 14:54:49,807 [INFO] CodeEngine:255 - oldGeneratedFile, C:\Users\ZOJOLDRI\STM32CubeIDE\workspace_InProgress\ADIN1110\Core\Inc\main.h_save
2024-12-11 14:54:49,923 [INFO] CodeEngine:279 - Generated code: C:\Users\ZOJOLDRI\STM32CubeIDE\workspace_InProgress\ADIN1110\Core\Inc\main.h
2024-12-11 14:54:49,950 [INFO] CodeEngine:255 - oldGeneratedFile, C:\Users\ZOJOLDRI\STM32CubeIDE\workspace_InProgress\ADIN1110\Core\Src\main.c_save
2024-12-11 14:54:50,081 [INFO] CodeEngine:279 - Generated code: C:\Users\ZOJOLDRI\STM32CubeIDE\workspace_InProgress\ADIN1110\Core\Src\main.c
2024-12-11 14:54:50,433 [INFO] ProjectBuilder:3289 - Time for Copy HAL[1] : 235mS.
2024-12-11 14:54:50,437 [INFO] ProjectBuilder:4876 - Project Generator version: 4.5.0-RC5
2024-12-11 14:54:50,506 [INFO] ConfigFileManager:1579 - The Die is : DIE461
2024-12-11 14:54:53,486 [INFO] ProjectBuilder:5154 - Time for Generating toolchain IDE Files: 3049mS.
2024-12-11 14:54:53,487 [INFO] ProjectBuilder:3146 - Time for Copy CMSIS : 1mS.
2024-12-11 14:54:53,497 [INFO] ProjectBuilder:3146 - Time for Copy CMSIS : 0mS.
2024-12-11 14:58:44,449 [INFO] CADModel:198 - CPN selected (Project mode): STM32L496ZGT6P
2024-12-11 14:58:44,453 [INFO] CADModel:200 - Internet connection configuration mode: 1
2024-12-11 14:58:44,453 [INFO] CADModel:203 - rpn retrievedSTM32L496ZGT
2024-12-11 14:58:44,467 [INFO] WebAppUi:325 - Instantiating new browser for Project
2024-12-11 14:58:44,736 [INFO] WebAppUi:1224 - Register for checkConnection events
2024-12-11 14:58:44,736 [INFO] WebAppUi:1259 - Apply proxy settings
2024-12-11 14:58:44,737 [INFO] WebAppUi:1297 - Chromium requires no authentication
2024-12-11 14:58:44,737 [INFO] WebAppUi:1283 - Direct internet connection detected
2024-12-11 14:58:44,741 [INFO] WebAppUi:1155 - Web application path used C:\ST\STM32CubeIDE_1.17.0\STM32CubeIDE\plugins\com.st.stm32cube.common.mx_6.13.0.202411220809\db\plugins\mcufinder\reactClient\index.html
2024-12-11 14:58:44,784 [INFO] WebAppUi:927 - Path where api_config.json is located C:\Users\ZOJOLDRI\.stmcufinder\plugins\mcufinder//mcu/api_config.json
2024-12-11 14:58:44,784 [INFO] WebAppUi:928 - Setting api config in window object
2024-12-11 14:58:44,814 [INFO] WebAppUi:936 - Path where cad_preferences.json is located C:\Users\ZOJOLDRI/.stm32cubeide/
2024-12-11 14:58:44,816 [INFO] WebAppUi:937 - Setting consent info in window object
2024-12-11 14:58:45,273 [INFO] WebAppUi:832 - Allow Downloads
2024-12-11 14:58:45,274 [INFO] WebAppUi:325 - Instantiating new browser for Finder
2024-12-11 14:58:45,427 [INFO] WebAppUi:1089 - Web application message: [UlApiManager component] Connecting to SSO
2024-12-11 14:58:45,507 [INFO] WebAppUi:1224 - Register for checkConnection events
2024-12-11 14:58:45,507 [INFO] WebAppUi:1259 - Apply proxy settings
2024-12-11 14:58:45,507 [INFO] WebAppUi:1297 - Chromium requires no authentication
2024-12-11 14:58:45,507 [INFO] WebAppUi:1283 - Direct internet connection detected
2024-12-11 14:58:45,509 [INFO] WebAppUi:1155 - Web application path used C:\ST\STM32CubeIDE_1.17.0\STM32CubeIDE\plugins\com.st.stm32cube.common.mx_6.13.0.202411220809\db\plugins\mcufinder\reactClient\index.html
2024-12-11 14:58:45,516 [INFO] WebAppUi:927 - Path where api_config.json is located C:\Users\ZOJOLDRI\.stmcufinder\plugins\mcufinder//mcu/api_config.json
2024-12-11 14:58:45,516 [INFO] WebAppUi:928 - Setting api config in window object
2024-12-11 14:58:45,539 [INFO] WebAppUi:936 - Path where cad_preferences.json is located C:\Users\ZOJOLDRI/.stm32cubeide/
2024-12-11 14:58:45,539 [INFO] WebAppUi:937 - Setting consent info in window object
2024-12-11 14:58:46,013 [INFO] WebAppUi:832 - Allow Downloads
2024-12-11 14:58:46,014 [INFO] WebAppUi:653 - RPN selected STM32L496ZGT
2024-12-11 14:58:46,014 [INFO] WebAppUi:654 - RefName selected STM32L496ZGTxP
2024-12-11 14:58:46,014 [INFO] WebAppUi:655 - CPN selected STM32L496ZGT6P
2024-12-11 14:58:46,017 [INFO] WebAppUi:818 - Which Bigleton in use 2 and which CPN is about STM32L496ZGT6P
2024-12-11 14:58:46,017 [INFO] WebAppUi:692 - Have injected Javascript into web application
2024-12-11 14:58:46,017 [INFO] WebAppUiContainer:153 - Web application run mode: Project CPN: STM32L496ZGT6P
2024-12-11 14:58:46,090 [INFO] WebAppUi:1089 - Web application message: [UlApiManager component] Connected to Ultra Librarian SSO
2024-12-11 14:58:46,091 [INFO] WebAppUi:1089 - Web application message: [UlApiManager component] Connected to Ultra Librarian API
2024-12-11 14:58:46,095 [INFO] WebAppUi:1089 - Web application message: [UlApiManager component] Connecting to SSO
2024-12-11 14:58:46,655 [INFO] WebAppUi:1089 - Web application message: [UlApiManager component] Connected to Ultra Librarian SSO
2024-12-11 14:58:46,657 [INFO] WebAppUi:1089 - Web application message: [UlApiManager component] Connected to Ultra Librarian API
2024-12-11 14:58:47,527 [INFO] WebAppUi:1089 - Web application message: CAD resources feature launch attempt
2024-12-11 14:58:48,809 [INFO] WebAppUi:927 - Path where api_config.json is located C:\Users\ZOJOLDRI\.stmcufinder\plugins\mcufinder//mcu/api_config.json
2024-12-11 14:58:48,809 [INFO] WebAppUi:928 - Setting api config in window object
2024-12-11 14:58:48,836 [INFO] WebAppUi:936 - Path where cad_preferences.json is located C:\Users\ZOJOLDRI/.stm32cubeide/
2024-12-11 14:58:48,836 [INFO] WebAppUi:937 - Setting consent info in window object
2024-12-11 14:58:51,606 [INFO] WebAppUi:1089 - Web application message: THREE.WebGLRenderer 101
2024-12-11 15:00:01,056 [INFO] NvicIntPanel:101 - NVIC parent = com.st.microxplorer.plugins.ip.nvic.MultiNvicIntPanel[,0,0,450x311,layout=javax.swing.BoxLayout,alignmentX=0.0,alignmentY=0.0,border=,flags=9,maximumSize=,minimumSize=,preferredSize=]
2024-12-11 15:00:09,884 [INFO] NvicIntPanel:101 - NVIC parent = com.st.microxplorer.plugins.ip.nvic.MultiNvicIntPanel[,0,0,0x0,invalid,layout=javax.swing.BoxLayout,alignmentX=0.0,alignmentY=0.0,border=,flags=9,maximumSize=,minimumSize=,preferredSize=]
2024-12-11 15:00:12,473 [INFO] NvicIntPanel:101 - NVIC parent = com.st.microxplorer.plugins.ip.nvic.MultiNvicIntPanel[,0,0,0x0,invalid,layout=javax.swing.BoxLayout,alignmentX=0.0,alignmentY=0.0,border=,flags=9,maximumSize=,minimumSize=,preferredSize=]
2024-12-11 15:00:13,629 [INFO] UtilMem:75 - End SaveConfig() Used Memory: 735029744 Bytes (1073741824)
2024-12-11 15:00:14,593 [INFO] UtilMem:75 - End SaveConfig() Used Memory: 773304816 Bytes (1073741824)
2024-12-11 15:00:16,105 [INFO] UtilMem:75 - End SaveConfig() Used Memory: 847753712 Bytes (1073741824)
2024-12-11 15:00:16,246 [INFO] BlockDiagram:2766 - set Specific Code input for plugin: SPI
2024-12-11 15:00:16,246 [INFO] BlockDiagram:2766 - set Specific Code input for plugin: SYS
2024-12-11 15:00:16,247 [INFO] BlockDiagram:2766 - set Specific Code input for plugin: RCC
2024-12-11 15:00:16,247 [INFO] BlockDiagram:2766 - set Specific Code input for plugin: NVIC
2024-12-11 15:00:16,247 [INFO] BlockDiagram:2766 - set Specific Code input for plugin: USART
2024-12-11 15:00:16,247 [INFO] BlockDiagram:2766 - set Specific Code input for plugin: DMA
2024-12-11 15:00:16,247 [INFO] BlockDiagram:2766 - set Specific Code input for plugin: GPIO
2024-12-11 15:00:16,248 [INFO] CodeGenerator:896 - code generatio: config db path: C:\ST\STM32CubeIDE_1.17.0\STM32CubeIDE\plugins\com.st.stm32cube.common.mx_6.13.0.202411220809\\db\
2024-12-11 15:00:16,256 [INFO] Argument:325 - Argument : hdmavalue: null
2024-12-11 15:00:16,256 [INFO] Argument:327 - 	 sub Args: 
2024-12-11 15:00:16,256 [INFO] Argument:325 - Argument : Instancevalue: DMA1_Channel2
2024-12-11 15:00:16,256 [INFO] Argument:335 - Argument : Instancevalue: DMA1_Channel2
2024-12-11 15:00:16,256 [INFO] Argument:325 - Argument : Initvalue: null
2024-12-11 15:00:16,256 [INFO] Argument:327 - 	 sub Args: 
2024-12-11 15:00:16,256 [INFO] Argument:325 - Argument : Requestvalue: DMA_REQUEST_1
2024-12-11 15:00:16,257 [INFO] Argument:335 - Argument : Requestvalue: DMA_REQUEST_1
2024-12-11 15:00:16,257 [INFO] Argument:325 - Argument : Directionvalue: DMA_PERIPH_TO_MEMORY
2024-12-11 15:00:16,257 [INFO] Argument:335 - Argument : Directionvalue: DMA_PERIPH_TO_MEMORY
2024-12-11 15:00:16,257 [INFO] Argument:325 - Argument : PeriphIncvalue: DMA_PINC_DISABLE
2024-12-11 15:00:16,257 [INFO] Argument:335 - Argument : PeriphIncvalue: DMA_PINC_DISABLE
2024-12-11 15:00:16,257 [INFO] Argument:325 - Argument : MemIncvalue: DMA_MINC_ENABLE
2024-12-11 15:00:16,257 [INFO] Argument:335 - Argument : MemIncvalue: DMA_MINC_ENABLE
2024-12-11 15:00:16,257 [INFO] Argument:325 - Argument : PeriphDataAlignmentvalue: DMA_PDATAALIGN_BYTE
2024-12-11 15:00:16,257 [INFO] Argument:335 - Argument : PeriphDataAlignmentvalue: DMA_PDATAALIGN_BYTE
2024-12-11 15:00:16,257 [INFO] Argument:325 - Argument : MemDataAlignmentvalue: DMA_MDATAALIGN_BYTE
2024-12-11 15:00:16,258 [INFO] Argument:335 - Argument : MemDataAlignmentvalue: DMA_MDATAALIGN_BYTE
2024-12-11 15:00:16,258 [INFO] Argument:325 - Argument : Modevalue: DMA_NORMAL
2024-12-11 15:00:16,258 [INFO] Argument:335 - Argument : Modevalue: DMA_NORMAL
2024-12-11 15:00:16,258 [INFO] Argument:325 - Argument : Priorityvalue: DMA_PRIORITY_LOW
2024-12-11 15:00:16,258 [INFO] Argument:335 - Argument : Priorityvalue: DMA_PRIORITY_LOW
2024-12-11 15:00:16,258 [INFO] Argument:325 - Argument : Lockvalue: null
2024-12-11 15:00:16,258 [INFO] Argument:335 - Argument : Lockvalue: null
2024-12-11 15:00:16,258 [INFO] Argument:325 - Argument : Statevalue: null
2024-12-11 15:00:16,258 [INFO] Argument:335 - Argument : Statevalue: null
2024-12-11 15:00:16,258 [INFO] Argument:325 - Argument : Parentvalue: null
2024-12-11 15:00:16,258 [INFO] Argument:335 - Argument : Parentvalue: null
2024-12-11 15:00:16,258 [INFO] Argument:325 - Argument : XferCpltCallbackvalue: null
2024-12-11 15:00:16,258 [INFO] Argument:335 - Argument : XferCpltCallbackvalue: null
2024-12-11 15:00:16,258 [INFO] Argument:325 - Argument : XferHalfCpltCallbackvalue: null
2024-12-11 15:00:16,258 [INFO] Argument:335 - Argument : XferHalfCpltCallbackvalue: null
2024-12-11 15:00:16,258 [INFO] Argument:325 - Argument : XferErrorCallbackvalue: null
2024-12-11 15:00:16,258 [INFO] Argument:335 - Argument : XferErrorCallbackvalue: null
2024-12-11 15:00:16,258 [INFO] Argument:325 - Argument : XferAbortCallbackvalue: null
2024-12-11 15:00:16,258 [INFO] Argument:335 - Argument : XferAbortCallbackvalue: null
2024-12-11 15:00:16,258 [INFO] Argument:325 - Argument : ErrorCodevalue: null
2024-12-11 15:00:16,258 [INFO] Argument:335 - Argument : ErrorCodevalue: null
2024-12-11 15:00:16,258 [INFO] Argument:325 - Argument : DmaBaseAddressvalue: null
2024-12-11 15:00:16,258 [INFO] Argument:335 - Argument : DmaBaseAddressvalue: null
2024-12-11 15:00:16,258 [INFO] Argument:325 - Argument : ChannelIndexvalue: null
2024-12-11 15:00:16,258 [INFO] Argument:335 - Argument : ChannelIndexvalue: null
2024-12-11 15:00:16,258 [INFO] Argument:325 - Argument : hdmavalue: null
2024-12-11 15:00:16,258 [INFO] Argument:327 - 	 sub Args: 
2024-12-11 15:00:16,258 [INFO] Argument:325 - Argument : Instancevalue: DMA1_Channel2
2024-12-11 15:00:16,258 [INFO] Argument:335 - Argument : Instancevalue: DMA1_Channel2
2024-12-11 15:00:16,258 [INFO] Argument:325 - Argument : Initvalue: null
2024-12-11 15:00:16,258 [INFO] Argument:327 - 	 sub Args: 
2024-12-11 15:00:16,258 [INFO] Argument:325 - Argument : Requestvalue: DMA_REQUEST_1
2024-12-11 15:00:16,258 [INFO] Argument:335 - Argument : Requestvalue: DMA_REQUEST_1
2024-12-11 15:00:16,258 [INFO] Argument:325 - Argument : Directionvalue: DMA_PERIPH_TO_MEMORY
2024-12-11 15:00:16,259 [INFO] Argument:335 - Argument : Directionvalue: DMA_PERIPH_TO_MEMORY
2024-12-11 15:00:16,259 [INFO] Argument:325 - Argument : PeriphIncvalue: DMA_PINC_DISABLE
2024-12-11 15:00:16,259 [INFO] Argument:335 - Argument : PeriphIncvalue: DMA_PINC_DISABLE
2024-12-11 15:00:16,259 [INFO] Argument:325 - Argument : MemIncvalue: DMA_MINC_ENABLE
2024-12-11 15:00:16,259 [INFO] Argument:335 - Argument : MemIncvalue: DMA_MINC_ENABLE
2024-12-11 15:00:16,259 [INFO] Argument:325 - Argument : PeriphDataAlignmentvalue: DMA_PDATAALIGN_BYTE
2024-12-11 15:00:16,259 [INFO] Argument:335 - Argument : PeriphDataAlignmentvalue: DMA_PDATAALIGN_BYTE
2024-12-11 15:00:16,259 [INFO] Argument:325 - Argument : MemDataAlignmentvalue: DMA_MDATAALIGN_BYTE
2024-12-11 15:00:16,259 [INFO] Argument:335 - Argument : MemDataAlignmentvalue: DMA_MDATAALIGN_BYTE
2024-12-11 15:00:16,259 [INFO] Argument:325 - Argument : Modevalue: DMA_NORMAL
2024-12-11 15:00:16,259 [INFO] Argument:335 - Argument : Modevalue: DMA_NORMAL
2024-12-11 15:00:16,259 [INFO] Argument:325 - Argument : Priorityvalue: DMA_PRIORITY_LOW
2024-12-11 15:00:16,259 [INFO] Argument:335 - Argument : Priorityvalue: DMA_PRIORITY_LOW
2024-12-11 15:00:16,259 [INFO] Argument:325 - Argument : Lockvalue: null
2024-12-11 15:00:16,259 [INFO] Argument:335 - Argument : Lockvalue: null
2024-12-11 15:00:16,259 [INFO] Argument:325 - Argument : Statevalue: null
2024-12-11 15:00:16,259 [INFO] Argument:335 - Argument : Statevalue: null
2024-12-11 15:00:16,259 [INFO] Argument:325 - Argument : Parentvalue: null
2024-12-11 15:00:16,259 [INFO] Argument:335 - Argument : Parentvalue: null
2024-12-11 15:00:16,259 [INFO] Argument:325 - Argument : XferCpltCallbackvalue: null
2024-12-11 15:00:16,259 [INFO] Argument:335 - Argument : XferCpltCallbackvalue: null
2024-12-11 15:00:16,259 [INFO] Argument:325 - Argument : XferHalfCpltCallbackvalue: null
2024-12-11 15:00:16,259 [INFO] Argument:335 - Argument : XferHalfCpltCallbackvalue: null
2024-12-11 15:00:16,259 [INFO] Argument:325 - Argument : XferErrorCallbackvalue: null
2024-12-11 15:00:16,259 [INFO] Argument:335 - Argument : XferErrorCallbackvalue: null
2024-12-11 15:00:16,259 [INFO] Argument:325 - Argument : XferAbortCallbackvalue: null
2024-12-11 15:00:16,259 [INFO] Argument:335 - Argument : XferAbortCallbackvalue: null
2024-12-11 15:00:16,259 [INFO] Argument:325 - Argument : ErrorCodevalue: null
2024-12-11 15:00:16,259 [INFO] Argument:335 - Argument : ErrorCodevalue: null
2024-12-11 15:00:16,259 [INFO] Argument:325 - Argument : DmaBaseAddressvalue: null
2024-12-11 15:00:16,259 [INFO] Argument:335 - Argument : DmaBaseAddressvalue: null
2024-12-11 15:00:16,259 [INFO] Argument:325 - Argument : ChannelIndexvalue: null
2024-12-11 15:00:16,259 [INFO] Argument:335 - Argument : ChannelIndexvalue: null
2024-12-11 15:00:16,259 [INFO] Argument:325 - Argument : pSyncConfigvalue: null
2024-12-11 15:00:16,259 [INFO] Argument:327 - 	 sub Args: 
2024-12-11 15:00:16,259 [INFO] Argument:325 - Argument : SyncSignalIDvalue: null
2024-12-11 15:00:16,259 [INFO] Argument:335 - Argument : SyncSignalIDvalue: null
2024-12-11 15:00:16,259 [INFO] Argument:325 - Argument : SyncPolarityvalue: null
2024-12-11 15:00:16,259 [INFO] Argument:335 - Argument : SyncPolarityvalue: null
2024-12-11 15:00:16,259 [INFO] Argument:325 - Argument : SyncEnablevalue: null
2024-12-11 15:00:16,259 [INFO] Argument:335 - Argument : SyncEnablevalue: null
2024-12-11 15:00:16,259 [INFO] Argument:325 - Argument : EventEnablevalue: null
2024-12-11 15:00:16,259 [INFO] Argument:335 - Argument : EventEnablevalue: null
2024-12-11 15:00:16,259 [INFO] Argument:325 - Argument : RequestNumbervalue: null
2024-12-11 15:00:16,259 [INFO] Argument:335 - Argument : RequestNumbervalue: null
2024-12-11 15:00:16,260 [INFO] Argument:325 - Argument : hdmavalue: null
2024-12-11 15:00:16,260 [INFO] Argument:327 - 	 sub Args: 
2024-12-11 15:00:16,260 [INFO] Argument:325 - Argument : Instancevalue: DMA1_Channel3
2024-12-11 15:00:16,260 [INFO] Argument:335 - Argument : Instancevalue: DMA1_Channel3
2024-12-11 15:00:16,260 [INFO] Argument:325 - Argument : Initvalue: null
2024-12-11 15:00:16,260 [INFO] Argument:327 - 	 sub Args: 
2024-12-11 15:00:16,260 [INFO] Argument:325 - Argument : Requestvalue: DMA_REQUEST_1
2024-12-11 15:00:16,260 [INFO] Argument:335 - Argument : Requestvalue: DMA_REQUEST_1
2024-12-11 15:00:16,260 [INFO] Argument:325 - Argument : Directionvalue: DMA_MEMORY_TO_PERIPH
2024-12-11 15:00:16,260 [INFO] Argument:335 - Argument : Directionvalue: DMA_MEMORY_TO_PERIPH
2024-12-11 15:00:16,260 [INFO] Argument:325 - Argument : PeriphIncvalue: DMA_PINC_DISABLE
2024-12-11 15:00:16,260 [INFO] Argument:335 - Argument : PeriphIncvalue: DMA_PINC_DISABLE
2024-12-11 15:00:16,260 [INFO] Argument:325 - Argument : MemIncvalue: DMA_MINC_ENABLE
2024-12-11 15:00:16,260 [INFO] Argument:335 - Argument : MemIncvalue: DMA_MINC_ENABLE
2024-12-11 15:00:16,260 [INFO] Argument:325 - Argument : PeriphDataAlignmentvalue: DMA_PDATAALIGN_BYTE
2024-12-11 15:00:16,260 [INFO] Argument:335 - Argument : PeriphDataAlignmentvalue: DMA_PDATAALIGN_BYTE
2024-12-11 15:00:16,260 [INFO] Argument:325 - Argument : MemDataAlignmentvalue: DMA_MDATAALIGN_BYTE
2024-12-11 15:00:16,260 [INFO] Argument:335 - Argument : MemDataAlignmentvalue: DMA_MDATAALIGN_BYTE
2024-12-11 15:00:16,260 [INFO] Argument:325 - Argument : Modevalue: DMA_NORMAL
2024-12-11 15:00:16,260 [INFO] Argument:335 - Argument : Modevalue: DMA_NORMAL
2024-12-11 15:00:16,261 [INFO] Argument:325 - Argument : Priorityvalue: DMA_PRIORITY_LOW
2024-12-11 15:00:16,261 [INFO] Argument:335 - Argument : Priorityvalue: DMA_PRIORITY_LOW
2024-12-11 15:00:16,261 [INFO] Argument:325 - Argument : Lockvalue: null
2024-12-11 15:00:16,261 [INFO] Argument:335 - Argument : Lockvalue: null
2024-12-11 15:00:16,261 [INFO] Argument:325 - Argument : Statevalue: null
2024-12-11 15:00:16,261 [INFO] Argument:335 - Argument : Statevalue: null
2024-12-11 15:00:16,261 [INFO] Argument:325 - Argument : Parentvalue: null
2024-12-11 15:00:16,261 [INFO] Argument:335 - Argument : Parentvalue: null
2024-12-11 15:00:16,261 [INFO] Argument:325 - Argument : XferCpltCallbackvalue: null
2024-12-11 15:00:16,261 [INFO] Argument:335 - Argument : XferCpltCallbackvalue: null
2024-12-11 15:00:16,261 [INFO] Argument:325 - Argument : XferHalfCpltCallbackvalue: null
2024-12-11 15:00:16,261 [INFO] Argument:335 - Argument : XferHalfCpltCallbackvalue: null
2024-12-11 15:00:16,261 [INFO] Argument:325 - Argument : XferErrorCallbackvalue: null
2024-12-11 15:00:16,261 [INFO] Argument:335 - Argument : XferErrorCallbackvalue: null
2024-12-11 15:00:16,261 [INFO] Argument:325 - Argument : XferAbortCallbackvalue: null
2024-12-11 15:00:16,261 [INFO] Argument:335 - Argument : XferAbortCallbackvalue: null
2024-12-11 15:00:16,261 [INFO] Argument:325 - Argument : ErrorCodevalue: null
2024-12-11 15:00:16,261 [INFO] Argument:335 - Argument : ErrorCodevalue: null
2024-12-11 15:00:16,261 [INFO] Argument:325 - Argument : DmaBaseAddressvalue: null
2024-12-11 15:00:16,261 [INFO] Argument:335 - Argument : DmaBaseAddressvalue: null
2024-12-11 15:00:16,261 [INFO] Argument:325 - Argument : ChannelIndexvalue: null
2024-12-11 15:00:16,261 [INFO] Argument:335 - Argument : ChannelIndexvalue: null
2024-12-11 15:00:16,261 [INFO] Argument:325 - Argument : hdmavalue: null
2024-12-11 15:00:16,261 [INFO] Argument:327 - 	 sub Args: 
2024-12-11 15:00:16,261 [INFO] Argument:325 - Argument : Instancevalue: DMA1_Channel3
2024-12-11 15:00:16,261 [INFO] Argument:335 - Argument : Instancevalue: DMA1_Channel3
2024-12-11 15:00:16,261 [INFO] Argument:325 - Argument : Initvalue: null
2024-12-11 15:00:16,261 [INFO] Argument:327 - 	 sub Args: 
2024-12-11 15:00:16,261 [INFO] Argument:325 - Argument : Requestvalue: DMA_REQUEST_1
2024-12-11 15:00:16,261 [INFO] Argument:335 - Argument : Requestvalue: DMA_REQUEST_1
2024-12-11 15:00:16,261 [INFO] Argument:325 - Argument : Directionvalue: DMA_MEMORY_TO_PERIPH
2024-12-11 15:00:16,261 [INFO] Argument:335 - Argument : Directionvalue: DMA_MEMORY_TO_PERIPH
2024-12-11 15:00:16,261 [INFO] Argument:325 - Argument : PeriphIncvalue: DMA_PINC_DISABLE
2024-12-11 15:00:16,261 [INFO] Argument:335 - Argument : PeriphIncvalue: DMA_PINC_DISABLE
2024-12-11 15:00:16,261 [INFO] Argument:325 - Argument : MemIncvalue: DMA_MINC_ENABLE
2024-12-11 15:00:16,261 [INFO] Argument:335 - Argument : MemIncvalue: DMA_MINC_ENABLE
2024-12-11 15:00:16,261 [INFO] Argument:325 - Argument : PeriphDataAlignmentvalue: DMA_PDATAALIGN_BYTE
2024-12-11 15:00:16,261 [INFO] Argument:335 - Argument : PeriphDataAlignmentvalue: DMA_PDATAALIGN_BYTE
2024-12-11 15:00:16,261 [INFO] Argument:325 - Argument : MemDataAlignmentvalue: DMA_MDATAALIGN_BYTE
2024-12-11 15:00:16,261 [INFO] Argument:335 - Argument : MemDataAlignmentvalue: DMA_MDATAALIGN_BYTE
2024-12-11 15:00:16,261 [INFO] Argument:325 - Argument : Modevalue: DMA_NORMAL
2024-12-11 15:00:16,261 [INFO] Argument:335 - Argument : Modevalue: DMA_NORMAL
2024-12-11 15:00:16,261 [INFO] Argument:325 - Argument : Priorityvalue: DMA_PRIORITY_LOW
2024-12-11 15:00:16,261 [INFO] Argument:335 - Argument : Priorityvalue: DMA_PRIORITY_LOW
2024-12-11 15:00:16,261 [INFO] Argument:325 - Argument : Lockvalue: null
2024-12-11 15:00:16,261 [INFO] Argument:335 - Argument : Lockvalue: null
2024-12-11 15:00:16,261 [INFO] Argument:325 - Argument : Statevalue: null
2024-12-11 15:00:16,261 [INFO] Argument:335 - Argument : Statevalue: null
2024-12-11 15:00:16,261 [INFO] Argument:325 - Argument : Parentvalue: null
2024-12-11 15:00:16,261 [INFO] Argument:335 - Argument : Parentvalue: null
2024-12-11 15:00:16,261 [INFO] Argument:325 - Argument : XferCpltCallbackvalue: null
2024-12-11 15:00:16,261 [INFO] Argument:335 - Argument : XferCpltCallbackvalue: null
2024-12-11 15:00:16,261 [INFO] Argument:325 - Argument : XferHalfCpltCallbackvalue: null
2024-12-11 15:00:16,261 [INFO] Argument:335 - Argument : XferHalfCpltCallbackvalue: null
2024-12-11 15:00:16,261 [INFO] Argument:325 - Argument : XferErrorCallbackvalue: null
2024-12-11 15:00:16,261 [INFO] Argument:335 - Argument : XferErrorCallbackvalue: null
2024-12-11 15:00:16,261 [INFO] Argument:325 - Argument : XferAbortCallbackvalue: null
2024-12-11 15:00:16,261 [INFO] Argument:335 - Argument : XferAbortCallbackvalue: null
2024-12-11 15:00:16,261 [INFO] Argument:325 - Argument : ErrorCodevalue: null
2024-12-11 15:00:16,261 [INFO] Argument:335 - Argument : ErrorCodevalue: null
2024-12-11 15:00:16,261 [INFO] Argument:325 - Argument : DmaBaseAddressvalue: null
2024-12-11 15:00:16,261 [INFO] Argument:335 - Argument : DmaBaseAddressvalue: null
2024-12-11 15:00:16,261 [INFO] Argument:325 - Argument : ChannelIndexvalue: null
2024-12-11 15:00:16,261 [INFO] Argument:335 - Argument : ChannelIndexvalue: null
2024-12-11 15:00:16,261 [INFO] Argument:325 - Argument : pSyncConfigvalue: null
2024-12-11 15:00:16,261 [INFO] Argument:327 - 	 sub Args: 
2024-12-11 15:00:16,262 [INFO] Argument:325 - Argument : SyncSignalIDvalue: null
2024-12-11 15:00:16,262 [INFO] Argument:335 - Argument : SyncSignalIDvalue: null
2024-12-11 15:00:16,262 [INFO] Argument:325 - Argument : SyncPolarityvalue: null
2024-12-11 15:00:16,262 [INFO] Argument:335 - Argument : SyncPolarityvalue: null
2024-12-11 15:00:16,262 [INFO] Argument:325 - Argument : SyncEnablevalue: null
2024-12-11 15:00:16,262 [INFO] Argument:335 - Argument : SyncEnablevalue: null
2024-12-11 15:00:16,262 [INFO] Argument:325 - Argument : EventEnablevalue: null
2024-12-11 15:00:16,262 [INFO] Argument:335 - Argument : EventEnablevalue: null
2024-12-11 15:00:16,262 [INFO] Argument:325 - Argument : RequestNumbervalue: null
2024-12-11 15:00:16,262 [INFO] Argument:335 - Argument : RequestNumbervalue: null
2024-12-11 15:00:16,297 [INFO] CodeEngine:255 - oldGeneratedFile, C:\Users\ZOJOLDRI\STM32CubeIDE\workspace_InProgress\ADIN1110\MXTmpFiles\license.tmp_save
2024-12-11 15:00:16,347 [INFO] CodeEngine:279 - Generated code: C:\Users\ZOJOLDRI\STM32CubeIDE\workspace_InProgress\ADIN1110\MXTmpFiles\license.tmp
2024-12-11 15:00:16,388 [INFO] CodeEngine:255 - oldGeneratedFile, C:\Users\ZOJOLDRI\STM32CubeIDE\workspace_InProgress\ADIN1110\Core\Src\gpio.c_save
2024-12-11 15:00:16,474 [INFO] CodeEngine:279 - Generated code: C:\Users\ZOJOLDRI\STM32CubeIDE\workspace_InProgress\ADIN1110\Core\Src\gpio.c
2024-12-11 15:00:16,488 [INFO] CodeEngine:255 - oldGeneratedFile, C:\Users\ZOJOLDRI\STM32CubeIDE\workspace_InProgress\ADIN1110\Core\Inc\gpio.h_save
2024-12-11 15:00:16,552 [INFO] CodeEngine:279 - Generated code: C:\Users\ZOJOLDRI\STM32CubeIDE\workspace_InProgress\ADIN1110\Core\Inc\gpio.h
2024-12-11 15:00:16,760 [INFO] CodeEngine:255 - oldGeneratedFile, C:\Users\ZOJOLDRI\STM32CubeIDE\workspace_InProgress\ADIN1110\Core\Src\dma.c_save
2024-12-11 15:00:16,810 [INFO] CodeEngine:279 - Generated code: C:\Users\ZOJOLDRI\STM32CubeIDE\workspace_InProgress\ADIN1110\Core\Src\dma.c
2024-12-11 15:00:16,816 [INFO] CodeEngine:255 - oldGeneratedFile, C:\Users\ZOJOLDRI\STM32CubeIDE\workspace_InProgress\ADIN1110\Core\Inc\dma.h_save
2024-12-11 15:00:16,861 [INFO] CodeEngine:279 - Generated code: C:\Users\ZOJOLDRI\STM32CubeIDE\workspace_InProgress\ADIN1110\Core\Inc\dma.h
2024-12-11 15:00:16,880 [INFO] CodeEngine:255 - oldGeneratedFile, C:\Users\ZOJOLDRI\STM32CubeIDE\workspace_InProgress\ADIN1110\Core\Src\spi.c_save
2024-12-11 15:00:16,949 [INFO] CodeEngine:279 - Generated code: C:\Users\ZOJOLDRI\STM32CubeIDE\workspace_InProgress\ADIN1110\Core\Src\spi.c
2024-12-11 15:00:16,955 [INFO] CodeEngine:255 - oldGeneratedFile, C:\Users\ZOJOLDRI\STM32CubeIDE\workspace_InProgress\ADIN1110\Core\Inc\spi.h_save
2024-12-11 15:00:17,008 [INFO] CodeEngine:279 - Generated code: C:\Users\ZOJOLDRI\STM32CubeIDE\workspace_InProgress\ADIN1110\Core\Inc\spi.h
2024-12-11 15:00:17,034 [INFO] CodeEngine:255 - oldGeneratedFile, C:\Users\ZOJOLDRI\STM32CubeIDE\workspace_InProgress\ADIN1110\Core\Src\usart.c_save
2024-12-11 15:00:17,112 [INFO] CodeEngine:279 - Generated code: C:\Users\ZOJOLDRI\STM32CubeIDE\workspace_InProgress\ADIN1110\Core\Src\usart.c
2024-12-11 15:00:17,120 [INFO] CodeEngine:255 - oldGeneratedFile, C:\Users\ZOJOLDRI\STM32CubeIDE\workspace_InProgress\ADIN1110\Core\Inc\usart.h_save
2024-12-11 15:00:17,186 [INFO] CodeEngine:279 - Generated code: C:\Users\ZOJOLDRI\STM32CubeIDE\workspace_InProgress\ADIN1110\Core\Inc\usart.h
2024-12-11 15:00:17,218 [INFO] CodeEngine:255 - oldGeneratedFile, C:\Users\ZOJOLDRI\STM32CubeIDE\workspace_InProgress\ADIN1110\Core\Src\stm32l4xx_it.c_save
2024-12-11 15:00:17,308 [INFO] CodeEngine:279 - Generated code: C:\Users\ZOJOLDRI\STM32CubeIDE\workspace_InProgress\ADIN1110\Core\Src\stm32l4xx_it.c
2024-12-11 15:00:17,313 [INFO] CodeEngine:255 - oldGeneratedFile, C:\Users\ZOJOLDRI\STM32CubeIDE\workspace_InProgress\ADIN1110\Core\Inc\stm32l4xx_it.h_save
2024-12-11 15:00:17,362 [INFO] CodeEngine:279 - Generated code: C:\Users\ZOJOLDRI\STM32CubeIDE\workspace_InProgress\ADIN1110\Core\Inc\stm32l4xx_it.h
2024-12-11 15:00:17,396 [INFO] CodeEngine:255 - oldGeneratedFile, C:\Users\ZOJOLDRI\STM32CubeIDE\workspace_InProgress\ADIN1110\Core\Src\stm32l4xx_hal_msp.c_save
2024-12-11 15:00:17,475 [INFO] CodeEngine:279 - Generated code: C:\Users\ZOJOLDRI\STM32CubeIDE\workspace_InProgress\ADIN1110\Core\Src\stm32l4xx_hal_msp.c
2024-12-11 15:00:17,479 [INFO] CodeEngine:255 - oldGeneratedFile, C:\Users\ZOJOLDRI\STM32CubeIDE\workspace_InProgress\ADIN1110\MXTmpFiles\system.tmp_save
2024-12-11 15:00:17,519 [INFO] CodeEngine:279 - Generated code: C:\Users\ZOJOLDRI\STM32CubeIDE\workspace_InProgress\ADIN1110\MXTmpFiles\system.tmp
2024-12-11 15:00:17,534 [INFO] CodeEngine:311 - oldGeneratedFile, C:\Users\ZOJOLDRI\STM32CubeIDE\workspace_InProgress\ADIN1110\Core\Inc\stm32l4xx_hal_conf.h_save
2024-12-11 15:00:17,602 [INFO] CodeEngine:335 - Generated code: C:\Users\ZOJOLDRI\STM32CubeIDE\workspace_InProgress\ADIN1110\Core\Inc\stm32l4xx_hal_conf.h
2024-12-11 15:00:17,635 [INFO] CodeEngine:255 - oldGeneratedFile, C:\Users\ZOJOLDRI\STM32CubeIDE\workspace_InProgress\ADIN1110\Core\Inc\main.h_save
2024-12-11 15:00:17,750 [INFO] CodeEngine:279 - Generated code: C:\Users\ZOJOLDRI\STM32CubeIDE\workspace_InProgress\ADIN1110\Core\Inc\main.h
2024-12-11 15:00:17,773 [INFO] CodeEngine:255 - oldGeneratedFile, C:\Users\ZOJOLDRI\STM32CubeIDE\workspace_InProgress\ADIN1110\Core\Src\main.c_save
2024-12-11 15:00:17,839 [INFO] CodeEngine:279 - Generated code: C:\Users\ZOJOLDRI\STM32CubeIDE\workspace_InProgress\ADIN1110\Core\Src\main.c
2024-12-11 15:00:18,091 [INFO] ProjectBuilder:3289 - Time for Copy HAL[1] : 171mS.
2024-12-11 15:00:18,095 [INFO] ProjectBuilder:4876 - Project Generator version: 4.5.0-RC5
2024-12-11 15:00:18,150 [INFO] ConfigFileManager:1579 - The Die is : DIE461
2024-12-11 15:00:18,825 [INFO] ProjectBuilder:5154 - Time for Generating toolchain IDE Files: 730mS.
2024-12-11 15:00:18,826 [INFO] ProjectBuilder:3146 - Time for Copy CMSIS : 0mS.
2024-12-11 15:00:18,829 [INFO] ProjectBuilder:3146 - Time for Copy CMSIS : 0mS.
2024-12-11 16:48:27,129 [INFO] WebApp:190 - Connection lost
2024-12-11 16:48:52,408 [INFO] WebAppUi:1089 - Web application message: Reloading CAD
2024-12-11 16:49:23,586 [INFO] WebApp:187 - Connection restablished
2024-12-11 17:11:41,118 [INFO] WebAppUi:294 - Path where cad_preferences.json is located C:\Users\ZOJOLDRI/.stm32cubeide/
2024-12-11 17:11:41,119 [INFO] WebAppUi:295 - Updating consent from JSON file
2024-12-11 17:11:41,846 [INFO] WebApp:389 - JxBrowser engine has been closed 
2024-12-11 17:11:41,847 [INFO] WebAppUi:493 - JxBrowser engine has been closed 
2024-12-11 17:11:41,847 [INFO] WebAppUi:530 - Close the Jxbrowser engine manually
2024-12-11 17:12:08,394 [INFO] Activator:176 - 


2024-12-11 17:12:08,396 [INFO] Activator:177 - !SESSION log4j initialized
2024-12-11 17:12:15,584 [INFO] LogOutputStream:77 - [STDOUT_REDIRECT] 
2024-12-11 17:12:17,511 [INFO] ApplicationProperties:184 - Using Application install path: C:\ST\STM32CubeIDE_1.17.0\STM32CubeIDE\plugins\com.st.stm32cube.common.mx_6.13.0.202411220809
2024-12-11 17:12:17,548 [INFO] DbMcusXml:78 - Set database path to: C:\ST\STM32CubeIDE_1.17.0\STM32CubeIDE\plugins\com.st.stm32cube.common.mx_6.13.0.202411220809\\db\/mcu/
2024-12-11 17:12:17,548 [INFO] ApiDb:274 - Set plugin database path to: C:\ST\STM32CubeIDE_1.17.0\STM32CubeIDE\plugins\com.st.stm32cube.common.mx_6.13.0.202411220809\\db\/plugins/boardmanager/
2024-12-11 17:12:17,549 [WARN] ApiDb:259 - Overriding images path with different value:  => C:\ST\STM32CubeIDE_1.17.0\STM32CubeIDE\plugins\com.st.stm32cube.common.mx_6.13.0.202411220809\\db\/plugins/mcufinder/images/
2024-12-11 17:12:17,560 [INFO] ApiDb:250 - Set database path to: C:\Users\ZOJOLDRI\.stmcufinder\plugins\mcufinder//mcu/
2024-12-11 17:12:17,563 [INFO] DbMcusAds:125 - Set database path to: C:\Users\ZOJOLDRI\.stmcufinder\plugins\mcufinder//mcu/
2024-12-11 17:12:17,570 [INFO] CrossReferenceDbSqlite:203 - Set database path to: C:\Users\ZOJOLDRI\.stmcufinder\plugins\mcufinder//mcu/cs/
2024-12-11 17:12:17,856 [INFO] RulesReader:64 - Compatibility file has been processed (297 Rules)
2024-12-11 17:12:18,055 [INFO] DbMcusXml:78 - Set database path to: C:\ST\STM32CubeIDE_1.17.0\STM32CubeIDE\plugins\com.st.stm32cube.common.mx_6.13.0.202411220809\\db\/mcu/
2024-12-11 17:12:18,055 [INFO] ApiDb:274 - Set plugin database path to: C:\ST\STM32CubeIDE_1.17.0\STM32CubeIDE\plugins\com.st.stm32cube.common.mx_6.13.0.202411220809\\db\/plugins/boardmanager/
2024-12-11 17:12:18,056 [INFO] ApiDb:261 - Set plugin images path to: C:\ST\STM32CubeIDE_1.17.0\STM32CubeIDE\plugins\com.st.stm32cube.common.mx_6.13.0.202411220809\\db\/plugins/mcufinder/images/
2024-12-11 17:12:18,056 [WARN] DbFile:41 - Overriding database path with different value: C:\Users\ZOJOLDRI\.stmcufinder\plugins\mcufinder/ => C:\Users\ZOJOLDRI\.stmcufinder\plugins\mcufinder
2024-12-11 17:12:18,056 [INFO] ApiDb:250 - Set database path to: C:\Users\ZOJOLDRI\.stmcufinder\plugins\mcufinder//mcu/
2024-12-11 17:12:18,056 [WARN] DbFile:41 - Overriding database path with different value: C:\Users\ZOJOLDRI\.stmcufinder\plugins\mcufinder/ => C:\Users\ZOJOLDRI\.stmcufinder\plugins\mcufinder
2024-12-11 17:12:18,056 [INFO] DbMcusAds:125 - Set database path to: C:\Users\ZOJOLDRI\.stmcufinder\plugins\mcufinder//mcu/
2024-12-11 17:12:18,056 [WARN] DbFile:41 - Overriding database path with different value: C:\Users\ZOJOLDRI\.stmcufinder\plugins\mcufinder/ => C:\Users\ZOJOLDRI\.stmcufinder\plugins\mcufinder
2024-12-11 17:12:18,056 [WARN] DbFile:41 - Overriding database path with different value: C:\Users\ZOJOLDRI\.stmcufinder\plugins\mcufinder/ => C:\Users\ZOJOLDRI\.stmcufinder\plugins\mcufinder
2024-12-11 17:12:18,056 [INFO] CrossReferenceDbSqlite:203 - Set database path to: C:\Users\ZOJOLDRI\.stmcufinder\plugins\mcufinder//mcu/cs/
2024-12-11 17:12:18,195 [INFO] MainPanel:272 - HeapMemory: 288358400
2024-12-11 17:12:18,413 [INFO] DbMcusXml:78 - Set database path to: C:\ST\STM32CubeIDE_1.17.0\STM32CubeIDE\plugins\com.st.stm32cube.common.mx_6.13.0.202411220809\\db\/mcu/
2024-12-11 17:12:18,413 [INFO] ApiDb:274 - Set plugin database path to: C:\ST\STM32CubeIDE_1.17.0\STM32CubeIDE\plugins\com.st.stm32cube.common.mx_6.13.0.202411220809\\db\/plugins/boardmanager/
2024-12-11 17:12:18,413 [INFO] ApiDb:261 - Set plugin images path to: C:\ST\STM32CubeIDE_1.17.0\STM32CubeIDE\plugins\com.st.stm32cube.common.mx_6.13.0.202411220809\\db\/plugins/mcufinder/images/
2024-12-11 17:12:18,414 [WARN] DbFile:41 - Overriding database path with different value: C:\Users\ZOJOLDRI\.stmcufinder\plugins\mcufinder/ => C:\Users\ZOJOLDRI\.stmcufinder\plugins\mcufinder
2024-12-11 17:12:18,415 [INFO] ApiDb:250 - Set database path to: C:\Users\ZOJOLDRI\.stmcufinder\plugins\mcufinder//mcu/
2024-12-11 17:12:18,415 [WARN] DbFile:41 - Overriding database path with different value: C:\Users\ZOJOLDRI\.stmcufinder\plugins\mcufinder/ => C:\Users\ZOJOLDRI\.stmcufinder\plugins\mcufinder
2024-12-11 17:12:18,415 [INFO] DbMcusAds:125 - Set database path to: C:\Users\ZOJOLDRI\.stmcufinder\plugins\mcufinder//mcu/
2024-12-11 17:12:18,415 [WARN] DbFile:41 - Overriding database path with different value: C:\Users\ZOJOLDRI\.stmcufinder\plugins\mcufinder/ => C:\Users\ZOJOLDRI\.stmcufinder\plugins\mcufinder
2024-12-11 17:12:18,415 [WARN] DbFile:41 - Overriding database path with different value: C:\Users\ZOJOLDRI\.stmcufinder\plugins\mcufinder/ => C:\Users\ZOJOLDRI\.stmcufinder\plugins\mcufinder
2024-12-11 17:12:18,415 [INFO] CrossReferenceDbSqlite:203 - Set database path to: C:\Users\ZOJOLDRI\.stmcufinder\plugins\mcufinder//mcu/cs/
2024-12-11 17:12:18,454 [INFO] ApplicationProperties:184 - Using Application install path: C:\ST\STM32CubeIDE_1.17.0\STM32CubeIDE\plugins\com.st.stm32cube.common.mx_6.13.0.202411220809
2024-12-11 17:12:18,457 [INFO] PluginManage:196 - Search for loadable plugins [exclusion list=, ]
2024-12-11 17:12:18,461 [INFO] PluginManage:310 - Check plugin analytics
2024-12-11 17:12:18,969 [INFO] AnalyticsPlugin:253 - Accepted Software Licenses: 
2024-12-11 17:12:18,970 [INFO] AnalyticsPlugin:255 - Accepted CMSIS Pack Licenses: 
2024-12-11 17:12:18,970 [INFO] AnalyticsPlugin:257 - Accepted Firmware Licenses: FW.L4.1.18.0
2024-12-11 17:12:18,976 [INFO] PluginManage:359 - Loaded plugin analytics (category:tool,tabindex:-1)
2024-12-11 17:12:18,977 [INFO] PluginManage:310 - Check plugin cadmodel
2024-12-11 17:12:19,003 [INFO] CADModel:105 - Init CAD model plugin
2024-12-11 17:12:19,003 [INFO] PluginManage:359 - Loaded plugin cadmodel (category:power,tabindex:5)
2024-12-11 17:12:19,003 [INFO] PluginManage:310 - Check plugin clock
2024-12-11 17:12:19,042 [INFO] PluginManage:359 - Loaded plugin clock (category:base,tabindex:2)
2024-12-11 17:12:19,042 [INFO] PluginManage:310 - Check plugin ddr
2024-12-11 17:12:19,051 [INFO] PluginManage:359 - Loaded plugin ddr (category:tool,tabindex:6)
2024-12-11 17:12:19,051 [INFO] PluginManage:310 - Check plugin filemanager
2024-12-11 17:12:19,419 [INFO] PluginManage:359 - Loaded plugin filemanager (category:base,tabindex:10)
2024-12-11 17:12:19,419 [INFO] PluginManage:310 - Check plugin ipmanager
2024-12-11 17:12:19,441 [INFO] PluginManage:359 - Loaded plugin ipmanager (category:base,tabindex:5)
2024-12-11 17:12:19,442 [INFO] PluginManage:310 - Check plugin lpbam
2024-12-11 17:12:19,477 [INFO] PluginManage:359 - Loaded plugin lpbam (category:base,tabindex:0)
2024-12-11 17:12:19,477 [INFO] PluginManage:310 - Check plugin memorymap
2024-12-11 17:12:19,552 [INFO] PluginManage:359 - Loaded plugin memorymap (category:base,tabindex:4)
2024-12-11 17:12:19,553 [INFO] PluginManage:310 - Check plugin pinoutandconfiguration
2024-12-11 17:12:19,592 [INFO] PluginManage:359 - Loaded plugin pinoutandconfiguration (category:base,tabindex:1)
2024-12-11 17:12:19,592 [INFO] PluginManage:310 - Check plugin pinoutconfig
2024-12-11 17:12:19,839 [WARN] SupportedApi:132 - Cannot load RTOS API schema: s4s-elt-must-match.1: The content of 'definitions' must match (annotation?, (simpleType | complexType)?, (unique | key | keyref)*)). A problem was found starting at: attribute.
2024-12-11 17:12:20,311 [INFO] PluginManage:359 - Loaded plugin pinoutconfig (category:base,tabindex:0)
2024-12-11 17:12:20,312 [INFO] PluginManage:310 - Check plugin power
2024-12-11 17:12:20,341 [INFO] PluginManage:359 - Loaded plugin power (category:power,tabindex:4)
2024-12-11 17:12:20,341 [INFO] PluginManage:310 - Check plugin projectmanager
2024-12-11 17:12:20,362 [INFO] PluginManage:359 - Loaded plugin projectmanager (category:projectmanager,tabindex:4)
2024-12-11 17:12:20,362 [INFO] PluginManage:310 - Check plugin rif
2024-12-11 17:12:20,394 [INFO] PluginManage:359 - Loaded plugin rif (category:base,tabindex:3)
2024-12-11 17:12:20,394 [INFO] PluginManage:310 - Check plugin thirdparty
2024-12-11 17:12:20,991 [WARN] IntegrityCheckThread:84 - waiting for thirdparty lock release [integrity check]
2024-12-11 17:12:20,992 [INFO] IntegrityCheckThread:86 - entering critical section [integrity check]
2024-12-11 17:12:20,992 [INFO] PluginManage:359 - Loaded plugin thirdparty (category:base,tabindex:-1)
2024-12-11 17:12:20,992 [INFO] PluginManage:310 - Check plugin tools
2024-12-11 17:12:20,992 [INFO] ThirdPartyUpdaterWithRetryManager:70 - Updater plugin not ready yet. [1/15]
2024-12-11 17:12:21,061 [INFO] PluginManage:359 - Loaded plugin tools (category:base,tabindex:7)
2024-12-11 17:12:21,061 [INFO] PluginManage:310 - Check plugin tutovideos
2024-12-11 17:12:21,850 [INFO] PluginManage:359 - Loaded plugin tutovideos (category:base,tabindex:-1)
2024-12-11 17:12:21,850 [INFO] PluginManage:310 - Check plugin updater
2024-12-11 17:12:21,882 [INFO] PluginManage:359 - Loaded plugin updater (category:base,tabindex:12)
2024-12-11 17:12:21,882 [INFO] PluginManage:310 - Check plugin userauth
2024-12-11 17:12:21,891 [INFO] UserAuth:118 - Init User Auth plugin
2024-12-11 17:12:21,893 [INFO] PluginManage:359 - Loaded plugin userauth (category:base,tabindex:14)
2024-12-11 17:12:21,894 [INFO] PluginManage:283 - PluginManage : Loaded plugins [18]
2024-12-11 17:12:22,286 [INFO] PinOutPanel:1589 - setPackage(No Configuration,No Configuration)
2024-12-11 17:12:22,403 [INFO] CADModel:165 - CPN selected for project level
2024-12-11 17:12:22,403 [INFO] CADModel:114 - Register for checkConnection events
2024-12-11 17:12:22,439 [INFO] IPUIPlugin:80 - create IPUIPlugin
2024-12-11 17:12:22,439 [INFO] PluginManager:220 - loadIPPluginJar : add adc
2024-12-11 17:12:22,482 [INFO] IPUIPlugin:80 - create IPUIPlugin
2024-12-11 17:12:22,483 [INFO] PluginManager:220 - loadIPPluginJar : add aes
2024-12-11 17:12:22,528 [INFO] IPUIPlugin:80 - create IPUIPlugin
2024-12-11 17:12:22,528 [INFO] PluginManager:220 - loadIPPluginJar : add can
2024-12-11 17:12:22,553 [INFO] IPUIPlugin:80 - create IPUIPlugin
2024-12-11 17:12:22,553 [INFO] PluginManager:220 - loadIPPluginJar : add comp
2024-12-11 17:12:22,599 [INFO] IPUIPlugin:80 - create IPUIPlugin
2024-12-11 17:12:22,599 [INFO] PluginManager:220 - loadIPPluginJar : add cryp
2024-12-11 17:12:22,614 [INFO] IPUIPlugin:80 - create IPUIPlugin
2024-12-11 17:12:22,615 [INFO] PluginManager:220 - loadIPPluginJar : add ddr_ctrl_phy
2024-12-11 17:12:22,650 [INFO] IPUIPlugin:80 - create IPUIPlugin
2024-12-11 17:12:22,650 [INFO] PluginManager:220 - loadIPPluginJar : add dfsdm
2024-12-11 17:12:22,667 [INFO] IPUIPlugin:80 - create IPUIPlugin
2024-12-11 17:12:22,668 [INFO] PluginManager:220 - loadIPPluginJar : add dma
2024-12-11 17:12:22,725 [INFO] IPUIPlugin:80 - create IPUIPlugin
2024-12-11 17:12:22,725 [INFO] PluginManager:220 - loadIPPluginJar : add dma3
2024-12-11 17:12:22,781 [INFO] IPUIPlugin:80 - create IPUIPlugin
2024-12-11 17:12:22,781 [INFO] PluginManager:220 - loadIPPluginJar : add extmemmanager
2024-12-11 17:12:22,806 [INFO] IPUIPlugin:80 - create IPUIPlugin
2024-12-11 17:12:22,806 [INFO] PluginManager:220 - loadIPPluginJar : add fatfs
2024-12-11 17:12:22,862 [INFO] IPUIPlugin:80 - create IPUIPlugin
2024-12-11 17:12:22,863 [INFO] PluginManager:220 - loadIPPluginJar : add fmc
2024-12-11 17:12:22,882 [INFO] IPUIPlugin:80 - create IPUIPlugin
2024-12-11 17:12:22,883 [INFO] PluginManager:220 - loadIPPluginJar : add freertos
2024-12-11 17:12:22,909 [INFO] IPUIPlugin:80 - create IPUIPlugin
2024-12-11 17:12:22,909 [INFO] PluginManager:220 - loadIPPluginJar : add genericplugin
2024-12-11 17:12:23,041 [INFO] IPUIPlugin:80 - create IPUIPlugin
2024-12-11 17:12:23,041 [INFO] PluginManager:220 - loadIPPluginJar : add gfxmmu
2024-12-11 17:12:23,195 [INFO] IPUIPlugin:80 - create IPUIPlugin
2024-12-11 17:12:23,196 [INFO] PluginManager:220 - loadIPPluginJar : add gic
2024-12-11 17:12:23,209 [INFO] IPUIPlugin:80 - create IPUIPlugin
2024-12-11 17:12:23,209 [INFO] PluginManager:220 - loadIPPluginJar : add gpio
2024-12-11 17:12:23,327 [INFO] IPUIPlugin:80 - create IPUIPlugin
2024-12-11 17:12:23,327 [INFO] PluginManager:220 - loadIPPluginJar : add gtzc
2024-12-11 17:12:23,371 [INFO] IPUIPlugin:80 - create IPUIPlugin
2024-12-11 17:12:23,371 [INFO] PluginManager:220 - loadIPPluginJar : add hash
2024-12-11 17:12:23,444 [INFO] IPUIPlugin:80 - create IPUIPlugin
2024-12-11 17:12:23,444 [INFO] PluginManager:220 - loadIPPluginJar : add i2c
2024-12-11 17:12:23,499 [INFO] IPUIPlugin:80 - create IPUIPlugin
2024-12-11 17:12:23,500 [INFO] PluginManager:220 - loadIPPluginJar : add i2s
2024-12-11 17:12:23,585 [INFO] IPUIPlugin:80 - create IPUIPlugin
2024-12-11 17:12:23,585 [INFO] PluginManager:220 - loadIPPluginJar : add i3c
2024-12-11 17:12:23,747 [INFO] IPUIPlugin:80 - create IPUIPlugin
2024-12-11 17:12:23,747 [INFO] PluginManager:220 - loadIPPluginJar : add ipddr
2024-12-11 17:12:23,892 [INFO] IPUIPlugin:80 - create IPUIPlugin
2024-12-11 17:12:23,893 [INFO] PluginManager:220 - loadIPPluginJar : add linkedlist
2024-12-11 17:12:23,947 [INFO] IPUIPlugin:80 - create IPUIPlugin
2024-12-11 17:12:23,947 [INFO] PluginManager:220 - loadIPPluginJar : add lorawan
2024-12-11 17:12:23,987 [INFO] ThirdPartyUpdaterWithRetryManager:70 - Updater plugin not ready yet. [2/15]
2024-12-11 17:12:24,006 [INFO] IPUIPlugin:80 - create IPUIPlugin
2024-12-11 17:12:24,006 [INFO] PluginManager:220 - loadIPPluginJar : add ltdc
2024-12-11 17:12:24,028 [INFO] IPUIPlugin:80 - create IPUIPlugin
2024-12-11 17:12:24,029 [INFO] PluginManager:220 - loadIPPluginJar : add mdma
2024-12-11 17:12:24,045 [INFO] IPUIPlugin:80 - create IPUIPlugin
2024-12-11 17:12:24,045 [INFO] PluginManager:220 - loadIPPluginJar : add nvic
2024-12-11 17:12:24,091 [INFO] IPUIPlugin:80 - create IPUIPlugin
2024-12-11 17:12:24,091 [INFO] PluginManager:220 - loadIPPluginJar : add opamp
2024-12-11 17:12:24,173 [INFO] IPUIPlugin:80 - create IPUIPlugin
2024-12-11 17:12:24,173 [INFO] PluginManager:220 - loadIPPluginJar : add openamp
2024-12-11 17:12:24,268 [INFO] IPUIPlugin:80 - create IPUIPlugin
2024-12-11 17:12:24,268 [INFO] PluginManager:220 - loadIPPluginJar : add pdm2pcm
2024-12-11 17:12:24,290 [INFO] IPUIPlugin:80 - create IPUIPlugin
2024-12-11 17:12:24,293 [INFO] PluginManager:220 - loadIPPluginJar : add plateformsettings
2024-12-11 17:12:24,323 [INFO] IPUIPlugin:80 - create IPUIPlugin
2024-12-11 17:12:24,324 [INFO] PluginManager:220 - loadIPPluginJar : add quadspi
2024-12-11 17:12:24,362 [INFO] IPUIPlugin:80 - create IPUIPlugin
2024-12-11 17:12:24,363 [INFO] PluginManager:220 - loadIPPluginJar : add radio
2024-12-11 17:12:24,387 [INFO] IPUIPlugin:80 - create IPUIPlugin
2024-12-11 17:12:24,387 [INFO] PluginManager:220 - loadIPPluginJar : add resmgrutility
2024-12-11 17:12:24,454 [INFO] IPUIPlugin:80 - create IPUIPlugin
2024-12-11 17:12:24,454 [INFO] PluginManager:220 - loadIPPluginJar : add sai
2024-12-11 17:12:24,503 [INFO] IPUIPlugin:80 - create IPUIPlugin
2024-12-11 17:12:24,503 [INFO] PluginManager:220 - loadIPPluginJar : add spi
2024-12-11 17:12:24,598 [INFO] IPUIPlugin:80 - create IPUIPlugin
2024-12-11 17:12:24,598 [INFO] PluginManager:220 - loadIPPluginJar : add stm32_wpan
2024-12-11 17:12:24,634 [INFO] IPUIPlugin:80 - create IPUIPlugin
2024-12-11 17:12:24,634 [INFO] PluginManager:220 - loadIPPluginJar : add tim
2024-12-11 17:12:24,713 [INFO] IPUIPlugin:80 - create IPUIPlugin
2024-12-11 17:12:24,714 [INFO] PluginManager:220 - loadIPPluginJar : add touchsensing
2024-12-11 17:12:24,743 [INFO] IPUIPlugin:80 - create IPUIPlugin
2024-12-11 17:12:24,743 [INFO] PluginManager:220 - loadIPPluginJar : add tracer_emb
2024-12-11 17:12:24,788 [INFO] IPUIPlugin:80 - create IPUIPlugin
2024-12-11 17:12:24,788 [INFO] PluginManager:220 - loadIPPluginJar : add ts
2024-12-11 17:12:24,818 [INFO] IPUIPlugin:80 - create IPUIPlugin
2024-12-11 17:12:24,819 [INFO] PluginManager:220 - loadIPPluginJar : add tsc
2024-12-11 17:12:24,848 [INFO] IPUIPlugin:80 - create IPUIPlugin
2024-12-11 17:12:24,848 [INFO] PluginManager:220 - loadIPPluginJar : add ucpd
2024-12-11 17:12:24,904 [INFO] IPUIPlugin:80 - create IPUIPlugin
2024-12-11 17:12:24,904 [INFO] PluginManager:220 - loadIPPluginJar : add usart
2024-12-11 17:12:24,959 [INFO] IPUIPlugin:80 - create IPUIPlugin
2024-12-11 17:12:24,959 [INFO] PluginManager:220 - loadIPPluginJar : add usbx
2024-12-11 17:12:25,099 [FATAL] Updater:351 - Updater called before beeing initialized
2024-12-11 17:12:25,151 [INFO] RulesReader:64 - Compatibility file has been processed (297 Rules)
2024-12-11 17:12:25,166 [INFO] RulesReader:64 - Compatibility file has been processed (297 Rules)
2024-12-11 17:12:25,181 [INFO] CADModel:165 - CPN selected for project level
2024-12-11 17:12:25,182 [INFO] CADModel:114 - Register for checkConnection events
2024-12-11 17:12:25,182 [FATAL] Updater:351 - Updater called before beeing initialized
2024-12-11 17:12:25,182 [ERROR] CADModel:125 - Updater not yet initialized, retry later 
2024-12-11 17:12:25,389 [FATAL] Updater:351 - Updater called before beeing initialized
2024-12-11 17:12:25,391 [INFO] CADModel:165 - CPN selected for project level
2024-12-11 17:12:25,392 [INFO] CADModel:114 - Register for checkConnection events
2024-12-11 17:12:25,392 [FATAL] Updater:351 - Updater called before beeing initialized
2024-12-11 17:12:25,392 [ERROR] CADModel:125 - Updater not yet initialized, retry later 
2024-12-11 17:12:25,395 [FATAL] Updater:351 - Updater called before beeing initialized
2024-12-11 17:12:25,580 [FATAL] Updater:351 - Updater called before beeing initialized
2024-12-11 17:12:25,601 [INFO] DbMcusAds:53 - JSON generation date=Fri Sep 20 15:04:23 CEST 2024 (1726837463113)
2024-12-11 17:12:25,602 [FATAL] Updater:351 - Updater called before beeing initialized
2024-12-11 17:12:25,644 [WARN] DetailPanel:346 - Failed to get advertising image, set to default
2024-12-11 17:12:25,892 [FATAL] Updater:351 - Updater called before beeing initialized
2024-12-11 17:12:25,896 [FATAL] Updater:351 - Updater called before beeing initialized
2024-12-11 17:12:25,897 [FATAL] Updater:351 - Updater called before beeing initialized
2024-12-11 17:12:25,897 [WARN] DetailPanel:346 - Failed to get advertising image, set to default
2024-12-11 17:12:25,898 [FATAL] Updater:351 - Updater called before beeing initialized
2024-12-11 17:12:25,982 [ERROR] Updater:1198 - MainUpdater not yet initialized. External WinMGr cannot be set.
2024-12-11 17:12:25,999 [INFO] Updater:1134 - Updater Version found : 6.13.0
2024-12-11 17:12:26,026 [INFO] ApplicationProperties:184 - Using Application install path: C:\ST\STM32CubeIDE_1.17.0\STM32CubeIDE\plugins\com.st.stm32cube.common.mx_6.13.0.202411220809
2024-12-11 17:12:26,983 [INFO] ThirdPartyUpdaterWithRetryManager:70 - Updater plugin not ready yet. [3/15]
2024-12-11 17:12:27,618 [ERROR] LogOutputStream:75 - [STDERR_REDIRECT] Dec 11, 2024 5:12:27 PM java.util.prefs.WindowsPreferences <init>
2024-12-11 17:12:27,622 [ERROR] LogOutputStream:75 - [STDERR_REDIRECT] WARNING: Could not open/create prefs root node Software\JavaSoft\Prefs at root 0xffffffff80000002. Windows RegCreateKeyEx(...) returned error code 5.
2024-12-11 17:12:27,622 [ERROR] LogOutputStream:75 - [STDERR_REDIRECT] 
2024-12-11 17:12:28,156 [INFO] MainUpdater:2872 - connection check result : 10
2024-12-11 17:12:28,157 [INFO] MainUpdater:289 - Updater Check For Update Now.
2024-12-11 17:12:28,157 [INFO] MicroXplorer:498 - Change Database Version : DB.6.0.130
2024-12-11 17:12:28,182 [INFO] McuFinderGlobals:63 - Set McuFinder mode to 2 (CubeIDE integrated)
2024-12-11 17:12:28,192 [INFO] UserAuth:486 - Internet connection configuration mode: 1
2024-12-11 17:12:28,245 [INFO] JxBrowserEngine:152 - Initiate JxBrowser Engine with user profile folder
2024-12-11 17:12:28,406 [INFO] CheckServerUpdateThread:120 - End of CheckServer Thread
2024-12-11 17:12:28,970 [INFO] WebApp:168 - Instantiating new browser for Auth
2024-12-11 17:12:29,803 [INFO] WebApp:449 - Apply proxy settings
2024-12-11 17:12:29,803 [INFO] WebApp:534 - Chromium requires no authentication
2024-12-11 17:12:29,811 [INFO] WebApp:477 - Direct internet connection detected
2024-12-11 17:12:29,832 [INFO] WebApp:880 - Register for checkConnection events
2024-12-11 17:12:29,833 [INFO] WebApp:449 - Apply proxy settings
2024-12-11 17:12:29,833 [INFO] WebApp:534 - Chromium requires no authentication
2024-12-11 17:12:29,833 [INFO] WebApp:477 - Direct internet connection detected
2024-12-11 17:12:29,980 [INFO] WebApp:221 - Starting web application
2024-12-11 17:12:29,980 [INFO] WebApp:579 - Web application path used C:\ST\STM32CubeIDE_1.17.0\STM32CubeIDE\plugins\com.st.stm32cube.common.mx_6.13.0.202411220809\db\plugins\mcufinder\reactClient1\index.html
2024-12-11 17:12:30,163 [INFO] UserAuth:486 - Internet connection configuration mode: 1
2024-12-11 17:12:30,187 [WARN] PackLoader:240 - Cannot read IP mode file for STMicroelectronics.FP-SNS-MOTENVWB1.1.4.0
2024-12-11 17:12:30,205 [WARN] PackLoader:240 - Cannot read IP mode file for STMicroelectronics.FP-ATR-ASTRA1.2.0.1
2024-12-11 17:12:30,225 [WARN] PackLoader:240 - Cannot read IP mode file for STMicroelectronics.X-CUBE-SMBUS.2.1.0
2024-12-11 17:12:30,246 [WARN] PackLoader:240 - Cannot read IP mode file for STMicroelectronics.X-CUBE-WB05N.1.1.0
2024-12-11 17:12:30,270 [INFO] WebApp:187 - Connection restablished
2024-12-11 17:12:30,293 [WARN] PackLoader:240 - Cannot read IP mode file for STMicroelectronics.X-CUBE-AZRTOS-F7.1.1.0
2024-12-11 17:12:30,373 [WARN] PackLoader:240 - Cannot read IP mode file for STMicroelectronics.X-CUBE-MEMS1.11.0.0
2024-12-11 17:12:30,528 [WARN] PackLoader:240 - Cannot read IP mode file for STMicroelectronics.FP-SNS-FLIGHT1.5.0.2
2024-12-11 17:12:30,560 [WARN] PackLoader:240 - Cannot read IP mode file for Infineon.AIROC-Wi-Fi-Bluetooth-STM32.1.7.0
2024-12-11 17:12:30,582 [WARN] PackLoader:240 - Cannot read IP mode file for STMicroelectronics.X-CUBE-DISPLAY.3.0.0
2024-12-11 17:12:30,601 [WARN] PackLoader:240 - Cannot read IP mode file for STMicroelectronics.X-CUBE-BLE1.7.0.0
2024-12-11 17:12:30,615 [WARN] PackLoader:240 - Cannot read IP mode file for STMicroelectronics.X-CUBE-NFC10.1.0.0
2024-12-11 17:12:30,634 [WARN] PackLoader:240 - Cannot read IP mode file for STMicroelectronics.X-CUBE-BLEMGR.4.0.0
2024-12-11 17:12:30,650 [WARN] PackLoader:240 - Cannot read IP mode file for emotas.I-CUBE-CANOPEN.1.3.0
2024-12-11 17:12:30,666 [WARN] PackLoader:240 - Cannot read IP mode file for STMicroelectronics.X-CUBE-BLEMGR.3.1.0
2024-12-11 17:12:30,687 [WARN] PackLoader:240 - Cannot read IP mode file for STMicroelectronics.FP-SNS-SMARTAG2.1.2.0
2024-12-11 17:12:30,709 [INFO] LogOutputStream:77 - [STDOUT_REDIRECT] 1 : Invalid condition id : UX_CORESTACK_Condition cause : null
2024-12-11 17:12:30,711 [INFO] LogOutputStream:77 - [STDOUT_REDIRECT] 1 : Invalid condition id : UX_CORESTACK_Condition cause : null
2024-12-11 17:12:30,713 [INFO] LogOutputStream:77 - [STDOUT_REDIRECT] 1 : Invalid condition id : UX_CORESTACK_Condition cause : null
2024-12-11 17:12:30,715 [INFO] LogOutputStream:77 - [STDOUT_REDIRECT] 1 : Invalid condition id : UX_CORESTACK_Condition cause : null
2024-12-11 17:12:30,716 [INFO] LogOutputStream:77 - [STDOUT_REDIRECT] 1 : Invalid condition id : UX_CORESTACK_Condition cause : null
2024-12-11 17:12:30,718 [WARN] PackLoader:240 - Cannot read IP mode file for STMicroelectronics.X-CUBE-AZRTOS-WL.2.0.0
2024-12-11 17:12:30,733 [WARN] PackLoader:240 - Cannot read IP mode file for STMicroelectronics.FP-SNS-MOTENV1.5.0.0
2024-12-11 17:12:30,746 [WARN] PackLoader:240 - Cannot read IP mode file for wolfSSL.I-CUBE-wolfMQTT.1.19.0
2024-12-11 17:12:30,767 [WARN] PackLoader:240 - Cannot read IP mode file for WES.I-CUBE-Cesium.1.3.0
2024-12-11 17:12:30,783 [WARN] PackLoader:240 - Cannot read IP mode file for STMicroelectronics.X-CUBE-BLE2.3.3.0
2024-12-11 17:12:30,799 [WARN] PackLoader:240 - Cannot read IP mode file for STMicroelectronics.X-CUBE-NFC9.1.0.0
2024-12-11 17:12:30,813 [WARN] PackLoader:240 - Cannot read IP mode file for STMicroelectronics.X-CUBE-TCPP.4.1.0
2024-12-11 17:12:30,838 [WARN] PackLoader:240 - Cannot read IP mode file for STMicroelectronics.X-CUBE-AZRTOS-G0.1.1.0
2024-12-11 17:12:30,855 [WARN] PackLoader:240 - Cannot read IP mode file for STMicroelectronics.X-CUBE-SAFEA1.1.2.2
2024-12-11 17:12:30,870 [WARN] PackLoader:240 - Cannot read IP mode file for STMicroelectronics.X-CUBE-NFC4.3.0.0
2024-12-11 17:12:30,887 [WARN] PackLoader:240 - Cannot read IP mode file for EmbeddedOffice.I-CUBE-FS-RTOS.1.0.1
2024-12-11 17:12:30,903 [WARN] PackLoader:240 - Cannot read IP mode file for RealThread.X-CUBE-RT-Thread_Nano.4.1.1
2024-12-11 17:12:30,919 [WARN] PackLoader:240 - Cannot read IP mode file for STMicroelectronics.FP-ATR-SIGFOX1.3.2.0
2024-12-11 17:12:30,932 [WARN] ConditionMgr:438 - getConditionDescription Invalid condition id : Cortex-A Device cause : null
2024-12-11 17:12:30,957 [WARN] ConditionMgr:1044 - genDependencies : Invalid condition id : Cortex-A Device cause : null
2024-12-11 17:12:30,957 [WARN] ConditionMgr:1044 - genDependencies : Invalid condition id : Cortex-A Device cause : null
2024-12-11 17:12:30,957 [WARN] ConditionMgr:1044 - genDependencies : Invalid condition id : Cortex-A Device cause : null
2024-12-11 17:12:30,972 [WARN] PackLoader:240 - Cannot read IP mode file for STMicroelectronics.X-CUBE-EEPRMA1.5.1.0
2024-12-11 17:12:30,986 [WARN] PackLoader:240 - Cannot read IP mode file for wolfSSL.I-CUBE-wolfSSL.5.7.4
2024-12-11 17:12:31,005 [WARN] PackLoader:240 - Cannot read IP mode file for ITTIA_DB.I-CUBE-ITTIADB.8.9.0
2024-12-11 17:12:31,037 [WARN] PackLoader:240 - Cannot read IP mode file for SEGGER.I-CUBE-embOS.1.3.1
2024-12-11 17:12:31,075 [WARN] PackLoader:240 - Cannot read IP mode file for STMicroelectronics.X-CUBE-ALGOBUILD.1.4.0
2024-12-11 17:12:31,090 [WARN] PackLoader:240 - Cannot read IP mode file for STMicroelectronics.X-CUBE-AI.9.1.0
2024-12-11 17:12:31,117 [WARN] PackLoader:240 - Cannot read IP mode file for STMicroelectronics.X-CUBE-AZRTOS-F4.1.1.0
2024-12-11 17:12:31,132 [WARN] PackLoader:240 - Cannot read IP mode file for STMicroelectronics.X-CUBE-ISPU.2.1.0
2024-12-11 17:12:31,146 [WARN] PackLoader:240 - Cannot read IP mode file for STMicroelectronics.X-CUBE-FREERTOS.1.2.0
2024-12-11 17:12:31,171 [WARN] PackLoader:240 - Cannot read IP mode file for STMicroelectronics.X-CUBE-AZRTOS-L5.2.0.0
2024-12-11 17:12:31,187 [WARN] PackLoader:240 - Cannot read IP mode file for STMicroelectronics.X-CUBE-NFC6.3.1.0
2024-12-11 17:12:31,204 [WARN] PackLoader:240 - Cannot read IP mode file for STMicroelectronics.X-CUBE-DPower.1.2.0
2024-12-11 17:12:31,218 [WARN] PackLoader:240 - Cannot read IP mode file for STMicroelectronics.X-CUBE-FREERTOS.1.3.0
2024-12-11 17:12:31,234 [WARN] PackLoader:240 - Cannot read IP mode file for STMicroelectronics.X-CUBE-NFC7.1.0.1
2024-12-11 17:12:31,261 [WARN] ConditionMgr:438 - getConditionDescription Invalid condition id : LAN8742 Phy interface Condition cause : null
2024-12-11 17:12:31,261 [WARN] PackLoader:240 - Cannot read IP mode file for STMicroelectronics.X-CUBE-AZRTOS-L4.2.0.0
2024-12-11 17:12:31,262 [WARN] ConditionMgr:1044 - genDependencies : Invalid condition id : LAN8742 Phy interface Condition cause : null
2024-12-11 17:12:31,262 [WARN] ConditionMgr:1044 - genDependencies : Invalid condition id : LAN8742 Phy interface Condition cause : null
2024-12-11 17:12:31,262 [WARN] ConditionMgr:1044 - genDependencies : Invalid condition id : LAN8742 Phy interface Condition cause : null
2024-12-11 17:12:31,285 [WARN] PackLoader:240 - Cannot read IP mode file for STMicroelectronics.X-CUBE-SFXS2LP1.4.0.0
2024-12-11 17:12:31,314 [WARN] PackLoader:240 - Cannot read IP mode file for STMicroelectronics.X-CUBE-AZRTOS-H7.3.3.0
2024-12-11 17:12:31,336 [WARN] PackLoader:240 - Cannot read IP mode file for STMicroelectronics.X-CUBE-IPS.3.0.0
2024-12-11 17:12:31,361 [WARN] ConditionMgr:438 - getConditionDescription Invalid condition id : UX DEVICE CLASS RTOS Condition cause : null
2024-12-11 17:12:31,361 [WARN] ConditionMgr:438 - getConditionDescription Invalid condition id : UX DEVICE CLASS RTOS Condition cause : null
2024-12-11 17:12:31,362 [WARN] PackLoader:240 - Cannot read IP mode file for STMicroelectronics.X-CUBE-AZRTOS-WB.2.0.0
2024-12-11 17:12:31,362 [WARN] ConditionMgr:1044 - genDependencies : Invalid condition id : UX DEVICE CLASS RTOS Condition cause : null
2024-12-11 17:12:31,362 [WARN] ConditionMgr:1044 - genDependencies : Invalid condition id : UX DEVICE CLASS RTOS Condition cause : null
2024-12-11 17:12:31,363 [WARN] ConditionMgr:1044 - genDependencies : Invalid condition id : UX DEVICE CLASS RTOS Condition cause : null
2024-12-11 17:12:31,363 [WARN] ConditionMgr:1044 - genDependencies : Invalid condition id : UX DEVICE CLASS RTOS Condition cause : null
2024-12-11 17:12:31,363 [WARN] ConditionMgr:1044 - genDependencies : Invalid condition id : UX DEVICE CLASS RTOS Condition cause : null
2024-12-11 17:12:31,380 [WARN] PackLoader:240 - Cannot read IP mode file for STMicroelectronics.X-CUBE-GNSS1.7.0.0
2024-12-11 17:12:31,399 [WARN] PackLoader:240 - Cannot read IP mode file for STMicroelectronics.FP-SNS-STBOX1.2.0.0
2024-12-11 17:12:31,418 [WARN] PackLoader:240 - Cannot read IP mode file for STMicroelectronics.X-CUBE-SUBG2.5.0.0
2024-12-11 17:12:31,435 [WARN] PackLoader:240 - Cannot read IP mode file for Cesanta.I-CUBE-Mongoose.7.13.0
2024-12-11 17:12:31,459 [WARN] PackLoader:240 - Cannot read IP mode file for STMicroelectronics.X-CUBE-AZRTOS-G4.2.0.0
2024-12-11 17:12:31,474 [WARN] PackLoader:240 - Cannot read IP mode file for STMicroelectronics.X-CUBE-ALS.1.0.2
2024-12-11 17:12:31,494 [WARN] PackLoader:240 - Cannot read IP mode file for STMicroelectronics.X-CUBE-TOUCHGFX.4.24.1
2024-12-11 17:12:31,509 [WARN] PackLoader:240 - Cannot read IP mode file for wolfSSL.I-CUBE-wolfTPM.3.4.0
2024-12-11 17:12:31,524 [WARN] PackLoader:240 - Cannot read IP mode file for portGmbH.I-Cube-SoM-uGOAL.1.1.0
2024-12-11 17:12:31,552 [WARN] PackLoader:240 - Cannot read IP mode file for STMicroelectronics.X-CUBE-AZRTOS-H7RS.1.0.0
2024-12-11 17:12:31,570 [WARN] PackLoader:240 - Cannot read IP mode file for STMicroelectronics.X-CUBE-TOF1.3.4.2
2024-12-11 17:12:31,588 [WARN] PackLoader:240 - Cannot read IP mode file for wolfSSL.I-CUBE-wolfSSH.1.4.17
2024-12-11 17:12:31,588 [INFO] ThirdParty:978 - Integrity check success = true
2024-12-11 17:12:31,588 [INFO] IntegrityCheckThread:100 - exiting critical section [integrity check]
2024-12-11 17:12:31,588 [INFO] IntegrityCheckThread:103 - End integrity checks thread
2024-12-11 17:18:03,388 [INFO] Activator:176 - 


2024-12-11 17:18:03,388 [INFO] Activator:177 - !SESSION log4j initialized
2024-12-11 17:18:08,632 [INFO] LogOutputStream:77 - [STDOUT_REDIRECT] 
2024-12-11 17:18:09,551 [INFO] ApplicationProperties:184 - Using Application install path: C:\ST\STM32CubeIDE_1.17.0\STM32CubeIDE\plugins\com.st.stm32cube.common.mx_6.13.0.202411220809
2024-12-11 17:18:09,567 [INFO] DbMcusXml:78 - Set database path to: C:\ST\STM32CubeIDE_1.17.0\STM32CubeIDE\plugins\com.st.stm32cube.common.mx_6.13.0.202411220809\\db\/mcu/
2024-12-11 17:18:09,567 [INFO] ApiDb:274 - Set plugin database path to: C:\ST\STM32CubeIDE_1.17.0\STM32CubeIDE\plugins\com.st.stm32cube.common.mx_6.13.0.202411220809\\db\/plugins/boardmanager/
2024-12-11 17:18:09,567 [WARN] ApiDb:259 - Overriding images path with different value:  => C:\ST\STM32CubeIDE_1.17.0\STM32CubeIDE\plugins\com.st.stm32cube.common.mx_6.13.0.202411220809\\db\/plugins/mcufinder/images/
2024-12-11 17:18:09,571 [INFO] ApiDb:250 - Set database path to: C:\Users\ZOJOLDRI\.stmcufinder\plugins\mcufinder//mcu/
2024-12-11 17:18:09,572 [INFO] DbMcusAds:125 - Set database path to: C:\Users\ZOJOLDRI\.stmcufinder\plugins\mcufinder//mcu/
2024-12-11 17:18:09,574 [INFO] CrossReferenceDbSqlite:203 - Set database path to: C:\Users\ZOJOLDRI\.stmcufinder\plugins\mcufinder//mcu/cs/
2024-12-11 17:18:09,670 [INFO] RulesReader:64 - Compatibility file has been processed (297 Rules)
2024-12-11 17:18:09,758 [INFO] DbMcusXml:78 - Set database path to: C:\ST\STM32CubeIDE_1.17.0\STM32CubeIDE\plugins\com.st.stm32cube.common.mx_6.13.0.202411220809\\db\/mcu/
2024-12-11 17:18:09,758 [INFO] ApiDb:274 - Set plugin database path to: C:\ST\STM32CubeIDE_1.17.0\STM32CubeIDE\plugins\com.st.stm32cube.common.mx_6.13.0.202411220809\\db\/plugins/boardmanager/
2024-12-11 17:18:09,758 [INFO] ApiDb:261 - Set plugin images path to: C:\ST\STM32CubeIDE_1.17.0\STM32CubeIDE\plugins\com.st.stm32cube.common.mx_6.13.0.202411220809\\db\/plugins/mcufinder/images/
2024-12-11 17:18:09,759 [WARN] DbFile:41 - Overriding database path with different value: C:\Users\ZOJOLDRI\.stmcufinder\plugins\mcufinder/ => C:\Users\ZOJOLDRI\.stmcufinder\plugins\mcufinder
2024-12-11 17:18:09,759 [INFO] ApiDb:250 - Set database path to: C:\Users\ZOJOLDRI\.stmcufinder\plugins\mcufinder//mcu/
2024-12-11 17:18:09,759 [WARN] DbFile:41 - Overriding database path with different value: C:\Users\ZOJOLDRI\.stmcufinder\plugins\mcufinder/ => C:\Users\ZOJOLDRI\.stmcufinder\plugins\mcufinder
2024-12-11 17:18:09,759 [INFO] DbMcusAds:125 - Set database path to: C:\Users\ZOJOLDRI\.stmcufinder\plugins\mcufinder//mcu/
2024-12-11 17:18:09,759 [WARN] DbFile:41 - Overriding database path with different value: C:\Users\ZOJOLDRI\.stmcufinder\plugins\mcufinder/ => C:\Users\ZOJOLDRI\.stmcufinder\plugins\mcufinder
2024-12-11 17:18:09,759 [WARN] DbFile:41 - Overriding database path with different value: C:\Users\ZOJOLDRI\.stmcufinder\plugins\mcufinder/ => C:\Users\ZOJOLDRI\.stmcufinder\plugins\mcufinder
2024-12-11 17:18:09,759 [INFO] CrossReferenceDbSqlite:203 - Set database path to: C:\Users\ZOJOLDRI\.stmcufinder\plugins\mcufinder//mcu/cs/
2024-12-11 17:18:09,832 [INFO] MainPanel:272 - HeapMemory: 268435456
2024-12-11 17:18:09,903 [INFO] DbMcusXml:78 - Set database path to: C:\ST\STM32CubeIDE_1.17.0\STM32CubeIDE\plugins\com.st.stm32cube.common.mx_6.13.0.202411220809\\db\/mcu/
2024-12-11 17:18:09,903 [INFO] ApiDb:274 - Set plugin database path to: C:\ST\STM32CubeIDE_1.17.0\STM32CubeIDE\plugins\com.st.stm32cube.common.mx_6.13.0.202411220809\\db\/plugins/boardmanager/
2024-12-11 17:18:09,903 [INFO] ApiDb:261 - Set plugin images path to: C:\ST\STM32CubeIDE_1.17.0\STM32CubeIDE\plugins\com.st.stm32cube.common.mx_6.13.0.202411220809\\db\/plugins/mcufinder/images/
2024-12-11 17:18:09,904 [WARN] DbFile:41 - Overriding database path with different value: C:\Users\ZOJOLDRI\.stmcufinder\plugins\mcufinder/ => C:\Users\ZOJOLDRI\.stmcufinder\plugins\mcufinder
2024-12-11 17:18:09,904 [INFO] ApiDb:250 - Set database path to: C:\Users\ZOJOLDRI\.stmcufinder\plugins\mcufinder//mcu/
2024-12-11 17:18:09,904 [WARN] DbFile:41 - Overriding database path with different value: C:\Users\ZOJOLDRI\.stmcufinder\plugins\mcufinder/ => C:\Users\ZOJOLDRI\.stmcufinder\plugins\mcufinder
2024-12-11 17:18:09,904 [INFO] DbMcusAds:125 - Set database path to: C:\Users\ZOJOLDRI\.stmcufinder\plugins\mcufinder//mcu/
2024-12-11 17:18:09,904 [WARN] DbFile:41 - Overriding database path with different value: C:\Users\ZOJOLDRI\.stmcufinder\plugins\mcufinder/ => C:\Users\ZOJOLDRI\.stmcufinder\plugins\mcufinder
2024-12-11 17:18:09,904 [WARN] DbFile:41 - Overriding database path with different value: C:\Users\ZOJOLDRI\.stmcufinder\plugins\mcufinder/ => C:\Users\ZOJOLDRI\.stmcufinder\plugins\mcufinder
2024-12-11 17:18:09,904 [INFO] CrossReferenceDbSqlite:203 - Set database path to: C:\Users\ZOJOLDRI\.stmcufinder\plugins\mcufinder//mcu/cs/
2024-12-11 17:18:09,928 [INFO] ApplicationProperties:184 - Using Application install path: C:\ST\STM32CubeIDE_1.17.0\STM32CubeIDE\plugins\com.st.stm32cube.common.mx_6.13.0.202411220809
2024-12-11 17:18:09,929 [INFO] PluginManage:196 - Search for loadable plugins [exclusion list=, ]
2024-12-11 17:18:09,930 [INFO] PluginManage:310 - Check plugin analytics
2024-12-11 17:18:10,112 [INFO] AnalyticsPlugin:253 - Accepted Software Licenses: 
2024-12-11 17:18:10,112 [INFO] AnalyticsPlugin:255 - Accepted CMSIS Pack Licenses: 
2024-12-11 17:18:10,114 [INFO] AnalyticsPlugin:257 - Accepted Firmware Licenses: FW.L4.1.18.0
2024-12-11 17:18:10,117 [INFO] PluginManage:359 - Loaded plugin analytics (category:tool,tabindex:-1)
2024-12-11 17:18:10,118 [INFO] PluginManage:310 - Check plugin cadmodel
2024-12-11 17:18:10,122 [INFO] CADModel:105 - Init CAD model plugin
2024-12-11 17:18:10,122 [INFO] PluginManage:359 - Loaded plugin cadmodel (category:power,tabindex:5)
2024-12-11 17:18:10,123 [INFO] PluginManage:310 - Check plugin clock
2024-12-11 17:18:10,135 [INFO] PluginManage:359 - Loaded plugin clock (category:base,tabindex:2)
2024-12-11 17:18:10,135 [INFO] PluginManage:310 - Check plugin ddr
2024-12-11 17:18:10,139 [INFO] PluginManage:359 - Loaded plugin ddr (category:tool,tabindex:6)
2024-12-11 17:18:10,139 [INFO] PluginManage:310 - Check plugin filemanager
2024-12-11 17:18:10,276 [INFO] PluginManage:359 - Loaded plugin filemanager (category:base,tabindex:10)
2024-12-11 17:18:10,276 [INFO] PluginManage:310 - Check plugin ipmanager
2024-12-11 17:18:10,285 [INFO] PluginManage:359 - Loaded plugin ipmanager (category:base,tabindex:5)
2024-12-11 17:18:10,285 [INFO] PluginManage:310 - Check plugin lpbam
2024-12-11 17:18:10,292 [INFO] PluginManage:359 - Loaded plugin lpbam (category:base,tabindex:0)
2024-12-11 17:18:10,292 [INFO] PluginManage:310 - Check plugin memorymap
2024-12-11 17:18:10,303 [INFO] PluginManage:359 - Loaded plugin memorymap (category:base,tabindex:4)
2024-12-11 17:18:10,303 [INFO] PluginManage:310 - Check plugin pinoutandconfiguration
2024-12-11 17:18:10,310 [INFO] PluginManage:359 - Loaded plugin pinoutandconfiguration (category:base,tabindex:1)
2024-12-11 17:18:10,311 [INFO] PluginManage:310 - Check plugin pinoutconfig
2024-12-11 17:18:10,401 [WARN] SupportedApi:132 - Cannot load RTOS API schema: s4s-elt-must-match.1: The content of 'definitions' must match (annotation?, (simpleType | complexType)?, (unique | key | keyref)*)). A problem was found starting at: attribute.
2024-12-11 17:18:10,536 [INFO] PluginManage:359 - Loaded plugin pinoutconfig (category:base,tabindex:0)
2024-12-11 17:18:10,536 [INFO] PluginManage:310 - Check plugin power
2024-12-11 17:18:10,545 [INFO] PluginManage:359 - Loaded plugin power (category:power,tabindex:4)
2024-12-11 17:18:10,545 [INFO] PluginManage:310 - Check plugin projectmanager
2024-12-11 17:18:10,561 [INFO] PluginManage:359 - Loaded plugin projectmanager (category:projectmanager,tabindex:4)
2024-12-11 17:18:10,561 [INFO] PluginManage:310 - Check plugin rif
2024-12-11 17:18:10,567 [INFO] PluginManage:359 - Loaded plugin rif (category:base,tabindex:3)
2024-12-11 17:18:10,567 [INFO] PluginManage:310 - Check plugin thirdparty
2024-12-11 17:18:10,695 [WARN] IntegrityCheckThread:84 - waiting for thirdparty lock release [integrity check]
2024-12-11 17:18:10,696 [INFO] IntegrityCheckThread:86 - entering critical section [integrity check]
2024-12-11 17:18:10,696 [INFO] PluginManage:359 - Loaded plugin thirdparty (category:base,tabindex:-1)
2024-12-11 17:18:10,696 [INFO] PluginManage:310 - Check plugin tools
2024-12-11 17:18:10,696 [INFO] ThirdPartyUpdaterWithRetryManager:70 - Updater plugin not ready yet. [1/15]
2024-12-11 17:18:10,700 [INFO] PluginManage:359 - Loaded plugin tools (category:base,tabindex:7)
2024-12-11 17:18:10,701 [INFO] PluginManage:310 - Check plugin tutovideos
2024-12-11 17:18:11,085 [INFO] PluginManage:359 - Loaded plugin tutovideos (category:base,tabindex:-1)
2024-12-11 17:18:11,086 [INFO] PluginManage:310 - Check plugin updater
2024-12-11 17:18:11,117 [INFO] PluginManage:359 - Loaded plugin updater (category:base,tabindex:12)
2024-12-11 17:18:11,117 [INFO] PluginManage:310 - Check plugin userauth
2024-12-11 17:18:11,126 [INFO] UserAuth:118 - Init User Auth plugin
2024-12-11 17:18:11,129 [INFO] PluginManage:359 - Loaded plugin userauth (category:base,tabindex:14)
2024-12-11 17:18:11,130 [INFO] PluginManage:283 - PluginManage : Loaded plugins [18]
2024-12-11 17:18:11,523 [INFO] PinOutPanel:1589 - setPackage(No Configuration,No Configuration)
2024-12-11 17:18:11,636 [INFO] CADModel:165 - CPN selected for project level
2024-12-11 17:18:11,636 [INFO] CADModel:114 - Register for checkConnection events
2024-12-11 17:18:11,670 [INFO] IPUIPlugin:80 - create IPUIPlugin
2024-12-11 17:18:11,670 [INFO] PluginManager:220 - loadIPPluginJar : add adc
2024-12-11 17:18:11,675 [INFO] IPUIPlugin:80 - create IPUIPlugin
2024-12-11 17:18:11,675 [INFO] PluginManager:220 - loadIPPluginJar : add aes
2024-12-11 17:18:11,679 [INFO] IPUIPlugin:80 - create IPUIPlugin
2024-12-11 17:18:11,680 [INFO] PluginManager:220 - loadIPPluginJar : add can
2024-12-11 17:18:11,683 [INFO] IPUIPlugin:80 - create IPUIPlugin
2024-12-11 17:18:11,683 [INFO] PluginManager:220 - loadIPPluginJar : add comp
2024-12-11 17:18:11,686 [INFO] IPUIPlugin:80 - create IPUIPlugin
2024-12-11 17:18:11,686 [INFO] PluginManager:220 - loadIPPluginJar : add cryp
2024-12-11 17:18:11,692 [INFO] IPUIPlugin:80 - create IPUIPlugin
2024-12-11 17:18:11,692 [INFO] PluginManager:220 - loadIPPluginJar : add ddr_ctrl_phy
2024-12-11 17:18:11,696 [INFO] IPUIPlugin:80 - create IPUIPlugin
2024-12-11 17:18:11,697 [INFO] PluginManager:220 - loadIPPluginJar : add dfsdm
2024-12-11 17:18:11,706 [INFO] IPUIPlugin:80 - create IPUIPlugin
2024-12-11 17:18:11,708 [INFO] PluginManager:220 - loadIPPluginJar : add dma
2024-12-11 17:18:11,712 [INFO] IPUIPlugin:80 - create IPUIPlugin
2024-12-11 17:18:11,712 [INFO] PluginManager:220 - loadIPPluginJar : add dma3
2024-12-11 17:18:11,716 [INFO] IPUIPlugin:80 - create IPUIPlugin
2024-12-11 17:18:11,716 [INFO] PluginManager:220 - loadIPPluginJar : add extmemmanager
2024-12-11 17:18:11,719 [INFO] IPUIPlugin:80 - create IPUIPlugin
2024-12-11 17:18:11,719 [INFO] PluginManager:220 - loadIPPluginJar : add fatfs
2024-12-11 17:18:11,724 [INFO] IPUIPlugin:80 - create IPUIPlugin
2024-12-11 17:18:11,724 [INFO] PluginManager:220 - loadIPPluginJar : add fmc
2024-12-11 17:18:11,739 [INFO] IPUIPlugin:80 - create IPUIPlugin
2024-12-11 17:18:11,739 [INFO] PluginManager:220 - loadIPPluginJar : add freertos
2024-12-11 17:18:11,742 [INFO] IPUIPlugin:80 - create IPUIPlugin
2024-12-11 17:18:11,743 [INFO] PluginManager:220 - loadIPPluginJar : add genericplugin
2024-12-11 17:18:11,746 [INFO] IPUIPlugin:80 - create IPUIPlugin
2024-12-11 17:18:11,746 [INFO] PluginManager:220 - loadIPPluginJar : add gfxmmu
2024-12-11 17:18:11,752 [INFO] IPUIPlugin:80 - create IPUIPlugin
2024-12-11 17:18:11,752 [INFO] PluginManager:220 - loadIPPluginJar : add gic
2024-12-11 17:18:11,758 [INFO] IPUIPlugin:80 - create IPUIPlugin
2024-12-11 17:18:11,758 [INFO] PluginManager:220 - loadIPPluginJar : add gpio
2024-12-11 17:18:11,762 [INFO] IPUIPlugin:80 - create IPUIPlugin
2024-12-11 17:18:11,762 [INFO] PluginManager:220 - loadIPPluginJar : add gtzc
2024-12-11 17:18:11,766 [INFO] IPUIPlugin:80 - create IPUIPlugin
2024-12-11 17:18:11,766 [INFO] PluginManager:220 - loadIPPluginJar : add hash
2024-12-11 17:18:11,769 [INFO] IPUIPlugin:80 - create IPUIPlugin
2024-12-11 17:18:11,769 [INFO] PluginManager:220 - loadIPPluginJar : add i2c
2024-12-11 17:18:11,772 [INFO] IPUIPlugin:80 - create IPUIPlugin
2024-12-11 17:18:11,772 [INFO] PluginManager:220 - loadIPPluginJar : add i2s
2024-12-11 17:18:11,779 [INFO] IPUIPlugin:80 - create IPUIPlugin
2024-12-11 17:18:11,779 [INFO] PluginManager:220 - loadIPPluginJar : add i3c
2024-12-11 17:18:11,785 [INFO] IPUIPlugin:80 - create IPUIPlugin
2024-12-11 17:18:11,785 [INFO] PluginManager:220 - loadIPPluginJar : add ipddr
2024-12-11 17:18:11,792 [INFO] IPUIPlugin:80 - create IPUIPlugin
2024-12-11 17:18:11,792 [INFO] PluginManager:220 - loadIPPluginJar : add linkedlist
2024-12-11 17:18:11,797 [INFO] IPUIPlugin:80 - create IPUIPlugin
2024-12-11 17:18:11,797 [INFO] PluginManager:220 - loadIPPluginJar : add lorawan
2024-12-11 17:18:11,799 [INFO] IPUIPlugin:80 - create IPUIPlugin
2024-12-11 17:18:11,799 [INFO] PluginManager:220 - loadIPPluginJar : add ltdc
2024-12-11 17:18:11,810 [INFO] IPUIPlugin:80 - create IPUIPlugin
2024-12-11 17:18:11,811 [INFO] PluginManager:220 - loadIPPluginJar : add mdma
2024-12-11 17:18:11,814 [INFO] IPUIPlugin:80 - create IPUIPlugin
2024-12-11 17:18:11,814 [INFO] PluginManager:220 - loadIPPluginJar : add nvic
2024-12-11 17:18:11,817 [INFO] IPUIPlugin:80 - create IPUIPlugin
2024-12-11 17:18:11,817 [INFO] PluginManager:220 - loadIPPluginJar : add opamp
2024-12-11 17:18:11,820 [INFO] IPUIPlugin:80 - create IPUIPlugin
2024-12-11 17:18:11,820 [INFO] PluginManager:220 - loadIPPluginJar : add openamp
2024-12-11 17:18:11,823 [INFO] IPUIPlugin:80 - create IPUIPlugin
2024-12-11 17:18:11,823 [INFO] PluginManager:220 - loadIPPluginJar : add pdm2pcm
2024-12-11 17:18:11,828 [INFO] IPUIPlugin:80 - create IPUIPlugin
2024-12-11 17:18:11,831 [INFO] PluginManager:220 - loadIPPluginJar : add plateformsettings
2024-12-11 17:18:11,832 [INFO] IPUIPlugin:80 - create IPUIPlugin
2024-12-11 17:18:11,832 [INFO] PluginManager:220 - loadIPPluginJar : add quadspi
2024-12-11 17:18:11,834 [INFO] IPUIPlugin:80 - create IPUIPlugin
2024-12-11 17:18:11,835 [INFO] PluginManager:220 - loadIPPluginJar : add radio
2024-12-11 17:18:11,838 [INFO] IPUIPlugin:80 - create IPUIPlugin
2024-12-11 17:18:11,839 [INFO] PluginManager:220 - loadIPPluginJar : add resmgrutility
2024-12-11 17:18:11,840 [INFO] IPUIPlugin:80 - create IPUIPlugin
2024-12-11 17:18:11,840 [INFO] PluginManager:220 - loadIPPluginJar : add sai
2024-12-11 17:18:11,843 [INFO] IPUIPlugin:80 - create IPUIPlugin
2024-12-11 17:18:11,843 [INFO] PluginManager:220 - loadIPPluginJar : add spi
2024-12-11 17:18:11,847 [INFO] IPUIPlugin:80 - create IPUIPlugin
2024-12-11 17:18:11,847 [INFO] PluginManager:220 - loadIPPluginJar : add stm32_wpan
2024-12-11 17:18:11,849 [INFO] IPUIPlugin:80 - create IPUIPlugin
2024-12-11 17:18:11,849 [INFO] PluginManager:220 - loadIPPluginJar : add tim
2024-12-11 17:18:11,851 [INFO] IPUIPlugin:80 - create IPUIPlugin
2024-12-11 17:18:11,851 [INFO] PluginManager:220 - loadIPPluginJar : add touchsensing
2024-12-11 17:18:11,852 [INFO] IPUIPlugin:80 - create IPUIPlugin
2024-12-11 17:18:11,853 [INFO] PluginManager:220 - loadIPPluginJar : add tracer_emb
2024-12-11 17:18:11,854 [INFO] IPUIPlugin:80 - create IPUIPlugin
2024-12-11 17:18:11,854 [INFO] PluginManager:220 - loadIPPluginJar : add ts
2024-12-11 17:18:11,855 [INFO] IPUIPlugin:80 - create IPUIPlugin
2024-12-11 17:18:11,855 [INFO] PluginManager:220 - loadIPPluginJar : add tsc
2024-12-11 17:18:11,856 [INFO] IPUIPlugin:80 - create IPUIPlugin
2024-12-11 17:18:11,856 [INFO] PluginManager:220 - loadIPPluginJar : add ucpd
2024-12-11 17:18:11,858 [INFO] IPUIPlugin:80 - create IPUIPlugin
2024-12-11 17:18:11,858 [INFO] PluginManager:220 - loadIPPluginJar : add usart
2024-12-11 17:18:11,860 [INFO] IPUIPlugin:80 - create IPUIPlugin
2024-12-11 17:18:11,861 [INFO] PluginManager:220 - loadIPPluginJar : add usbx
2024-12-11 17:18:11,987 [FATAL] Updater:351 - Updater called before beeing initialized
2024-12-11 17:18:12,016 [INFO] RulesReader:64 - Compatibility file has been processed (297 Rules)
2024-12-11 17:18:12,026 [INFO] RulesReader:64 - Compatibility file has been processed (297 Rules)
2024-12-11 17:18:12,037 [INFO] CADModel:165 - CPN selected for project level
2024-12-11 17:18:12,037 [INFO] CADModel:114 - Register for checkConnection events
2024-12-11 17:18:12,037 [FATAL] Updater:351 - Updater called before beeing initialized
2024-12-11 17:18:12,037 [ERROR] CADModel:125 - Updater not yet initialized, retry later 
2024-12-11 17:18:12,158 [FATAL] Updater:351 - Updater called before beeing initialized
2024-12-11 17:18:12,160 [INFO] CADModel:165 - CPN selected for project level
2024-12-11 17:18:12,160 [INFO] CADModel:114 - Register for checkConnection events
2024-12-11 17:18:12,160 [FATAL] Updater:351 - Updater called before beeing initialized
2024-12-11 17:18:12,160 [ERROR] CADModel:125 - Updater not yet initialized, retry later 
2024-12-11 17:18:12,163 [FATAL] Updater:351 - Updater called before beeing initialized
2024-12-11 17:18:12,297 [FATAL] Updater:351 - Updater called before beeing initialized
2024-12-11 17:18:12,301 [INFO] DbMcusAds:53 - JSON generation date=Fri Sep 20 15:04:23 CEST 2024 (1726837463113)
2024-12-11 17:18:12,301 [FATAL] Updater:351 - Updater called before beeing initialized
2024-12-11 17:18:12,328 [WARN] DetailPanel:346 - Failed to get advertising image, set to default
2024-12-11 17:18:12,603 [FATAL] Updater:351 - Updater called before beeing initialized
2024-12-11 17:18:12,606 [FATAL] Updater:351 - Updater called before beeing initialized
2024-12-11 17:18:12,606 [FATAL] Updater:351 - Updater called before beeing initialized
2024-12-11 17:18:12,606 [WARN] DetailPanel:346 - Failed to get advertising image, set to default
2024-12-11 17:18:12,607 [FATAL] Updater:351 - Updater called before beeing initialized
2024-12-11 17:18:12,648 [ERROR] Updater:1198 - MainUpdater not yet initialized. External WinMGr cannot be set.
2024-12-11 17:18:12,649 [INFO] Updater:1134 - Updater Version found : 6.13.0
2024-12-11 17:18:12,661 [INFO] ApplicationProperties:184 - Using Application install path: C:\ST\STM32CubeIDE_1.17.0\STM32CubeIDE\plugins\com.st.stm32cube.common.mx_6.13.0.202411220809
2024-12-11 17:18:13,697 [INFO] ThirdPartyUpdaterWithRetryManager:70 - Updater plugin not ready yet. [2/15]
2024-12-11 17:18:14,226 [ERROR] LogOutputStream:75 - [STDERR_REDIRECT] Dec 11, 2024 5:18:14 PM java.util.prefs.WindowsPreferences <init>
2024-12-11 17:18:14,227 [ERROR] LogOutputStream:75 - [STDERR_REDIRECT] WARNING: Could not open/create prefs root node Software\JavaSoft\Prefs at root 0xffffffff80000002. Windows RegCreateKeyEx(...) returned error code 5.
2024-12-11 17:18:14,227 [ERROR] LogOutputStream:75 - [STDERR_REDIRECT] 
2024-12-11 17:18:14,653 [INFO] MainUpdater:2872 - connection check result : 10
2024-12-11 17:18:14,654 [INFO] MainUpdater:289 - Updater Check For Update Now.
2024-12-11 17:18:14,654 [INFO] MicroXplorer:498 - Change Database Version : DB.6.0.130
2024-12-11 17:18:14,672 [INFO] McuFinderGlobals:63 - Set McuFinder mode to 2 (CubeIDE integrated)
2024-12-11 17:18:14,672 [INFO] UserAuth:486 - Internet connection configuration mode: 1
2024-12-11 17:18:14,714 [INFO] JxBrowserEngine:152 - Initiate JxBrowser Engine with user profile folder
2024-12-11 17:18:14,844 [INFO] CheckServerUpdateThread:120 - End of CheckServer Thread
2024-12-11 17:18:15,297 [INFO] WebApp:168 - Instantiating new browser for Auth
2024-12-11 17:18:15,982 [INFO] WebApp:449 - Apply proxy settings
2024-12-11 17:18:15,983 [INFO] WebApp:534 - Chromium requires no authentication
2024-12-11 17:18:15,989 [INFO] WebApp:477 - Direct internet connection detected
2024-12-11 17:18:16,018 [INFO] WebApp:880 - Register for checkConnection events
2024-12-11 17:18:16,018 [INFO] WebApp:449 - Apply proxy settings
2024-12-11 17:18:16,018 [INFO] WebApp:534 - Chromium requires no authentication
2024-12-11 17:18:16,019 [INFO] WebApp:477 - Direct internet connection detected
2024-12-11 17:18:16,158 [INFO] WebApp:221 - Starting web application
2024-12-11 17:18:16,158 [INFO] WebApp:579 - Web application path used C:\ST\STM32CubeIDE_1.17.0\STM32CubeIDE\plugins\com.st.stm32cube.common.mx_6.13.0.202411220809\db\plugins\mcufinder\reactClient1\index.html
2024-12-11 17:18:16,217 [INFO] UserAuth:486 - Internet connection configuration mode: 1
2024-12-11 17:18:16,441 [INFO] WebApp:187 - Connection restablished
2024-12-11 17:18:16,865 [WARN] PackLoader:240 - Cannot read IP mode file for STMicroelectronics.FP-SNS-MOTENVWB1.1.4.0
2024-12-11 17:18:16,873 [WARN] PackLoader:240 - Cannot read IP mode file for STMicroelectronics.FP-ATR-ASTRA1.2.0.1
2024-12-11 17:18:16,883 [WARN] PackLoader:240 - Cannot read IP mode file for STMicroelectronics.X-CUBE-SMBUS.2.1.0
2024-12-11 17:18:16,891 [WARN] PackLoader:240 - Cannot read IP mode file for STMicroelectronics.X-CUBE-WB05N.1.1.0
2024-12-11 17:18:16,919 [WARN] PackLoader:240 - Cannot read IP mode file for STMicroelectronics.X-CUBE-AZRTOS-F7.1.1.0
2024-12-11 17:18:16,957 [WARN] PackLoader:240 - Cannot read IP mode file for STMicroelectronics.X-CUBE-MEMS1.11.0.0
2024-12-11 17:18:17,039 [WARN] PackLoader:240 - Cannot read IP mode file for STMicroelectronics.FP-SNS-FLIGHT1.5.0.2
2024-12-11 17:18:17,051 [WARN] PackLoader:240 - Cannot read IP mode file for Infineon.AIROC-Wi-Fi-Bluetooth-STM32.1.7.0
2024-12-11 17:18:17,061 [WARN] PackLoader:240 - Cannot read IP mode file for STMicroelectronics.X-CUBE-DISPLAY.3.0.0
2024-12-11 17:18:17,066 [WARN] PackLoader:240 - Cannot read IP mode file for STMicroelectronics.X-CUBE-BLE1.7.0.0
2024-12-11 17:18:17,070 [WARN] PackLoader:240 - Cannot read IP mode file for STMicroelectronics.X-CUBE-NFC10.1.0.0
2024-12-11 17:18:17,076 [WARN] PackLoader:240 - Cannot read IP mode file for STMicroelectronics.X-CUBE-BLEMGR.4.0.0
2024-12-11 17:18:17,081 [WARN] PackLoader:240 - Cannot read IP mode file for emotas.I-CUBE-CANOPEN.1.3.0
2024-12-11 17:18:17,086 [WARN] PackLoader:240 - Cannot read IP mode file for STMicroelectronics.X-CUBE-BLEMGR.3.1.0
2024-12-11 17:18:17,090 [WARN] PackLoader:240 - Cannot read IP mode file for STMicroelectronics.FP-SNS-SMARTAG2.1.2.0
2024-12-11 17:18:17,097 [INFO] LogOutputStream:77 - [STDOUT_REDIRECT] 1 : Invalid condition id : UX_CORESTACK_Condition cause : null
2024-12-11 17:18:17,098 [INFO] LogOutputStream:77 - [STDOUT_REDIRECT] 1 : Invalid condition id : UX_CORESTACK_Condition cause : null
2024-12-11 17:18:17,099 [INFO] LogOutputStream:77 - [STDOUT_REDIRECT] 1 : Invalid condition id : UX_CORESTACK_Condition cause : null
2024-12-11 17:18:17,100 [INFO] LogOutputStream:77 - [STDOUT_REDIRECT] 1 : Invalid condition id : UX_CORESTACK_Condition cause : null
2024-12-11 17:18:17,102 [INFO] LogOutputStream:77 - [STDOUT_REDIRECT] 1 : Invalid condition id : UX_CORESTACK_Condition cause : null
2024-12-11 17:18:17,103 [WARN] PackLoader:240 - Cannot read IP mode file for STMicroelectronics.X-CUBE-AZRTOS-WL.2.0.0
2024-12-11 17:18:17,106 [WARN] PackLoader:240 - Cannot read IP mode file for STMicroelectronics.FP-SNS-MOTENV1.5.0.0
2024-12-11 17:18:17,111 [WARN] PackLoader:240 - Cannot read IP mode file for wolfSSL.I-CUBE-wolfMQTT.1.19.0
2024-12-11 17:18:17,119 [WARN] PackLoader:240 - Cannot read IP mode file for WES.I-CUBE-Cesium.1.3.0
2024-12-11 17:18:17,123 [WARN] PackLoader:240 - Cannot read IP mode file for STMicroelectronics.X-CUBE-BLE2.3.3.0
2024-12-11 17:18:17,128 [WARN] PackLoader:240 - Cannot read IP mode file for STMicroelectronics.X-CUBE-NFC9.1.0.0
2024-12-11 17:18:17,132 [WARN] PackLoader:240 - Cannot read IP mode file for STMicroelectronics.X-CUBE-TCPP.4.1.0
2024-12-11 17:18:17,141 [WARN] PackLoader:240 - Cannot read IP mode file for STMicroelectronics.X-CUBE-AZRTOS-G0.1.1.0
2024-12-11 17:18:17,148 [WARN] PackLoader:240 - Cannot read IP mode file for STMicroelectronics.X-CUBE-SAFEA1.1.2.2
2024-12-11 17:18:17,152 [WARN] PackLoader:240 - Cannot read IP mode file for STMicroelectronics.X-CUBE-NFC4.3.0.0
2024-12-11 17:18:17,157 [WARN] PackLoader:240 - Cannot read IP mode file for EmbeddedOffice.I-CUBE-FS-RTOS.1.0.1
2024-12-11 17:18:17,161 [WARN] PackLoader:240 - Cannot read IP mode file for RealThread.X-CUBE-RT-Thread_Nano.4.1.1
2024-12-11 17:18:17,163 [WARN] PackLoader:240 - Cannot read IP mode file for STMicroelectronics.FP-ATR-SIGFOX1.3.2.0
2024-12-11 17:18:17,166 [WARN] ConditionMgr:438 - getConditionDescription Invalid condition id : Cortex-A Device cause : null
2024-12-11 17:18:17,180 [WARN] ConditionMgr:1044 - genDependencies : Invalid condition id : Cortex-A Device cause : null
2024-12-11 17:18:17,180 [WARN] ConditionMgr:1044 - genDependencies : Invalid condition id : Cortex-A Device cause : null
2024-12-11 17:18:17,180 [WARN] ConditionMgr:1044 - genDependencies : Invalid condition id : Cortex-A Device cause : null
2024-12-11 17:18:17,184 [WARN] PackLoader:240 - Cannot read IP mode file for STMicroelectronics.X-CUBE-EEPRMA1.5.1.0
2024-12-11 17:18:17,188 [WARN] PackLoader:240 - Cannot read IP mode file for wolfSSL.I-CUBE-wolfSSL.5.7.4
2024-12-11 17:18:17,193 [WARN] PackLoader:240 - Cannot read IP mode file for ITTIA_DB.I-CUBE-ITTIADB.8.9.0
2024-12-11 17:18:17,215 [WARN] PackLoader:240 - Cannot read IP mode file for SEGGER.I-CUBE-embOS.1.3.1
2024-12-11 17:18:17,237 [WARN] PackLoader:240 - Cannot read IP mode file for STMicroelectronics.X-CUBE-ALGOBUILD.1.4.0
2024-12-11 17:18:17,240 [WARN] PackLoader:240 - Cannot read IP mode file for STMicroelectronics.X-CUBE-AI.9.1.0
2024-12-11 17:18:17,249 [WARN] PackLoader:240 - Cannot read IP mode file for STMicroelectronics.X-CUBE-AZRTOS-F4.1.1.0
2024-12-11 17:18:17,254 [WARN] PackLoader:240 - Cannot read IP mode file for STMicroelectronics.X-CUBE-ISPU.2.1.0
2024-12-11 17:18:17,258 [WARN] PackLoader:240 - Cannot read IP mode file for STMicroelectronics.X-CUBE-FREERTOS.1.2.0
2024-12-11 17:18:17,267 [WARN] PackLoader:240 - Cannot read IP mode file for STMicroelectronics.X-CUBE-AZRTOS-L5.2.0.0
2024-12-11 17:18:17,271 [WARN] PackLoader:240 - Cannot read IP mode file for STMicroelectronics.X-CUBE-NFC6.3.1.0
2024-12-11 17:18:17,276 [WARN] PackLoader:240 - Cannot read IP mode file for STMicroelectronics.X-CUBE-DPower.1.2.0
2024-12-11 17:18:17,279 [WARN] PackLoader:240 - Cannot read IP mode file for STMicroelectronics.X-CUBE-FREERTOS.1.3.0
2024-12-11 17:18:17,282 [WARN] PackLoader:240 - Cannot read IP mode file for STMicroelectronics.X-CUBE-NFC7.1.0.1
2024-12-11 17:18:17,291 [WARN] ConditionMgr:438 - getConditionDescription Invalid condition id : LAN8742 Phy interface Condition cause : null
2024-12-11 17:18:17,291 [WARN] PackLoader:240 - Cannot read IP mode file for STMicroelectronics.X-CUBE-AZRTOS-L4.2.0.0
2024-12-11 17:18:17,292 [WARN] ConditionMgr:1044 - genDependencies : Invalid condition id : LAN8742 Phy interface Condition cause : null
2024-12-11 17:18:17,292 [WARN] ConditionMgr:1044 - genDependencies : Invalid condition id : LAN8742 Phy interface Condition cause : null
2024-12-11 17:18:17,292 [WARN] ConditionMgr:1044 - genDependencies : Invalid condition id : LAN8742 Phy interface Condition cause : null
2024-12-11 17:18:17,300 [WARN] PackLoader:240 - Cannot read IP mode file for STMicroelectronics.X-CUBE-SFXS2LP1.4.0.0
2024-12-11 17:18:17,323 [WARN] PackLoader:240 - Cannot read IP mode file for STMicroelectronics.X-CUBE-AZRTOS-H7.3.3.0
2024-12-11 17:18:17,349 [WARN] PackLoader:240 - Cannot read IP mode file for STMicroelectronics.X-CUBE-IPS.3.0.0
2024-12-11 17:18:17,373 [WARN] ConditionMgr:438 - getConditionDescription Invalid condition id : UX DEVICE CLASS RTOS Condition cause : null
2024-12-11 17:18:17,373 [WARN] ConditionMgr:438 - getConditionDescription Invalid condition id : UX DEVICE CLASS RTOS Condition cause : null
2024-12-11 17:18:17,377 [WARN] PackLoader:240 - Cannot read IP mode file for STMicroelectronics.X-CUBE-AZRTOS-WB.2.0.0
2024-12-11 17:18:17,377 [WARN] ConditionMgr:1044 - genDependencies : Invalid condition id : UX DEVICE CLASS RTOS Condition cause : null
2024-12-11 17:18:17,378 [WARN] ConditionMgr:1044 - genDependencies : Invalid condition id : UX DEVICE CLASS RTOS Condition cause : null
2024-12-11 17:18:17,378 [WARN] ConditionMgr:1044 - genDependencies : Invalid condition id : UX DEVICE CLASS RTOS Condition cause : null
2024-12-11 17:18:17,378 [WARN] ConditionMgr:1044 - genDependencies : Invalid condition id : UX DEVICE CLASS RTOS Condition cause : null
2024-12-11 17:18:17,378 [WARN] ConditionMgr:1044 - genDependencies : Invalid condition id : UX DEVICE CLASS RTOS Condition cause : null
2024-12-11 17:18:17,384 [WARN] PackLoader:240 - Cannot read IP mode file for STMicroelectronics.X-CUBE-GNSS1.7.0.0
2024-12-11 17:18:17,393 [WARN] PackLoader:240 - Cannot read IP mode file for STMicroelectronics.FP-SNS-STBOX1.2.0.0
2024-12-11 17:18:17,406 [WARN] PackLoader:240 - Cannot read IP mode file for STMicroelectronics.X-CUBE-SUBG2.5.0.0
2024-12-11 17:18:17,413 [WARN] PackLoader:240 - Cannot read IP mode file for Cesanta.I-CUBE-Mongoose.7.13.0
2024-12-11 17:18:17,424 [WARN] PackLoader:240 - Cannot read IP mode file for STMicroelectronics.X-CUBE-AZRTOS-G4.2.0.0
2024-12-11 17:18:17,429 [WARN] PackLoader:240 - Cannot read IP mode file for STMicroelectronics.X-CUBE-ALS.1.0.2
2024-12-11 17:18:17,438 [WARN] PackLoader:240 - Cannot read IP mode file for STMicroelectronics.X-CUBE-TOUCHGFX.4.24.1
2024-12-11 17:18:17,442 [WARN] PackLoader:240 - Cannot read IP mode file for wolfSSL.I-CUBE-wolfTPM.3.4.0
2024-12-11 17:18:17,446 [WARN] PackLoader:240 - Cannot read IP mode file for portGmbH.I-Cube-SoM-uGOAL.1.1.0
2024-12-11 17:18:17,457 [WARN] PackLoader:240 - Cannot read IP mode file for STMicroelectronics.X-CUBE-AZRTOS-H7RS.1.0.0
2024-12-11 17:18:17,466 [WARN] PackLoader:240 - Cannot read IP mode file for STMicroelectronics.X-CUBE-TOF1.3.4.2
2024-12-11 17:18:17,476 [WARN] PackLoader:240 - Cannot read IP mode file for wolfSSL.I-CUBE-wolfSSH.1.4.17
2024-12-11 17:18:17,476 [INFO] ThirdParty:978 - Integrity check success = true
2024-12-11 17:18:17,476 [INFO] IntegrityCheckThread:100 - exiting critical section [integrity check]
2024-12-11 17:18:17,476 [INFO] IntegrityCheckThread:103 - End integrity checks thread
2024-12-11 17:22:23,424 [ERROR] LogOutputStream:75 - [STDERR_REDIRECT] 
2024-12-11 17:22:33,990 [INFO] Activator:176 - 


2024-12-11 17:22:33,990 [INFO] Activator:177 - !SESSION log4j initialized
2024-12-11 17:22:38,606 [INFO] LogOutputStream:77 - [STDOUT_REDIRECT] 
2024-12-11 17:22:39,480 [INFO] ApplicationProperties:184 - Using Application install path: C:\ST\STM32CubeIDE_1.17.0\STM32CubeIDE\plugins\com.st.stm32cube.common.mx_6.13.0.202411220809
2024-12-11 17:22:39,495 [INFO] DbMcusXml:78 - Set database path to: C:\ST\STM32CubeIDE_1.17.0\STM32CubeIDE\plugins\com.st.stm32cube.common.mx_6.13.0.202411220809\\db\/mcu/
2024-12-11 17:22:39,495 [INFO] ApiDb:274 - Set plugin database path to: C:\ST\STM32CubeIDE_1.17.0\STM32CubeIDE\plugins\com.st.stm32cube.common.mx_6.13.0.202411220809\\db\/plugins/boardmanager/
2024-12-11 17:22:39,495 [WARN] ApiDb:259 - Overriding images path with different value:  => C:\ST\STM32CubeIDE_1.17.0\STM32CubeIDE\plugins\com.st.stm32cube.common.mx_6.13.0.202411220809\\db\/plugins/mcufinder/images/
2024-12-11 17:22:39,511 [INFO] ApiDb:250 - Set database path to: C:\Users\ZOJOLDRI\.stmcufinder\plugins\mcufinder//mcu/
2024-12-11 17:22:39,511 [INFO] DbMcusAds:125 - Set database path to: C:\Users\ZOJOLDRI\.stmcufinder\plugins\mcufinder//mcu/
2024-12-11 17:22:39,511 [INFO] CrossReferenceDbSqlite:203 - Set database path to: C:\Users\ZOJOLDRI\.stmcufinder\plugins\mcufinder//mcu/cs/
2024-12-11 17:22:39,616 [INFO] RulesReader:64 - Compatibility file has been processed (297 Rules)
2024-12-11 17:22:39,685 [INFO] DbMcusXml:78 - Set database path to: C:\ST\STM32CubeIDE_1.17.0\STM32CubeIDE\plugins\com.st.stm32cube.common.mx_6.13.0.202411220809\\db\/mcu/
2024-12-11 17:22:39,685 [INFO] ApiDb:274 - Set plugin database path to: C:\ST\STM32CubeIDE_1.17.0\STM32CubeIDE\plugins\com.st.stm32cube.common.mx_6.13.0.202411220809\\db\/plugins/boardmanager/
2024-12-11 17:22:39,685 [INFO] ApiDb:261 - Set plugin images path to: C:\ST\STM32CubeIDE_1.17.0\STM32CubeIDE\plugins\com.st.stm32cube.common.mx_6.13.0.202411220809\\db\/plugins/mcufinder/images/
2024-12-11 17:22:39,685 [WARN] DbFile:41 - Overriding database path with different value: C:\Users\ZOJOLDRI\.stmcufinder\plugins\mcufinder/ => C:\Users\ZOJOLDRI\.stmcufinder\plugins\mcufinder
2024-12-11 17:22:39,685 [INFO] ApiDb:250 - Set database path to: C:\Users\ZOJOLDRI\.stmcufinder\plugins\mcufinder//mcu/
2024-12-11 17:22:39,685 [WARN] DbFile:41 - Overriding database path with different value: C:\Users\ZOJOLDRI\.stmcufinder\plugins\mcufinder/ => C:\Users\ZOJOLDRI\.stmcufinder\plugins\mcufinder
2024-12-11 17:22:39,685 [INFO] DbMcusAds:125 - Set database path to: C:\Users\ZOJOLDRI\.stmcufinder\plugins\mcufinder//mcu/
2024-12-11 17:22:39,685 [WARN] DbFile:41 - Overriding database path with different value: C:\Users\ZOJOLDRI\.stmcufinder\plugins\mcufinder/ => C:\Users\ZOJOLDRI\.stmcufinder\plugins\mcufinder
2024-12-11 17:22:39,685 [WARN] DbFile:41 - Overriding database path with different value: C:\Users\ZOJOLDRI\.stmcufinder\plugins\mcufinder/ => C:\Users\ZOJOLDRI\.stmcufinder\plugins\mcufinder
2024-12-11 17:22:39,685 [INFO] CrossReferenceDbSqlite:203 - Set database path to: C:\Users\ZOJOLDRI\.stmcufinder\plugins\mcufinder//mcu/cs/
2024-12-11 17:22:39,747 [INFO] MainPanel:272 - HeapMemory: 268435456
2024-12-11 17:22:39,816 [INFO] DbMcusXml:78 - Set database path to: C:\ST\STM32CubeIDE_1.17.0\STM32CubeIDE\plugins\com.st.stm32cube.common.mx_6.13.0.202411220809\\db\/mcu/
2024-12-11 17:22:39,816 [INFO] ApiDb:274 - Set plugin database path to: C:\ST\STM32CubeIDE_1.17.0\STM32CubeIDE\plugins\com.st.stm32cube.common.mx_6.13.0.202411220809\\db\/plugins/boardmanager/
2024-12-11 17:22:39,816 [INFO] ApiDb:261 - Set plugin images path to: C:\ST\STM32CubeIDE_1.17.0\STM32CubeIDE\plugins\com.st.stm32cube.common.mx_6.13.0.202411220809\\db\/plugins/mcufinder/images/
2024-12-11 17:22:39,816 [WARN] DbFile:41 - Overriding database path with different value: C:\Users\ZOJOLDRI\.stmcufinder\plugins\mcufinder/ => C:\Users\ZOJOLDRI\.stmcufinder\plugins\mcufinder
2024-12-11 17:22:39,816 [INFO] ApiDb:250 - Set database path to: C:\Users\ZOJOLDRI\.stmcufinder\plugins\mcufinder//mcu/
2024-12-11 17:22:39,816 [WARN] DbFile:41 - Overriding database path with different value: C:\Users\ZOJOLDRI\.stmcufinder\plugins\mcufinder/ => C:\Users\ZOJOLDRI\.stmcufinder\plugins\mcufinder
2024-12-11 17:22:39,816 [INFO] DbMcusAds:125 - Set database path to: C:\Users\ZOJOLDRI\.stmcufinder\plugins\mcufinder//mcu/
2024-12-11 17:22:39,816 [WARN] DbFile:41 - Overriding database path with different value: C:\Users\ZOJOLDRI\.stmcufinder\plugins\mcufinder/ => C:\Users\ZOJOLDRI\.stmcufinder\plugins\mcufinder
2024-12-11 17:22:39,816 [WARN] DbFile:41 - Overriding database path with different value: C:\Users\ZOJOLDRI\.stmcufinder\plugins\mcufinder/ => C:\Users\ZOJOLDRI\.stmcufinder\plugins\mcufinder
2024-12-11 17:22:39,816 [INFO] CrossReferenceDbSqlite:203 - Set database path to: C:\Users\ZOJOLDRI\.stmcufinder\plugins\mcufinder//mcu/cs/
2024-12-11 17:22:39,826 [INFO] ApplicationProperties:184 - Using Application install path: C:\ST\STM32CubeIDE_1.17.0\STM32CubeIDE\plugins\com.st.stm32cube.common.mx_6.13.0.202411220809
2024-12-11 17:22:39,826 [INFO] PluginManage:196 - Search for loadable plugins [exclusion list=, ]
2024-12-11 17:22:39,826 [INFO] PluginManage:310 - Check plugin analytics
2024-12-11 17:22:40,014 [INFO] AnalyticsPlugin:253 - Accepted Software Licenses: 
2024-12-11 17:22:40,014 [INFO] AnalyticsPlugin:255 - Accepted CMSIS Pack Licenses: 
2024-12-11 17:22:40,014 [INFO] AnalyticsPlugin:257 - Accepted Firmware Licenses: FW.L4.1.18.0
2024-12-11 17:22:40,016 [INFO] PluginManage:359 - Loaded plugin analytics (category:tool,tabindex:-1)
2024-12-11 17:22:40,020 [INFO] PluginManage:310 - Check plugin cadmodel
2024-12-11 17:22:40,020 [INFO] CADModel:105 - Init CAD model plugin
2024-12-11 17:22:40,020 [INFO] PluginManage:359 - Loaded plugin cadmodel (category:power,tabindex:5)
2024-12-11 17:22:40,020 [INFO] PluginManage:310 - Check plugin clock
2024-12-11 17:22:40,030 [INFO] PluginManage:359 - Loaded plugin clock (category:base,tabindex:2)
2024-12-11 17:22:40,030 [INFO] PluginManage:310 - Check plugin ddr
2024-12-11 17:22:40,030 [INFO] PluginManage:359 - Loaded plugin ddr (category:tool,tabindex:6)
2024-12-11 17:22:40,030 [INFO] PluginManage:310 - Check plugin filemanager
2024-12-11 17:22:40,158 [INFO] PluginManage:359 - Loaded plugin filemanager (category:base,tabindex:10)
2024-12-11 17:22:40,158 [INFO] PluginManage:310 - Check plugin ipmanager
2024-12-11 17:22:40,172 [INFO] PluginManage:359 - Loaded plugin ipmanager (category:base,tabindex:5)
2024-12-11 17:22:40,172 [INFO] PluginManage:310 - Check plugin lpbam
2024-12-11 17:22:40,172 [INFO] PluginManage:359 - Loaded plugin lpbam (category:base,tabindex:0)
2024-12-11 17:22:40,172 [INFO] PluginManage:310 - Check plugin memorymap
2024-12-11 17:22:40,188 [INFO] PluginManage:359 - Loaded plugin memorymap (category:base,tabindex:4)
2024-12-11 17:22:40,188 [INFO] PluginManage:310 - Check plugin pinoutandconfiguration
2024-12-11 17:22:40,188 [INFO] PluginManage:359 - Loaded plugin pinoutandconfiguration (category:base,tabindex:1)
2024-12-11 17:22:40,188 [INFO] PluginManage:310 - Check plugin pinoutconfig
2024-12-11 17:22:40,267 [WARN] SupportedApi:132 - Cannot load RTOS API schema: s4s-elt-must-match.1: The content of 'definitions' must match (annotation?, (simpleType | complexType)?, (unique | key | keyref)*)). A problem was found starting at: attribute.
2024-12-11 17:22:40,377 [INFO] PluginManage:359 - Loaded plugin pinoutconfig (category:base,tabindex:0)
2024-12-11 17:22:40,377 [INFO] PluginManage:310 - Check plugin power
2024-12-11 17:22:40,392 [INFO] PluginManage:359 - Loaded plugin power (category:power,tabindex:4)
2024-12-11 17:22:40,392 [INFO] PluginManage:310 - Check plugin projectmanager
2024-12-11 17:22:40,413 [INFO] PluginManage:359 - Loaded plugin projectmanager (category:projectmanager,tabindex:4)
2024-12-11 17:22:40,413 [INFO] PluginManage:310 - Check plugin rif
2024-12-11 17:22:40,417 [INFO] PluginManage:359 - Loaded plugin rif (category:base,tabindex:3)
2024-12-11 17:22:40,417 [INFO] PluginManage:310 - Check plugin thirdparty
2024-12-11 17:22:40,555 [WARN] IntegrityCheckThread:84 - waiting for thirdparty lock release [integrity check]
2024-12-11 17:22:40,555 [INFO] IntegrityCheckThread:86 - entering critical section [integrity check]
2024-12-11 17:22:40,555 [INFO] PluginManage:359 - Loaded plugin thirdparty (category:base,tabindex:-1)
2024-12-11 17:22:40,559 [INFO] PluginManage:310 - Check plugin tools
2024-12-11 17:22:40,559 [INFO] ThirdPartyUpdaterWithRetryManager:70 - Updater plugin not ready yet. [1/15]
2024-12-11 17:22:40,559 [INFO] PluginManage:359 - Loaded plugin tools (category:base,tabindex:7)
2024-12-11 17:22:40,559 [INFO] PluginManage:310 - Check plugin tutovideos
2024-12-11 17:22:40,700 [INFO] PluginManage:359 - Loaded plugin tutovideos (category:base,tabindex:-1)
2024-12-11 17:22:40,700 [INFO] PluginManage:310 - Check plugin updater
2024-12-11 17:22:40,718 [INFO] PluginManage:359 - Loaded plugin updater (category:base,tabindex:12)
2024-12-11 17:22:40,718 [INFO] PluginManage:310 - Check plugin userauth
2024-12-11 17:22:40,718 [INFO] UserAuth:118 - Init User Auth plugin
2024-12-11 17:22:40,718 [INFO] PluginManage:359 - Loaded plugin userauth (category:base,tabindex:14)
2024-12-11 17:22:40,718 [INFO] PluginManage:283 - PluginManage : Loaded plugins [18]
2024-12-11 17:22:40,950 [INFO] PinOutPanel:1589 - setPackage(No Configuration,No Configuration)
2024-12-11 17:22:41,044 [INFO] CADModel:165 - CPN selected for project level
2024-12-11 17:22:41,044 [INFO] CADModel:114 - Register for checkConnection events
2024-12-11 17:22:41,060 [INFO] IPUIPlugin:80 - create IPUIPlugin
2024-12-11 17:22:41,060 [INFO] PluginManager:220 - loadIPPluginJar : add adc
2024-12-11 17:22:41,060 [INFO] IPUIPlugin:80 - create IPUIPlugin
2024-12-11 17:22:41,060 [INFO] PluginManager:220 - loadIPPluginJar : add aes
2024-12-11 17:22:41,076 [INFO] IPUIPlugin:80 - create IPUIPlugin
2024-12-11 17:22:41,076 [INFO] PluginManager:220 - loadIPPluginJar : add can
2024-12-11 17:22:41,076 [INFO] IPUIPlugin:80 - create IPUIPlugin
2024-12-11 17:22:41,076 [INFO] PluginManager:220 - loadIPPluginJar : add comp
2024-12-11 17:22:41,076 [INFO] IPUIPlugin:80 - create IPUIPlugin
2024-12-11 17:22:41,076 [INFO] PluginManager:220 - loadIPPluginJar : add cryp
2024-12-11 17:22:41,076 [INFO] IPUIPlugin:80 - create IPUIPlugin
2024-12-11 17:22:41,076 [INFO] PluginManager:220 - loadIPPluginJar : add ddr_ctrl_phy
2024-12-11 17:22:41,076 [INFO] IPUIPlugin:80 - create IPUIPlugin
2024-12-11 17:22:41,076 [INFO] PluginManager:220 - loadIPPluginJar : add dfsdm
2024-12-11 17:22:41,091 [INFO] IPUIPlugin:80 - create IPUIPlugin
2024-12-11 17:22:41,091 [INFO] PluginManager:220 - loadIPPluginJar : add dma
2024-12-11 17:22:41,091 [INFO] IPUIPlugin:80 - create IPUIPlugin
2024-12-11 17:22:41,091 [INFO] PluginManager:220 - loadIPPluginJar : add dma3
2024-12-11 17:22:41,091 [INFO] IPUIPlugin:80 - create IPUIPlugin
2024-12-11 17:22:41,091 [INFO] PluginManager:220 - loadIPPluginJar : add extmemmanager
2024-12-11 17:22:41,107 [INFO] IPUIPlugin:80 - create IPUIPlugin
2024-12-11 17:22:41,107 [INFO] PluginManager:220 - loadIPPluginJar : add fatfs
2024-12-11 17:22:41,107 [INFO] IPUIPlugin:80 - create IPUIPlugin
2024-12-11 17:22:41,107 [INFO] PluginManager:220 - loadIPPluginJar : add fmc
2024-12-11 17:22:41,107 [INFO] IPUIPlugin:80 - create IPUIPlugin
2024-12-11 17:22:41,107 [INFO] PluginManager:220 - loadIPPluginJar : add freertos
2024-12-11 17:22:41,107 [INFO] IPUIPlugin:80 - create IPUIPlugin
2024-12-11 17:22:41,117 [INFO] PluginManager:220 - loadIPPluginJar : add genericplugin
2024-12-11 17:22:41,117 [INFO] IPUIPlugin:80 - create IPUIPlugin
2024-12-11 17:22:41,117 [INFO] PluginManager:220 - loadIPPluginJar : add gfxmmu
2024-12-11 17:22:41,123 [INFO] IPUIPlugin:80 - create IPUIPlugin
2024-12-11 17:22:41,123 [INFO] PluginManager:220 - loadIPPluginJar : add gic
2024-12-11 17:22:41,123 [INFO] IPUIPlugin:80 - create IPUIPlugin
2024-12-11 17:22:41,123 [INFO] PluginManager:220 - loadIPPluginJar : add gpio
2024-12-11 17:22:41,123 [INFO] IPUIPlugin:80 - create IPUIPlugin
2024-12-11 17:22:41,123 [INFO] PluginManager:220 - loadIPPluginJar : add gtzc
2024-12-11 17:22:41,123 [INFO] IPUIPlugin:80 - create IPUIPlugin
2024-12-11 17:22:41,123 [INFO] PluginManager:220 - loadIPPluginJar : add hash
2024-12-11 17:22:41,123 [INFO] IPUIPlugin:80 - create IPUIPlugin
2024-12-11 17:22:41,123 [INFO] PluginManager:220 - loadIPPluginJar : add i2c
2024-12-11 17:22:41,123 [INFO] IPUIPlugin:80 - create IPUIPlugin
2024-12-11 17:22:41,123 [INFO] PluginManager:220 - loadIPPluginJar : add i2s
2024-12-11 17:22:41,123 [INFO] IPUIPlugin:80 - create IPUIPlugin
2024-12-11 17:22:41,123 [INFO] PluginManager:220 - loadIPPluginJar : add i3c
2024-12-11 17:22:41,139 [INFO] IPUIPlugin:80 - create IPUIPlugin
2024-12-11 17:22:41,139 [INFO] PluginManager:220 - loadIPPluginJar : add ipddr
2024-12-11 17:22:41,139 [INFO] IPUIPlugin:80 - create IPUIPlugin
2024-12-11 17:22:41,139 [INFO] PluginManager:220 - loadIPPluginJar : add linkedlist
2024-12-11 17:22:41,139 [INFO] IPUIPlugin:80 - create IPUIPlugin
2024-12-11 17:22:41,139 [INFO] PluginManager:220 - loadIPPluginJar : add lorawan
2024-12-11 17:22:41,139 [INFO] IPUIPlugin:80 - create IPUIPlugin
2024-12-11 17:22:41,139 [INFO] PluginManager:220 - loadIPPluginJar : add ltdc
2024-12-11 17:22:41,154 [INFO] IPUIPlugin:80 - create IPUIPlugin
2024-12-11 17:22:41,154 [INFO] PluginManager:220 - loadIPPluginJar : add mdma
2024-12-11 17:22:41,154 [INFO] IPUIPlugin:80 - create IPUIPlugin
2024-12-11 17:22:41,154 [INFO] PluginManager:220 - loadIPPluginJar : add nvic
2024-12-11 17:22:41,154 [INFO] IPUIPlugin:80 - create IPUIPlugin
2024-12-11 17:22:41,154 [INFO] PluginManager:220 - loadIPPluginJar : add opamp
2024-12-11 17:22:41,154 [INFO] IPUIPlugin:80 - create IPUIPlugin
2024-12-11 17:22:41,154 [INFO] PluginManager:220 - loadIPPluginJar : add openamp
2024-12-11 17:22:41,154 [INFO] IPUIPlugin:80 - create IPUIPlugin
2024-12-11 17:22:41,154 [INFO] PluginManager:220 - loadIPPluginJar : add pdm2pcm
2024-12-11 17:22:41,170 [INFO] IPUIPlugin:80 - create IPUIPlugin
2024-12-11 17:22:41,170 [INFO] PluginManager:220 - loadIPPluginJar : add plateformsettings
2024-12-11 17:22:41,170 [INFO] IPUIPlugin:80 - create IPUIPlugin
2024-12-11 17:22:41,170 [INFO] PluginManager:220 - loadIPPluginJar : add quadspi
2024-12-11 17:22:41,170 [INFO] IPUIPlugin:80 - create IPUIPlugin
2024-12-11 17:22:41,170 [INFO] PluginManager:220 - loadIPPluginJar : add radio
2024-12-11 17:22:41,170 [INFO] IPUIPlugin:80 - create IPUIPlugin
2024-12-11 17:22:41,170 [INFO] PluginManager:220 - loadIPPluginJar : add resmgrutility
2024-12-11 17:22:41,170 [INFO] IPUIPlugin:80 - create IPUIPlugin
2024-12-11 17:22:41,170 [INFO] PluginManager:220 - loadIPPluginJar : add sai
2024-12-11 17:22:41,185 [INFO] IPUIPlugin:80 - create IPUIPlugin
2024-12-11 17:22:41,185 [INFO] PluginManager:220 - loadIPPluginJar : add spi
2024-12-11 17:22:41,185 [INFO] IPUIPlugin:80 - create IPUIPlugin
2024-12-11 17:22:41,185 [INFO] PluginManager:220 - loadIPPluginJar : add stm32_wpan
2024-12-11 17:22:41,185 [INFO] IPUIPlugin:80 - create IPUIPlugin
2024-12-11 17:22:41,185 [INFO] PluginManager:220 - loadIPPluginJar : add tim
2024-12-11 17:22:41,185 [INFO] IPUIPlugin:80 - create IPUIPlugin
2024-12-11 17:22:41,185 [INFO] PluginManager:220 - loadIPPluginJar : add touchsensing
2024-12-11 17:22:41,185 [INFO] IPUIPlugin:80 - create IPUIPlugin
2024-12-11 17:22:41,185 [INFO] PluginManager:220 - loadIPPluginJar : add tracer_emb
2024-12-11 17:22:41,185 [INFO] IPUIPlugin:80 - create IPUIPlugin
2024-12-11 17:22:41,185 [INFO] PluginManager:220 - loadIPPluginJar : add ts
2024-12-11 17:22:41,201 [INFO] IPUIPlugin:80 - create IPUIPlugin
2024-12-11 17:22:41,201 [INFO] PluginManager:220 - loadIPPluginJar : add tsc
2024-12-11 17:22:41,201 [INFO] IPUIPlugin:80 - create IPUIPlugin
2024-12-11 17:22:41,201 [INFO] PluginManager:220 - loadIPPluginJar : add ucpd
2024-12-11 17:22:41,201 [INFO] IPUIPlugin:80 - create IPUIPlugin
2024-12-11 17:22:41,201 [INFO] PluginManager:220 - loadIPPluginJar : add usart
2024-12-11 17:22:41,201 [INFO] IPUIPlugin:80 - create IPUIPlugin
2024-12-11 17:22:41,201 [INFO] PluginManager:220 - loadIPPluginJar : add usbx
2024-12-11 17:22:41,336 [FATAL] Updater:351 - Updater called before beeing initialized
2024-12-11 17:22:41,383 [INFO] RulesReader:64 - Compatibility file has been processed (297 Rules)
2024-12-11 17:22:41,404 [INFO] RulesReader:64 - Compatibility file has been processed (297 Rules)
2024-12-11 17:22:41,418 [INFO] CADModel:165 - CPN selected for project level
2024-12-11 17:22:41,418 [INFO] CADModel:114 - Register for checkConnection events
2024-12-11 17:22:41,418 [FATAL] Updater:351 - Updater called before beeing initialized
2024-12-11 17:22:41,418 [ERROR] CADModel:125 - Updater not yet initialized, retry later 
2024-12-11 17:22:41,545 [FATAL] Updater:351 - Updater called before beeing initialized
2024-12-11 17:22:41,548 [INFO] CADModel:165 - CPN selected for project level
2024-12-11 17:22:41,548 [INFO] CADModel:114 - Register for checkConnection events
2024-12-11 17:22:41,548 [FATAL] Updater:351 - Updater called before beeing initialized
2024-12-11 17:22:41,548 [ERROR] CADModel:125 - Updater not yet initialized, retry later 
2024-12-11 17:22:41,548 [FATAL] Updater:351 - Updater called before beeing initialized
2024-12-11 17:22:41,675 [FATAL] Updater:351 - Updater called before beeing initialized
2024-12-11 17:22:41,675 [INFO] DbMcusAds:53 - JSON generation date=Fri Sep 20 15:04:23 CEST 2024 (1726837463113)
2024-12-11 17:22:41,675 [FATAL] Updater:351 - Updater called before beeing initialized
2024-12-11 17:22:41,706 [WARN] DetailPanel:346 - Failed to get advertising image, set to default
2024-12-11 17:22:41,895 [FATAL] Updater:351 - Updater called before beeing initialized
2024-12-11 17:22:41,895 [FATAL] Updater:351 - Updater called before beeing initialized
2024-12-11 17:22:41,895 [FATAL] Updater:351 - Updater called before beeing initialized
2024-12-11 17:22:41,895 [WARN] DetailPanel:346 - Failed to get advertising image, set to default
2024-12-11 17:22:41,895 [FATAL] Updater:351 - Updater called before beeing initialized
2024-12-11 17:22:41,944 [ERROR] Updater:1198 - MainUpdater not yet initialized. External WinMGr cannot be set.
2024-12-11 17:22:41,944 [INFO] Updater:1134 - Updater Version found : 6.13.0
2024-12-11 17:22:41,960 [INFO] ApplicationProperties:184 - Using Application install path: C:\ST\STM32CubeIDE_1.17.0\STM32CubeIDE\plugins\com.st.stm32cube.common.mx_6.13.0.202411220809
2024-12-11 17:22:43,569 [INFO] ThirdPartyUpdaterWithRetryManager:70 - Updater plugin not ready yet. [2/15]
2024-12-11 17:22:43,570 [ERROR] LogOutputStream:75 - [STDERR_REDIRECT] Dec 11, 2024 5:22:43 PM java.util.prefs.WindowsPreferences <init>
2024-12-11 17:22:43,570 [ERROR] LogOutputStream:75 - [STDERR_REDIRECT] WARNING: Could not open/create prefs root node Software\JavaSoft\Prefs at root 0xffffffff80000002. Windows RegCreateKeyEx(...) returned error code 5.
2024-12-11 17:22:43,570 [ERROR] LogOutputStream:75 - [STDERR_REDIRECT] 
2024-12-11 17:22:44,459 [INFO] MainUpdater:2872 - connection check result : 10
2024-12-11 17:22:44,459 [INFO] MainUpdater:289 - Updater Check For Update Now.
2024-12-11 17:22:44,459 [INFO] MicroXplorer:498 - Change Database Version : DB.6.0.130
2024-12-11 17:22:44,479 [INFO] McuFinderGlobals:63 - Set McuFinder mode to 2 (CubeIDE integrated)
2024-12-11 17:22:44,479 [INFO] UserAuth:486 - Internet connection configuration mode: 1
2024-12-11 17:22:44,516 [INFO] JxBrowserEngine:152 - Initiate JxBrowser Engine with user profile folder
2024-12-11 17:22:44,650 [INFO] CheckServerUpdateThread:120 - End of CheckServer Thread
2024-12-11 17:22:45,131 [INFO] WebApp:168 - Instantiating new browser for Auth
2024-12-11 17:22:45,809 [INFO] WebApp:449 - Apply proxy settings
2024-12-11 17:22:45,809 [INFO] WebApp:534 - Chromium requires no authentication
2024-12-11 17:22:45,825 [INFO] WebApp:477 - Direct internet connection detected
2024-12-11 17:22:45,839 [INFO] WebApp:880 - Register for checkConnection events
2024-12-11 17:22:45,839 [INFO] WebApp:449 - Apply proxy settings
2024-12-11 17:22:45,839 [INFO] WebApp:534 - Chromium requires no authentication
2024-12-11 17:22:45,839 [INFO] WebApp:477 - Direct internet connection detected
2024-12-11 17:22:45,959 [INFO] WebApp:221 - Starting web application
2024-12-11 17:22:45,959 [INFO] WebApp:579 - Web application path used C:\ST\STM32CubeIDE_1.17.0\STM32CubeIDE\plugins\com.st.stm32cube.common.mx_6.13.0.202411220809\db\plugins\mcufinder\reactClient1\index.html
2024-12-11 17:22:46,024 [INFO] UserAuth:486 - Internet connection configuration mode: 1
2024-12-11 17:22:46,351 [INFO] WebApp:187 - Connection restablished
2024-12-11 17:22:46,733 [WARN] PackLoader:240 - Cannot read IP mode file for STMicroelectronics.FP-SNS-MOTENVWB1.1.4.0
2024-12-11 17:22:46,741 [WARN] PackLoader:240 - Cannot read IP mode file for STMicroelectronics.FP-ATR-ASTRA1.2.0.1
2024-12-11 17:22:46,749 [WARN] PackLoader:240 - Cannot read IP mode file for STMicroelectronics.X-CUBE-SMBUS.2.1.0
2024-12-11 17:22:46,755 [WARN] PackLoader:240 - Cannot read IP mode file for STMicroelectronics.X-CUBE-WB05N.1.1.0
2024-12-11 17:22:46,782 [WARN] PackLoader:240 - Cannot read IP mode file for STMicroelectronics.X-CUBE-AZRTOS-F7.1.1.0
2024-12-11 17:22:46,841 [WARN] PackLoader:240 - Cannot read IP mode file for STMicroelectronics.X-CUBE-MEMS1.11.0.0
2024-12-11 17:22:46,985 [WARN] PackLoader:240 - Cannot read IP mode file for STMicroelectronics.FP-SNS-FLIGHT1.5.0.2
2024-12-11 17:22:46,997 [WARN] PackLoader:240 - Cannot read IP mode file for Infineon.AIROC-Wi-Fi-Bluetooth-STM32.1.7.0
2024-12-11 17:22:47,004 [WARN] PackLoader:240 - Cannot read IP mode file for STMicroelectronics.X-CUBE-DISPLAY.3.0.0
2024-12-11 17:22:47,013 [WARN] PackLoader:240 - Cannot read IP mode file for STMicroelectronics.X-CUBE-BLE1.7.0.0
2024-12-11 17:22:47,017 [WARN] PackLoader:240 - Cannot read IP mode file for STMicroelectronics.X-CUBE-NFC10.1.0.0
2024-12-11 17:22:47,023 [WARN] PackLoader:240 - Cannot read IP mode file for STMicroelectronics.X-CUBE-BLEMGR.4.0.0
2024-12-11 17:22:47,028 [WARN] PackLoader:240 - Cannot read IP mode file for emotas.I-CUBE-CANOPEN.1.3.0
2024-12-11 17:22:47,033 [WARN] PackLoader:240 - Cannot read IP mode file for STMicroelectronics.X-CUBE-BLEMGR.3.1.0
2024-12-11 17:22:47,036 [WARN] PackLoader:240 - Cannot read IP mode file for STMicroelectronics.FP-SNS-SMARTAG2.1.2.0
2024-12-11 17:22:47,042 [INFO] LogOutputStream:77 - [STDOUT_REDIRECT] 1 : Invalid condition id : UX_CORESTACK_Condition cause : null
2024-12-11 17:22:47,044 [INFO] LogOutputStream:77 - [STDOUT_REDIRECT] 1 : Invalid condition id : UX_CORESTACK_Condition cause : null
2024-12-11 17:22:47,045 [INFO] LogOutputStream:77 - [STDOUT_REDIRECT] 1 : Invalid condition id : UX_CORESTACK_Condition cause : null
2024-12-11 17:22:47,047 [INFO] LogOutputStream:77 - [STDOUT_REDIRECT] 1 : Invalid condition id : UX_CORESTACK_Condition cause : null
2024-12-11 17:22:47,048 [INFO] LogOutputStream:77 - [STDOUT_REDIRECT] 1 : Invalid condition id : UX_CORESTACK_Condition cause : null
2024-12-11 17:22:47,050 [WARN] PackLoader:240 - Cannot read IP mode file for STMicroelectronics.X-CUBE-AZRTOS-WL.2.0.0
2024-12-11 17:22:47,053 [WARN] PackLoader:240 - Cannot read IP mode file for STMicroelectronics.FP-SNS-MOTENV1.5.0.0
2024-12-11 17:22:47,057 [WARN] PackLoader:240 - Cannot read IP mode file for wolfSSL.I-CUBE-wolfMQTT.1.19.0
2024-12-11 17:22:47,066 [WARN] PackLoader:240 - Cannot read IP mode file for WES.I-CUBE-Cesium.1.3.0
2024-12-11 17:22:47,069 [WARN] PackLoader:240 - Cannot read IP mode file for STMicroelectronics.X-CUBE-BLE2.3.3.0
2024-12-11 17:22:47,073 [WARN] PackLoader:240 - Cannot read IP mode file for STMicroelectronics.X-CUBE-NFC9.1.0.0
2024-12-11 17:22:47,077 [WARN] PackLoader:240 - Cannot read IP mode file for STMicroelectronics.X-CUBE-TCPP.4.1.0
2024-12-11 17:22:47,086 [WARN] PackLoader:240 - Cannot read IP mode file for STMicroelectronics.X-CUBE-AZRTOS-G0.1.1.0
2024-12-11 17:22:47,091 [WARN] PackLoader:240 - Cannot read IP mode file for STMicroelectronics.X-CUBE-SAFEA1.1.2.2
2024-12-11 17:22:47,096 [WARN] PackLoader:240 - Cannot read IP mode file for STMicroelectronics.X-CUBE-NFC4.3.0.0
2024-12-11 17:22:47,102 [WARN] PackLoader:240 - Cannot read IP mode file for EmbeddedOffice.I-CUBE-FS-RTOS.1.0.1
2024-12-11 17:22:47,106 [WARN] PackLoader:240 - Cannot read IP mode file for RealThread.X-CUBE-RT-Thread_Nano.4.1.1
2024-12-11 17:22:47,110 [WARN] PackLoader:240 - Cannot read IP mode file for STMicroelectronics.FP-ATR-SIGFOX1.3.2.0
2024-12-11 17:22:47,112 [WARN] ConditionMgr:438 - getConditionDescription Invalid condition id : Cortex-A Device cause : null
2024-12-11 17:22:47,126 [WARN] ConditionMgr:1044 - genDependencies : Invalid condition id : Cortex-A Device cause : null
2024-12-11 17:22:47,126 [WARN] ConditionMgr:1044 - genDependencies : Invalid condition id : Cortex-A Device cause : null
2024-12-11 17:22:47,126 [WARN] ConditionMgr:1044 - genDependencies : Invalid condition id : Cortex-A Device cause : null
2024-12-11 17:22:47,130 [WARN] PackLoader:240 - Cannot read IP mode file for STMicroelectronics.X-CUBE-EEPRMA1.5.1.0
2024-12-11 17:22:47,135 [WARN] PackLoader:240 - Cannot read IP mode file for wolfSSL.I-CUBE-wolfSSL.5.7.4
2024-12-11 17:22:47,139 [WARN] PackLoader:240 - Cannot read IP mode file for ITTIA_DB.I-CUBE-ITTIADB.8.9.0
2024-12-11 17:22:47,156 [WARN] PackLoader:240 - Cannot read IP mode file for SEGGER.I-CUBE-embOS.1.3.1
2024-12-11 17:22:47,178 [WARN] PackLoader:240 - Cannot read IP mode file for STMicroelectronics.X-CUBE-ALGOBUILD.1.4.0
2024-12-11 17:22:47,186 [WARN] PackLoader:240 - Cannot read IP mode file for STMicroelectronics.X-CUBE-AI.9.1.0
2024-12-11 17:22:47,195 [WARN] PackLoader:240 - Cannot read IP mode file for STMicroelectronics.X-CUBE-AZRTOS-F4.1.1.0
2024-12-11 17:22:47,199 [WARN] PackLoader:240 - Cannot read IP mode file for STMicroelectronics.X-CUBE-ISPU.2.1.0
2024-12-11 17:22:47,203 [WARN] PackLoader:240 - Cannot read IP mode file for STMicroelectronics.X-CUBE-FREERTOS.1.2.0
2024-12-11 17:22:47,212 [WARN] PackLoader:240 - Cannot read IP mode file for STMicroelectronics.X-CUBE-AZRTOS-L5.2.0.0
2024-12-11 17:22:47,217 [WARN] PackLoader:240 - Cannot read IP mode file for STMicroelectronics.X-CUBE-NFC6.3.1.0
2024-12-11 17:22:47,221 [WARN] PackLoader:240 - Cannot read IP mode file for STMicroelectronics.X-CUBE-DPower.1.2.0
2024-12-11 17:22:47,224 [WARN] PackLoader:240 - Cannot read IP mode file for STMicroelectronics.X-CUBE-FREERTOS.1.3.0
2024-12-11 17:22:47,228 [WARN] PackLoader:240 - Cannot read IP mode file for STMicroelectronics.X-CUBE-NFC7.1.0.1
2024-12-11 17:22:47,237 [WARN] ConditionMgr:438 - getConditionDescription Invalid condition id : LAN8742 Phy interface Condition cause : null
2024-12-11 17:22:47,238 [WARN] PackLoader:240 - Cannot read IP mode file for STMicroelectronics.X-CUBE-AZRTOS-L4.2.0.0
2024-12-11 17:22:47,238 [WARN] ConditionMgr:1044 - genDependencies : Invalid condition id : LAN8742 Phy interface Condition cause : null
2024-12-11 17:22:47,239 [WARN] ConditionMgr:1044 - genDependencies : Invalid condition id : LAN8742 Phy interface Condition cause : null
2024-12-11 17:22:47,239 [WARN] ConditionMgr:1044 - genDependencies : Invalid condition id : LAN8742 Phy interface Condition cause : null
2024-12-11 17:22:47,244 [WARN] PackLoader:240 - Cannot read IP mode file for STMicroelectronics.X-CUBE-SFXS2LP1.4.0.0
2024-12-11 17:22:47,255 [WARN] PackLoader:240 - Cannot read IP mode file for STMicroelectronics.X-CUBE-AZRTOS-H7.3.3.0
2024-12-11 17:22:47,266 [WARN] PackLoader:240 - Cannot read IP mode file for STMicroelectronics.X-CUBE-IPS.3.0.0
2024-12-11 17:22:47,276 [WARN] ConditionMgr:438 - getConditionDescription Invalid condition id : UX DEVICE CLASS RTOS Condition cause : null
2024-12-11 17:22:47,277 [WARN] ConditionMgr:438 - getConditionDescription Invalid condition id : UX DEVICE CLASS RTOS Condition cause : null
2024-12-11 17:22:47,278 [WARN] PackLoader:240 - Cannot read IP mode file for STMicroelectronics.X-CUBE-AZRTOS-WB.2.0.0
2024-12-11 17:22:47,278 [WARN] ConditionMgr:1044 - genDependencies : Invalid condition id : UX DEVICE CLASS RTOS Condition cause : null
2024-12-11 17:22:47,278 [WARN] ConditionMgr:1044 - genDependencies : Invalid condition id : UX DEVICE CLASS RTOS Condition cause : null
2024-12-11 17:22:47,279 [WARN] ConditionMgr:1044 - genDependencies : Invalid condition id : UX DEVICE CLASS RTOS Condition cause : null
2024-12-11 17:22:47,279 [WARN] ConditionMgr:1044 - genDependencies : Invalid condition id : UX DEVICE CLASS RTOS Condition cause : null
2024-12-11 17:22:47,279 [WARN] ConditionMgr:1044 - genDependencies : Invalid condition id : UX DEVICE CLASS RTOS Condition cause : null
2024-12-11 17:22:47,284 [WARN] PackLoader:240 - Cannot read IP mode file for STMicroelectronics.X-CUBE-GNSS1.7.0.0
2024-12-11 17:22:47,290 [WARN] PackLoader:240 - Cannot read IP mode file for STMicroelectronics.FP-SNS-STBOX1.2.0.0
2024-12-11 17:22:47,298 [WARN] PackLoader:240 - Cannot read IP mode file for STMicroelectronics.X-CUBE-SUBG2.5.0.0
2024-12-11 17:22:47,304 [WARN] PackLoader:240 - Cannot read IP mode file for Cesanta.I-CUBE-Mongoose.7.13.0
2024-12-11 17:22:47,312 [WARN] PackLoader:240 - Cannot read IP mode file for STMicroelectronics.X-CUBE-AZRTOS-G4.2.0.0
2024-12-11 17:22:47,316 [WARN] PackLoader:240 - Cannot read IP mode file for STMicroelectronics.X-CUBE-ALS.1.0.2
2024-12-11 17:22:47,322 [WARN] PackLoader:240 - Cannot read IP mode file for STMicroelectronics.X-CUBE-TOUCHGFX.4.24.1
2024-12-11 17:22:47,325 [WARN] PackLoader:240 - Cannot read IP mode file for wolfSSL.I-CUBE-wolfTPM.3.4.0
2024-12-11 17:22:47,329 [WARN] PackLoader:240 - Cannot read IP mode file for portGmbH.I-Cube-SoM-uGOAL.1.1.0
2024-12-11 17:22:47,338 [WARN] PackLoader:240 - Cannot read IP mode file for STMicroelectronics.X-CUBE-AZRTOS-H7RS.1.0.0
2024-12-11 17:22:47,350 [WARN] PackLoader:240 - Cannot read IP mode file for STMicroelectronics.X-CUBE-TOF1.3.4.2
2024-12-11 17:22:47,364 [WARN] PackLoader:240 - Cannot read IP mode file for wolfSSL.I-CUBE-wolfSSH.1.4.17
2024-12-11 17:22:47,365 [INFO] ThirdParty:978 - Integrity check success = true
2024-12-11 17:22:47,365 [INFO] IntegrityCheckThread:100 - exiting critical section [integrity check]
2024-12-11 17:22:47,365 [INFO] IntegrityCheckThread:103 - End integrity checks thread
2024-12-11 17:27:56,475 [ERROR] LogOutputStream:75 - [STDERR_REDIRECT] 
2024-12-11 17:27:56,475 [ERROR] LogOutputStream:75 - [STDERR_REDIRECT] 
2024-12-11 17:28:03,431 [INFO] Activator:176 - 


2024-12-11 17:28:03,432 [INFO] Activator:177 - !SESSION log4j initialized
2024-12-11 17:28:08,372 [INFO] LogOutputStream:77 - [STDOUT_REDIRECT] 
2024-12-11 17:28:09,283 [INFO] ApplicationProperties:184 - Using Application install path: C:\ST\STM32CubeIDE_1.17.0\STM32CubeIDE\plugins\com.st.stm32cube.common.mx_6.13.0.202411220809
2024-12-11 17:28:09,299 [INFO] DbMcusXml:78 - Set database path to: C:\ST\STM32CubeIDE_1.17.0\STM32CubeIDE\plugins\com.st.stm32cube.common.mx_6.13.0.202411220809\\db\/mcu/
2024-12-11 17:28:09,299 [INFO] ApiDb:274 - Set plugin database path to: C:\ST\STM32CubeIDE_1.17.0\STM32CubeIDE\plugins\com.st.stm32cube.common.mx_6.13.0.202411220809\\db\/plugins/boardmanager/
2024-12-11 17:28:09,299 [WARN] ApiDb:259 - Overriding images path with different value:  => C:\ST\STM32CubeIDE_1.17.0\STM32CubeIDE\plugins\com.st.stm32cube.common.mx_6.13.0.202411220809\\db\/plugins/mcufinder/images/
2024-12-11 17:28:09,304 [INFO] ApiDb:250 - Set database path to: C:\Users\ZOJOLDRI\.stmcufinder\plugins\mcufinder//mcu/
2024-12-11 17:28:09,305 [INFO] DbMcusAds:125 - Set database path to: C:\Users\ZOJOLDRI\.stmcufinder\plugins\mcufinder//mcu/
2024-12-11 17:28:09,307 [INFO] CrossReferenceDbSqlite:203 - Set database path to: C:\Users\ZOJOLDRI\.stmcufinder\plugins\mcufinder//mcu/cs/
2024-12-11 17:28:09,393 [INFO] RulesReader:64 - Compatibility file has been processed (297 Rules)
2024-12-11 17:28:09,486 [INFO] DbMcusXml:78 - Set database path to: C:\ST\STM32CubeIDE_1.17.0\STM32CubeIDE\plugins\com.st.stm32cube.common.mx_6.13.0.202411220809\\db\/mcu/
2024-12-11 17:28:09,486 [INFO] ApiDb:274 - Set plugin database path to: C:\ST\STM32CubeIDE_1.17.0\STM32CubeIDE\plugins\com.st.stm32cube.common.mx_6.13.0.202411220809\\db\/plugins/boardmanager/
2024-12-11 17:28:09,487 [INFO] ApiDb:261 - Set plugin images path to: C:\ST\STM32CubeIDE_1.17.0\STM32CubeIDE\plugins\com.st.stm32cube.common.mx_6.13.0.202411220809\\db\/plugins/mcufinder/images/
2024-12-11 17:28:09,487 [WARN] DbFile:41 - Overriding database path with different value: C:\Users\ZOJOLDRI\.stmcufinder\plugins\mcufinder/ => C:\Users\ZOJOLDRI\.stmcufinder\plugins\mcufinder
2024-12-11 17:28:09,487 [INFO] ApiDb:250 - Set database path to: C:\Users\ZOJOLDRI\.stmcufinder\plugins\mcufinder//mcu/
2024-12-11 17:28:09,487 [WARN] DbFile:41 - Overriding database path with different value: C:\Users\ZOJOLDRI\.stmcufinder\plugins\mcufinder/ => C:\Users\ZOJOLDRI\.stmcufinder\plugins\mcufinder
2024-12-11 17:28:09,487 [INFO] DbMcusAds:125 - Set database path to: C:\Users\ZOJOLDRI\.stmcufinder\plugins\mcufinder//mcu/
2024-12-11 17:28:09,487 [WARN] DbFile:41 - Overriding database path with different value: C:\Users\ZOJOLDRI\.stmcufinder\plugins\mcufinder/ => C:\Users\ZOJOLDRI\.stmcufinder\plugins\mcufinder
2024-12-11 17:28:09,487 [WARN] DbFile:41 - Overriding database path with different value: C:\Users\ZOJOLDRI\.stmcufinder\plugins\mcufinder/ => C:\Users\ZOJOLDRI\.stmcufinder\plugins\mcufinder
2024-12-11 17:28:09,487 [INFO] CrossReferenceDbSqlite:203 - Set database path to: C:\Users\ZOJOLDRI\.stmcufinder\plugins\mcufinder//mcu/cs/
2024-12-11 17:28:09,554 [INFO] MainPanel:272 - HeapMemory: 268435456
2024-12-11 17:28:09,621 [INFO] DbMcusXml:78 - Set database path to: C:\ST\STM32CubeIDE_1.17.0\STM32CubeIDE\plugins\com.st.stm32cube.common.mx_6.13.0.202411220809\\db\/mcu/
2024-12-11 17:28:09,622 [INFO] ApiDb:274 - Set plugin database path to: C:\ST\STM32CubeIDE_1.17.0\STM32CubeIDE\plugins\com.st.stm32cube.common.mx_6.13.0.202411220809\\db\/plugins/boardmanager/
2024-12-11 17:28:09,622 [INFO] ApiDb:261 - Set plugin images path to: C:\ST\STM32CubeIDE_1.17.0\STM32CubeIDE\plugins\com.st.stm32cube.common.mx_6.13.0.202411220809\\db\/plugins/mcufinder/images/
2024-12-11 17:28:09,622 [WARN] DbFile:41 - Overriding database path with different value: C:\Users\ZOJOLDRI\.stmcufinder\plugins\mcufinder/ => C:\Users\ZOJOLDRI\.stmcufinder\plugins\mcufinder
2024-12-11 17:28:09,622 [INFO] ApiDb:250 - Set database path to: C:\Users\ZOJOLDRI\.stmcufinder\plugins\mcufinder//mcu/
2024-12-11 17:28:09,623 [WARN] DbFile:41 - Overriding database path with different value: C:\Users\ZOJOLDRI\.stmcufinder\plugins\mcufinder/ => C:\Users\ZOJOLDRI\.stmcufinder\plugins\mcufinder
2024-12-11 17:28:09,623 [INFO] DbMcusAds:125 - Set database path to: C:\Users\ZOJOLDRI\.stmcufinder\plugins\mcufinder//mcu/
2024-12-11 17:28:09,623 [WARN] DbFile:41 - Overriding database path with different value: C:\Users\ZOJOLDRI\.stmcufinder\plugins\mcufinder/ => C:\Users\ZOJOLDRI\.stmcufinder\plugins\mcufinder
2024-12-11 17:28:09,623 [WARN] DbFile:41 - Overriding database path with different value: C:\Users\ZOJOLDRI\.stmcufinder\plugins\mcufinder/ => C:\Users\ZOJOLDRI\.stmcufinder\plugins\mcufinder
2024-12-11 17:28:09,623 [INFO] CrossReferenceDbSqlite:203 - Set database path to: C:\Users\ZOJOLDRI\.stmcufinder\plugins\mcufinder//mcu/cs/
2024-12-11 17:28:09,642 [INFO] ApplicationProperties:184 - Using Application install path: C:\ST\STM32CubeIDE_1.17.0\STM32CubeIDE\plugins\com.st.stm32cube.common.mx_6.13.0.202411220809
2024-12-11 17:28:09,643 [INFO] PluginManage:196 - Search for loadable plugins [exclusion list=, ]
2024-12-11 17:28:09,645 [INFO] PluginManage:310 - Check plugin analytics
2024-12-11 17:28:09,841 [INFO] AnalyticsPlugin:253 - Accepted Software Licenses: 
2024-12-11 17:28:09,842 [INFO] AnalyticsPlugin:255 - Accepted CMSIS Pack Licenses: 
2024-12-11 17:28:09,842 [INFO] AnalyticsPlugin:257 - Accepted Firmware Licenses: FW.L4.1.18.0
2024-12-11 17:28:09,846 [INFO] PluginManage:359 - Loaded plugin analytics (category:tool,tabindex:-1)
2024-12-11 17:28:09,847 [INFO] PluginManage:310 - Check plugin cadmodel
2024-12-11 17:28:09,851 [INFO] CADModel:105 - Init CAD model plugin
2024-12-11 17:28:09,852 [INFO] PluginManage:359 - Loaded plugin cadmodel (category:power,tabindex:5)
2024-12-11 17:28:09,852 [INFO] PluginManage:310 - Check plugin clock
2024-12-11 17:28:09,859 [INFO] PluginManage:359 - Loaded plugin clock (category:base,tabindex:2)
2024-12-11 17:28:09,859 [INFO] PluginManage:310 - Check plugin ddr
2024-12-11 17:28:09,860 [INFO] PluginManage:359 - Loaded plugin ddr (category:tool,tabindex:6)
2024-12-11 17:28:09,861 [INFO] PluginManage:310 - Check plugin filemanager
2024-12-11 17:28:09,976 [INFO] PluginManage:359 - Loaded plugin filemanager (category:base,tabindex:10)
2024-12-11 17:28:09,977 [INFO] PluginManage:310 - Check plugin ipmanager
2024-12-11 17:28:09,984 [INFO] PluginManage:359 - Loaded plugin ipmanager (category:base,tabindex:5)
2024-12-11 17:28:09,984 [INFO] PluginManage:310 - Check plugin lpbam
2024-12-11 17:28:09,991 [INFO] PluginManage:359 - Loaded plugin lpbam (category:base,tabindex:0)
2024-12-11 17:28:09,992 [INFO] PluginManage:310 - Check plugin memorymap
2024-12-11 17:28:10,000 [INFO] PluginManage:359 - Loaded plugin memorymap (category:base,tabindex:4)
2024-12-11 17:28:10,000 [INFO] PluginManage:310 - Check plugin pinoutandconfiguration
2024-12-11 17:28:10,008 [INFO] PluginManage:359 - Loaded plugin pinoutandconfiguration (category:base,tabindex:1)
2024-12-11 17:28:10,008 [INFO] PluginManage:310 - Check plugin pinoutconfig
2024-12-11 17:28:10,098 [WARN] SupportedApi:132 - Cannot load RTOS API schema: s4s-elt-must-match.1: The content of 'definitions' must match (annotation?, (simpleType | complexType)?, (unique | key | keyref)*)). A problem was found starting at: attribute.
2024-12-11 17:28:10,214 [INFO] PluginManage:359 - Loaded plugin pinoutconfig (category:base,tabindex:0)
2024-12-11 17:28:10,214 [INFO] PluginManage:310 - Check plugin power
2024-12-11 17:28:10,220 [INFO] PluginManage:359 - Loaded plugin power (category:power,tabindex:4)
2024-12-11 17:28:10,220 [INFO] PluginManage:310 - Check plugin projectmanager
2024-12-11 17:28:10,234 [INFO] PluginManage:359 - Loaded plugin projectmanager (category:projectmanager,tabindex:4)
2024-12-11 17:28:10,234 [INFO] PluginManage:310 - Check plugin rif
2024-12-11 17:28:10,239 [INFO] PluginManage:359 - Loaded plugin rif (category:base,tabindex:3)
2024-12-11 17:28:10,239 [INFO] PluginManage:310 - Check plugin thirdparty
2024-12-11 17:28:10,361 [WARN] IntegrityCheckThread:84 - waiting for thirdparty lock release [integrity check]
2024-12-11 17:28:10,362 [INFO] IntegrityCheckThread:86 - entering critical section [integrity check]
2024-12-11 17:28:10,362 [INFO] PluginManage:359 - Loaded plugin thirdparty (category:base,tabindex:-1)
2024-12-11 17:28:10,362 [INFO] PluginManage:310 - Check plugin tools
2024-12-11 17:28:10,362 [INFO] ThirdPartyUpdaterWithRetryManager:70 - Updater plugin not ready yet. [1/15]
2024-12-11 17:28:10,365 [INFO] PluginManage:359 - Loaded plugin tools (category:base,tabindex:7)
2024-12-11 17:28:10,365 [INFO] PluginManage:310 - Check plugin tutovideos
2024-12-11 17:28:10,504 [INFO] PluginManage:359 - Loaded plugin tutovideos (category:base,tabindex:-1)
2024-12-11 17:28:10,505 [INFO] PluginManage:310 - Check plugin updater
2024-12-11 17:28:10,525 [INFO] PluginManage:359 - Loaded plugin updater (category:base,tabindex:12)
2024-12-11 17:28:10,525 [INFO] PluginManage:310 - Check plugin userauth
2024-12-11 17:28:10,529 [INFO] UserAuth:118 - Init User Auth plugin
2024-12-11 17:28:10,531 [INFO] PluginManage:359 - Loaded plugin userauth (category:base,tabindex:14)
2024-12-11 17:28:10,533 [INFO] PluginManage:283 - PluginManage : Loaded plugins [18]
2024-12-11 17:28:10,724 [INFO] PinOutPanel:1589 - setPackage(No Configuration,No Configuration)
2024-12-11 17:28:10,807 [INFO] CADModel:165 - CPN selected for project level
2024-12-11 17:28:10,808 [INFO] CADModel:114 - Register for checkConnection events
2024-12-11 17:28:10,824 [INFO] IPUIPlugin:80 - create IPUIPlugin
2024-12-11 17:28:10,825 [INFO] PluginManager:220 - loadIPPluginJar : add adc
2024-12-11 17:28:10,827 [INFO] IPUIPlugin:80 - create IPUIPlugin
2024-12-11 17:28:10,827 [INFO] PluginManager:220 - loadIPPluginJar : add aes
2024-12-11 17:28:10,829 [INFO] IPUIPlugin:80 - create IPUIPlugin
2024-12-11 17:28:10,829 [INFO] PluginManager:220 - loadIPPluginJar : add can
2024-12-11 17:28:10,831 [INFO] IPUIPlugin:80 - create IPUIPlugin
2024-12-11 17:28:10,831 [INFO] PluginManager:220 - loadIPPluginJar : add comp
2024-12-11 17:28:10,832 [INFO] IPUIPlugin:80 - create IPUIPlugin
2024-12-11 17:28:10,833 [INFO] PluginManager:220 - loadIPPluginJar : add cryp
2024-12-11 17:28:10,834 [INFO] IPUIPlugin:80 - create IPUIPlugin
2024-12-11 17:28:10,835 [INFO] PluginManager:220 - loadIPPluginJar : add ddr_ctrl_phy
2024-12-11 17:28:10,837 [INFO] IPUIPlugin:80 - create IPUIPlugin
2024-12-11 17:28:10,837 [INFO] PluginManager:220 - loadIPPluginJar : add dfsdm
2024-12-11 17:28:10,842 [INFO] IPUIPlugin:80 - create IPUIPlugin
2024-12-11 17:28:10,843 [INFO] PluginManager:220 - loadIPPluginJar : add dma
2024-12-11 17:28:10,845 [INFO] IPUIPlugin:80 - create IPUIPlugin
2024-12-11 17:28:10,845 [INFO] PluginManager:220 - loadIPPluginJar : add dma3
2024-12-11 17:28:10,847 [INFO] IPUIPlugin:80 - create IPUIPlugin
2024-12-11 17:28:10,847 [INFO] PluginManager:220 - loadIPPluginJar : add extmemmanager
2024-12-11 17:28:10,849 [INFO] IPUIPlugin:80 - create IPUIPlugin
2024-12-11 17:28:10,849 [INFO] PluginManager:220 - loadIPPluginJar : add fatfs
2024-12-11 17:28:10,853 [INFO] IPUIPlugin:80 - create IPUIPlugin
2024-12-11 17:28:10,853 [INFO] PluginManager:220 - loadIPPluginJar : add fmc
2024-12-11 17:28:10,857 [INFO] IPUIPlugin:80 - create IPUIPlugin
2024-12-11 17:28:10,858 [INFO] PluginManager:220 - loadIPPluginJar : add freertos
2024-12-11 17:28:10,859 [INFO] IPUIPlugin:80 - create IPUIPlugin
2024-12-11 17:28:10,859 [INFO] PluginManager:220 - loadIPPluginJar : add genericplugin
2024-12-11 17:28:10,860 [INFO] IPUIPlugin:80 - create IPUIPlugin
2024-12-11 17:28:10,860 [INFO] PluginManager:220 - loadIPPluginJar : add gfxmmu
2024-12-11 17:28:10,864 [INFO] IPUIPlugin:80 - create IPUIPlugin
2024-12-11 17:28:10,864 [INFO] PluginManager:220 - loadIPPluginJar : add gic
2024-12-11 17:28:10,867 [INFO] IPUIPlugin:80 - create IPUIPlugin
2024-12-11 17:28:10,867 [INFO] PluginManager:220 - loadIPPluginJar : add gpio
2024-12-11 17:28:10,869 [INFO] IPUIPlugin:80 - create IPUIPlugin
2024-12-11 17:28:10,869 [INFO] PluginManager:220 - loadIPPluginJar : add gtzc
2024-12-11 17:28:10,870 [INFO] IPUIPlugin:80 - create IPUIPlugin
2024-12-11 17:28:10,870 [INFO] PluginManager:220 - loadIPPluginJar : add hash
2024-12-11 17:28:10,872 [INFO] IPUIPlugin:80 - create IPUIPlugin
2024-12-11 17:28:10,872 [INFO] PluginManager:220 - loadIPPluginJar : add i2c
2024-12-11 17:28:10,874 [INFO] IPUIPlugin:80 - create IPUIPlugin
2024-12-11 17:28:10,875 [INFO] PluginManager:220 - loadIPPluginJar : add i2s
2024-12-11 17:28:10,877 [INFO] IPUIPlugin:80 - create IPUIPlugin
2024-12-11 17:28:10,877 [INFO] PluginManager:220 - loadIPPluginJar : add i3c
2024-12-11 17:28:10,880 [INFO] IPUIPlugin:80 - create IPUIPlugin
2024-12-11 17:28:10,880 [INFO] PluginManager:220 - loadIPPluginJar : add ipddr
2024-12-11 17:28:10,885 [INFO] IPUIPlugin:80 - create IPUIPlugin
2024-12-11 17:28:10,886 [INFO] PluginManager:220 - loadIPPluginJar : add linkedlist
2024-12-11 17:28:10,888 [INFO] IPUIPlugin:80 - create IPUIPlugin
2024-12-11 17:28:10,888 [INFO] PluginManager:220 - loadIPPluginJar : add lorawan
2024-12-11 17:28:10,889 [INFO] IPUIPlugin:80 - create IPUIPlugin
2024-12-11 17:28:10,889 [INFO] PluginManager:220 - loadIPPluginJar : add ltdc
2024-12-11 17:28:10,894 [INFO] IPUIPlugin:80 - create IPUIPlugin
2024-12-11 17:28:10,894 [INFO] PluginManager:220 - loadIPPluginJar : add mdma
2024-12-11 17:28:10,897 [INFO] IPUIPlugin:80 - create IPUIPlugin
2024-12-11 17:28:10,897 [INFO] PluginManager:220 - loadIPPluginJar : add nvic
2024-12-11 17:28:10,899 [INFO] IPUIPlugin:80 - create IPUIPlugin
2024-12-11 17:28:10,900 [INFO] PluginManager:220 - loadIPPluginJar : add opamp
2024-12-11 17:28:10,902 [INFO] IPUIPlugin:80 - create IPUIPlugin
2024-12-11 17:28:10,902 [INFO] PluginManager:220 - loadIPPluginJar : add openamp
2024-12-11 17:28:10,904 [INFO] IPUIPlugin:80 - create IPUIPlugin
2024-12-11 17:28:10,904 [INFO] PluginManager:220 - loadIPPluginJar : add pdm2pcm
2024-12-11 17:28:10,908 [INFO] IPUIPlugin:80 - create IPUIPlugin
2024-12-11 17:28:10,910 [INFO] PluginManager:220 - loadIPPluginJar : add plateformsettings
2024-12-11 17:28:10,911 [INFO] IPUIPlugin:80 - create IPUIPlugin
2024-12-11 17:28:10,911 [INFO] PluginManager:220 - loadIPPluginJar : add quadspi
2024-12-11 17:28:10,912 [INFO] IPUIPlugin:80 - create IPUIPlugin
2024-12-11 17:28:10,912 [INFO] PluginManager:220 - loadIPPluginJar : add radio
2024-12-11 17:28:10,914 [INFO] IPUIPlugin:80 - create IPUIPlugin
2024-12-11 17:28:10,915 [INFO] PluginManager:220 - loadIPPluginJar : add resmgrutility
2024-12-11 17:28:10,916 [INFO] IPUIPlugin:80 - create IPUIPlugin
2024-12-11 17:28:10,917 [INFO] PluginManager:220 - loadIPPluginJar : add sai
2024-12-11 17:28:10,918 [INFO] IPUIPlugin:80 - create IPUIPlugin
2024-12-11 17:28:10,918 [INFO] PluginManager:220 - loadIPPluginJar : add spi
2024-12-11 17:28:10,922 [INFO] IPUIPlugin:80 - create IPUIPlugin
2024-12-11 17:28:10,922 [INFO] PluginManager:220 - loadIPPluginJar : add stm32_wpan
2024-12-11 17:28:10,924 [INFO] IPUIPlugin:80 - create IPUIPlugin
2024-12-11 17:28:10,924 [INFO] PluginManager:220 - loadIPPluginJar : add tim
2024-12-11 17:28:10,926 [INFO] IPUIPlugin:80 - create IPUIPlugin
2024-12-11 17:28:10,926 [INFO] PluginManager:220 - loadIPPluginJar : add touchsensing
2024-12-11 17:28:10,927 [INFO] IPUIPlugin:80 - create IPUIPlugin
2024-12-11 17:28:10,927 [INFO] PluginManager:220 - loadIPPluginJar : add tracer_emb
2024-12-11 17:28:10,928 [INFO] IPUIPlugin:80 - create IPUIPlugin
2024-12-11 17:28:10,928 [INFO] PluginManager:220 - loadIPPluginJar : add ts
2024-12-11 17:28:10,930 [INFO] IPUIPlugin:80 - create IPUIPlugin
2024-12-11 17:28:10,930 [INFO] PluginManager:220 - loadIPPluginJar : add tsc
2024-12-11 17:28:10,931 [INFO] IPUIPlugin:80 - create IPUIPlugin
2024-12-11 17:28:10,931 [INFO] PluginManager:220 - loadIPPluginJar : add ucpd
2024-12-11 17:28:10,933 [INFO] IPUIPlugin:80 - create IPUIPlugin
2024-12-11 17:28:10,933 [INFO] PluginManager:220 - loadIPPluginJar : add usart
2024-12-11 17:28:10,935 [INFO] IPUIPlugin:80 - create IPUIPlugin
2024-12-11 17:28:10,935 [INFO] PluginManager:220 - loadIPPluginJar : add usbx
2024-12-11 17:28:11,061 [FATAL] Updater:351 - Updater called before beeing initialized
2024-12-11 17:28:11,100 [INFO] RulesReader:64 - Compatibility file has been processed (297 Rules)
2024-12-11 17:28:11,119 [INFO] RulesReader:64 - Compatibility file has been processed (297 Rules)
2024-12-11 17:28:11,128 [INFO] CADModel:165 - CPN selected for project level
2024-12-11 17:28:11,129 [INFO] CADModel:114 - Register for checkConnection events
2024-12-11 17:28:11,129 [FATAL] Updater:351 - Updater called before beeing initialized
2024-12-11 17:28:11,129 [ERROR] CADModel:125 - Updater not yet initialized, retry later 
2024-12-11 17:28:11,235 [FATAL] Updater:351 - Updater called before beeing initialized
2024-12-11 17:28:11,236 [INFO] CADModel:165 - CPN selected for project level
2024-12-11 17:28:11,236 [INFO] CADModel:114 - Register for checkConnection events
2024-12-11 17:28:11,236 [FATAL] Updater:351 - Updater called before beeing initialized
2024-12-11 17:28:11,236 [ERROR] CADModel:125 - Updater not yet initialized, retry later 
2024-12-11 17:28:11,238 [FATAL] Updater:351 - Updater called before beeing initialized
2024-12-11 17:28:11,349 [FATAL] Updater:351 - Updater called before beeing initialized
2024-12-11 17:28:11,352 [INFO] DbMcusAds:53 - JSON generation date=Fri Sep 20 15:04:23 CEST 2024 (1726837463113)
2024-12-11 17:28:11,353 [FATAL] Updater:351 - Updater called before beeing initialized
2024-12-11 17:28:11,380 [WARN] DetailPanel:346 - Failed to get advertising image, set to default
2024-12-11 17:28:11,582 [FATAL] Updater:351 - Updater called before beeing initialized
2024-12-11 17:28:11,584 [FATAL] Updater:351 - Updater called before beeing initialized
2024-12-11 17:28:11,584 [FATAL] Updater:351 - Updater called before beeing initialized
2024-12-11 17:28:11,585 [WARN] DetailPanel:346 - Failed to get advertising image, set to default
2024-12-11 17:28:11,586 [FATAL] Updater:351 - Updater called before beeing initialized
2024-12-11 17:28:11,627 [ERROR] Updater:1198 - MainUpdater not yet initialized. External WinMGr cannot be set.
2024-12-11 17:28:11,628 [INFO] Updater:1134 - Updater Version found : 6.13.0
2024-12-11 17:28:11,643 [INFO] ApplicationProperties:184 - Using Application install path: C:\ST\STM32CubeIDE_1.17.0\STM32CubeIDE\plugins\com.st.stm32cube.common.mx_6.13.0.202411220809
2024-12-11 17:28:13,214 [ERROR] LogOutputStream:75 - [STDERR_REDIRECT] Dec 11, 2024 5:28:13 PM java.util.prefs.WindowsPreferences <init>
2024-12-11 17:28:13,215 [ERROR] LogOutputStream:75 - [STDERR_REDIRECT] WARNING: Could not open/create prefs root node Software\JavaSoft\Prefs at root 0xffffffff80000002. Windows RegCreateKeyEx(...) returned error code 5.
2024-12-11 17:28:13,215 [ERROR] LogOutputStream:75 - [STDERR_REDIRECT] 
2024-12-11 17:28:13,363 [INFO] ThirdPartyUpdaterWithRetryManager:70 - Updater plugin not ready yet. [2/15]
2024-12-11 17:28:13,765 [INFO] MainUpdater:2872 - connection check result : 10
2024-12-11 17:28:13,766 [INFO] MainUpdater:289 - Updater Check For Update Now.
2024-12-11 17:28:13,766 [INFO] MicroXplorer:498 - Change Database Version : DB.6.0.130
2024-12-11 17:28:13,772 [INFO] McuFinderGlobals:63 - Set McuFinder mode to 2 (CubeIDE integrated)
2024-12-11 17:28:13,773 [INFO] UserAuth:486 - Internet connection configuration mode: 1
2024-12-11 17:28:13,810 [INFO] JxBrowserEngine:152 - Initiate JxBrowser Engine with user profile folder
2024-12-11 17:28:13,940 [INFO] CheckServerUpdateThread:120 - End of CheckServer Thread
2024-12-11 17:28:14,485 [INFO] WebApp:168 - Instantiating new browser for Auth
2024-12-11 17:28:15,174 [INFO] WebApp:449 - Apply proxy settings
2024-12-11 17:28:15,174 [INFO] WebApp:534 - Chromium requires no authentication
2024-12-11 17:28:15,180 [INFO] WebApp:477 - Direct internet connection detected
2024-12-11 17:28:15,197 [INFO] WebApp:880 - Register for checkConnection events
2024-12-11 17:28:15,197 [INFO] WebApp:449 - Apply proxy settings
2024-12-11 17:28:15,197 [INFO] WebApp:534 - Chromium requires no authentication
2024-12-11 17:28:15,197 [INFO] WebApp:477 - Direct internet connection detected
2024-12-11 17:28:15,314 [INFO] WebApp:221 - Starting web application
2024-12-11 17:28:15,314 [INFO] WebApp:579 - Web application path used C:\ST\STM32CubeIDE_1.17.0\STM32CubeIDE\plugins\com.st.stm32cube.common.mx_6.13.0.202411220809\db\plugins\mcufinder\reactClient1\index.html
2024-12-11 17:28:15,388 [INFO] UserAuth:486 - Internet connection configuration mode: 1
2024-12-11 17:28:15,719 [INFO] WebApp:187 - Connection restablished
2024-12-11 17:28:16,531 [WARN] PackLoader:240 - Cannot read IP mode file for STMicroelectronics.FP-SNS-MOTENVWB1.1.4.0
2024-12-11 17:28:16,543 [WARN] PackLoader:240 - Cannot read IP mode file for STMicroelectronics.FP-ATR-ASTRA1.2.0.1
2024-12-11 17:28:16,553 [WARN] PackLoader:240 - Cannot read IP mode file for STMicroelectronics.X-CUBE-SMBUS.2.1.0
2024-12-11 17:28:16,572 [WARN] PackLoader:240 - Cannot read IP mode file for STMicroelectronics.X-CUBE-WB05N.1.1.0
2024-12-11 17:28:16,614 [WARN] PackLoader:240 - Cannot read IP mode file for STMicroelectronics.X-CUBE-AZRTOS-F7.1.1.0
2024-12-11 17:28:16,658 [WARN] PackLoader:240 - Cannot read IP mode file for STMicroelectronics.X-CUBE-MEMS1.11.0.0
2024-12-11 17:28:16,743 [WARN] PackLoader:240 - Cannot read IP mode file for STMicroelectronics.FP-SNS-FLIGHT1.5.0.2
2024-12-11 17:28:16,757 [WARN] PackLoader:240 - Cannot read IP mode file for Infineon.AIROC-Wi-Fi-Bluetooth-STM32.1.7.0
2024-12-11 17:28:16,766 [WARN] PackLoader:240 - Cannot read IP mode file for STMicroelectronics.X-CUBE-DISPLAY.3.0.0
2024-12-11 17:28:16,782 [WARN] PackLoader:240 - Cannot read IP mode file for STMicroelectronics.X-CUBE-BLE1.7.0.0
2024-12-11 17:28:16,791 [WARN] PackLoader:240 - Cannot read IP mode file for STMicroelectronics.X-CUBE-NFC10.1.0.0
2024-12-11 17:28:16,800 [WARN] PackLoader:240 - Cannot read IP mode file for STMicroelectronics.X-CUBE-BLEMGR.4.0.0
2024-12-11 17:28:16,845 [WARN] PackLoader:240 - Cannot read IP mode file for emotas.I-CUBE-CANOPEN.1.3.0
2024-12-11 17:28:16,855 [WARN] PackLoader:240 - Cannot read IP mode file for STMicroelectronics.X-CUBE-BLEMGR.3.1.0
2024-12-11 17:28:16,861 [WARN] PackLoader:240 - Cannot read IP mode file for STMicroelectronics.FP-SNS-SMARTAG2.1.2.0
2024-12-11 17:28:16,877 [INFO] LogOutputStream:77 - [STDOUT_REDIRECT] 1 : Invalid condition id : UX_CORESTACK_Condition cause : null
2024-12-11 17:28:16,880 [INFO] LogOutputStream:77 - [STDOUT_REDIRECT] 1 : Invalid condition id : UX_CORESTACK_Condition cause : null
2024-12-11 17:28:16,882 [INFO] LogOutputStream:77 - [STDOUT_REDIRECT] 1 : Invalid condition id : UX_CORESTACK_Condition cause : null
2024-12-11 17:28:16,884 [INFO] LogOutputStream:77 - [STDOUT_REDIRECT] 1 : Invalid condition id : UX_CORESTACK_Condition cause : null
2024-12-11 17:28:16,886 [INFO] LogOutputStream:77 - [STDOUT_REDIRECT] 1 : Invalid condition id : UX_CORESTACK_Condition cause : null
2024-12-11 17:28:16,890 [WARN] PackLoader:240 - Cannot read IP mode file for STMicroelectronics.X-CUBE-AZRTOS-WL.2.0.0
2024-12-11 17:28:16,896 [WARN] PackLoader:240 - Cannot read IP mode file for STMicroelectronics.FP-SNS-MOTENV1.5.0.0
2024-12-11 17:28:16,900 [WARN] PackLoader:240 - Cannot read IP mode file for wolfSSL.I-CUBE-wolfMQTT.1.19.0
2024-12-11 17:28:16,913 [WARN] PackLoader:240 - Cannot read IP mode file for WES.I-CUBE-Cesium.1.3.0
2024-12-11 17:28:16,918 [WARN] PackLoader:240 - Cannot read IP mode file for STMicroelectronics.X-CUBE-BLE2.3.3.0
2024-12-11 17:28:16,923 [WARN] PackLoader:240 - Cannot read IP mode file for STMicroelectronics.X-CUBE-NFC9.1.0.0
2024-12-11 17:28:16,930 [WARN] PackLoader:240 - Cannot read IP mode file for STMicroelectronics.X-CUBE-TCPP.4.1.0
2024-12-11 17:28:16,943 [WARN] PackLoader:240 - Cannot read IP mode file for STMicroelectronics.X-CUBE-AZRTOS-G0.1.1.0
2024-12-11 17:28:16,949 [WARN] PackLoader:240 - Cannot read IP mode file for STMicroelectronics.X-CUBE-SAFEA1.1.2.2
2024-12-11 17:28:16,954 [WARN] PackLoader:240 - Cannot read IP mode file for STMicroelectronics.X-CUBE-NFC4.3.0.0
2024-12-11 17:28:16,961 [WARN] PackLoader:240 - Cannot read IP mode file for EmbeddedOffice.I-CUBE-FS-RTOS.1.0.1
2024-12-11 17:28:16,966 [WARN] PackLoader:240 - Cannot read IP mode file for RealThread.X-CUBE-RT-Thread_Nano.4.1.1
2024-12-11 17:28:16,970 [WARN] PackLoader:240 - Cannot read IP mode file for STMicroelectronics.FP-ATR-SIGFOX1.3.2.0
2024-12-11 17:28:16,974 [WARN] ConditionMgr:438 - getConditionDescription Invalid condition id : Cortex-A Device cause : null
2024-12-11 17:28:16,999 [WARN] ConditionMgr:1044 - genDependencies : Invalid condition id : Cortex-A Device cause : null
2024-12-11 17:28:16,999 [WARN] ConditionMgr:1044 - genDependencies : Invalid condition id : Cortex-A Device cause : null
2024-12-11 17:28:16,999 [WARN] ConditionMgr:1044 - genDependencies : Invalid condition id : Cortex-A Device cause : null
2024-12-11 17:28:17,003 [WARN] PackLoader:240 - Cannot read IP mode file for STMicroelectronics.X-CUBE-EEPRMA1.5.1.0
2024-12-11 17:28:17,008 [WARN] PackLoader:240 - Cannot read IP mode file for wolfSSL.I-CUBE-wolfSSL.5.7.4
2024-12-11 17:28:17,013 [WARN] PackLoader:240 - Cannot read IP mode file for ITTIA_DB.I-CUBE-ITTIADB.8.9.0
2024-12-11 17:28:17,037 [WARN] PackLoader:240 - Cannot read IP mode file for SEGGER.I-CUBE-embOS.1.3.1
2024-12-11 17:28:17,068 [WARN] PackLoader:240 - Cannot read IP mode file for STMicroelectronics.X-CUBE-ALGOBUILD.1.4.0
2024-12-11 17:28:17,073 [WARN] PackLoader:240 - Cannot read IP mode file for STMicroelectronics.X-CUBE-AI.9.1.0
2024-12-11 17:28:17,088 [WARN] PackLoader:240 - Cannot read IP mode file for STMicroelectronics.X-CUBE-AZRTOS-F4.1.1.0
2024-12-11 17:28:17,096 [WARN] PackLoader:240 - Cannot read IP mode file for STMicroelectronics.X-CUBE-ISPU.2.1.0
2024-12-11 17:28:17,100 [WARN] PackLoader:240 - Cannot read IP mode file for STMicroelectronics.X-CUBE-FREERTOS.1.2.0
2024-12-11 17:28:17,109 [WARN] PackLoader:240 - Cannot read IP mode file for STMicroelectronics.X-CUBE-AZRTOS-L5.2.0.0
2024-12-11 17:28:17,116 [WARN] PackLoader:240 - Cannot read IP mode file for STMicroelectronics.X-CUBE-NFC6.3.1.0
2024-12-11 17:28:17,122 [WARN] PackLoader:240 - Cannot read IP mode file for STMicroelectronics.X-CUBE-DPower.1.2.0
2024-12-11 17:28:17,125 [WARN] PackLoader:240 - Cannot read IP mode file for STMicroelectronics.X-CUBE-FREERTOS.1.3.0
2024-12-11 17:28:17,129 [WARN] PackLoader:240 - Cannot read IP mode file for STMicroelectronics.X-CUBE-NFC7.1.0.1
2024-12-11 17:28:17,142 [WARN] ConditionMgr:438 - getConditionDescription Invalid condition id : LAN8742 Phy interface Condition cause : null
2024-12-11 17:28:17,142 [WARN] PackLoader:240 - Cannot read IP mode file for STMicroelectronics.X-CUBE-AZRTOS-L4.2.0.0
2024-12-11 17:28:17,143 [WARN] ConditionMgr:1044 - genDependencies : Invalid condition id : LAN8742 Phy interface Condition cause : null
2024-12-11 17:28:17,143 [WARN] ConditionMgr:1044 - genDependencies : Invalid condition id : LAN8742 Phy interface Condition cause : null
2024-12-11 17:28:17,144 [WARN] ConditionMgr:1044 - genDependencies : Invalid condition id : LAN8742 Phy interface Condition cause : null
2024-12-11 17:28:17,150 [WARN] PackLoader:240 - Cannot read IP mode file for STMicroelectronics.X-CUBE-SFXS2LP1.4.0.0
2024-12-11 17:28:17,162 [WARN] PackLoader:240 - Cannot read IP mode file for STMicroelectronics.X-CUBE-AZRTOS-H7.3.3.0
2024-12-11 17:28:17,173 [WARN] PackLoader:240 - Cannot read IP mode file for STMicroelectronics.X-CUBE-IPS.3.0.0
2024-12-11 17:28:17,189 [WARN] ConditionMgr:438 - getConditionDescription Invalid condition id : UX DEVICE CLASS RTOS Condition cause : null
2024-12-11 17:28:17,189 [WARN] ConditionMgr:438 - getConditionDescription Invalid condition id : UX DEVICE CLASS RTOS Condition cause : null
2024-12-11 17:28:17,191 [WARN] PackLoader:240 - Cannot read IP mode file for STMicroelectronics.X-CUBE-AZRTOS-WB.2.0.0
2024-12-11 17:28:17,191 [WARN] ConditionMgr:1044 - genDependencies : Invalid condition id : UX DEVICE CLASS RTOS Condition cause : null
2024-12-11 17:28:17,191 [WARN] ConditionMgr:1044 - genDependencies : Invalid condition id : UX DEVICE CLASS RTOS Condition cause : null
2024-12-11 17:28:17,192 [WARN] ConditionMgr:1044 - genDependencies : Invalid condition id : UX DEVICE CLASS RTOS Condition cause : null
2024-12-11 17:28:17,192 [WARN] ConditionMgr:1044 - genDependencies : Invalid condition id : UX DEVICE CLASS RTOS Condition cause : null
2024-12-11 17:28:17,192 [WARN] ConditionMgr:1044 - genDependencies : Invalid condition id : UX DEVICE CLASS RTOS Condition cause : null
2024-12-11 17:28:17,196 [WARN] PackLoader:240 - Cannot read IP mode file for STMicroelectronics.X-CUBE-GNSS1.7.0.0
2024-12-11 17:28:17,202 [WARN] PackLoader:240 - Cannot read IP mode file for STMicroelectronics.FP-SNS-STBOX1.2.0.0
2024-12-11 17:28:17,209 [WARN] PackLoader:240 - Cannot read IP mode file for STMicroelectronics.X-CUBE-SUBG2.5.0.0
2024-12-11 17:28:17,215 [WARN] PackLoader:240 - Cannot read IP mode file for Cesanta.I-CUBE-Mongoose.7.13.0
2024-12-11 17:28:17,224 [WARN] PackLoader:240 - Cannot read IP mode file for STMicroelectronics.X-CUBE-AZRTOS-G4.2.0.0
2024-12-11 17:28:17,228 [WARN] PackLoader:240 - Cannot read IP mode file for STMicroelectronics.X-CUBE-ALS.1.0.2
2024-12-11 17:28:17,235 [WARN] PackLoader:240 - Cannot read IP mode file for STMicroelectronics.X-CUBE-TOUCHGFX.4.24.1
2024-12-11 17:28:17,238 [WARN] PackLoader:240 - Cannot read IP mode file for wolfSSL.I-CUBE-wolfTPM.3.4.0
2024-12-11 17:28:17,242 [WARN] PackLoader:240 - Cannot read IP mode file for portGmbH.I-Cube-SoM-uGOAL.1.1.0
2024-12-11 17:28:17,252 [WARN] PackLoader:240 - Cannot read IP mode file for STMicroelectronics.X-CUBE-AZRTOS-H7RS.1.0.0
2024-12-11 17:28:17,259 [WARN] PackLoader:240 - Cannot read IP mode file for STMicroelectronics.X-CUBE-TOF1.3.4.2
2024-12-11 17:28:17,268 [WARN] PackLoader:240 - Cannot read IP mode file for wolfSSL.I-CUBE-wolfSSH.1.4.17
2024-12-11 17:28:17,268 [INFO] ThirdParty:978 - Integrity check success = true
2024-12-11 17:28:17,268 [INFO] IntegrityCheckThread:100 - exiting critical section [integrity check]
2024-12-11 17:28:17,268 [INFO] IntegrityCheckThread:103 - End integrity checks thread
2024-12-11 17:38:50,326 [ERROR] LogOutputStream:75 - [STDERR_REDIRECT] Exception in thread "SWV client thread" java.lang.NullPointerException: Cannot invoke "com.st.stm32cube.ide.mcu.debug.swv.core.SWVPlugin.isDebugging()" because "com.st.stm32cube.ide.mcu.debug.swv.core.SWVPlugin.plugin" is null
2024-12-11 17:38:50,330 [ERROR] LogOutputStream:75 - [STDERR_REDIRECT] 	at com.st.stm32cube.ide.mcu.debug.swv.core.SWVPlugin.debugTrace(SWVPlugin.java:85)
2024-12-11 17:38:50,333 [ERROR] LogOutputStream:75 - [STDERR_REDIRECT] 	at com.st.stm32cube.ide.mcu.debug.swv.core.SWVClient.TRACE(SWVClient.java:768)
2024-12-11 17:38:50,334 [ERROR] LogOutputStream:75 - [STDERR_REDIRECT] 	at com.st.stm32cube.ide.mcu.debug.swv.core.SWVClient.readByte(SWVClient.java:296)
2024-12-11 17:38:50,335 [ERROR] LogOutputStream:75 - [STDERR_REDIRECT] 	at com.st.stm32cube.ide.mcu.debug.swv.core.SWVClient.getNextByte(SWVClient.java:277)
2024-12-11 17:38:50,336 [ERROR] LogOutputStream:75 - [STDERR_REDIRECT] 	at com.st.stm32cube.ide.mcu.debug.swv.core.SWVClient.run(SWVClient.java:313)
2024-12-11 17:38:51,299 [ERROR] LogOutputStream:75 - [STDERR_REDIRECT] 
2024-12-11 17:38:51,299 [ERROR] LogOutputStream:75 - [STDERR_REDIRECT] 
