2024-12-09 09:15:20,042 [INFO] LogOutputStream:77 - [STDOUT_REDIRECT] 
2024-12-09 09:15:22,903 [INFO] ProjectBuilder:5154 - Time for Generating toolchain IDE Files: 3701mS.
2024-12-09 09:15:22,905 [INFO] ProjectBuilder:3146 - Time for Copy CMSIS : 1mS.
2024-12-09 09:15:22,910 [INFO] ProjectBuilder:3146 - Time for Copy CMSIS : 0mS.
2024-12-09 09:21:14,869 [INFO] MainUpdater:2872 - connection check result : 10
2024-12-09 09:21:14,869 [INFO] MainUpdater:2872 - connection check result : 10
2024-12-09 09:21:14,946 [INFO] MicroXplorer:468 - Change Database Path : 
2024-12-09 09:21:14,946 [INFO] MicroXplorer:498 - Change Database Version : DB.6.0.130
2024-12-09 09:21:15,005 [ERROR] ProjectManagerView:394 - 
java.lang.NullPointerException: Cannot invoke "javax.swing.JTextField.getText()" because the return value of "java.util.List.get(int)" is null
	at com.st.microxplorer.plugins.projectmanager.gui.ProjectChoiceTab$9.caretUpdate(ProjectChoiceTab.java:2616) ~[filemanager.jar:?]
	at javax.swing.text.JTextComponent.fireCaretUpdate(JTextComponent.java:408) ~[?:?]
	at javax.swing.text.JTextComponent$MutableCaretEvent.fire(JTextComponent.java:4484) ~[?:?]
	at javax.swing.text.JTextComponent$MutableCaretEvent.stateChanged(JTextComponent.java:4506) ~[?:?]
	at javax.swing.text.DefaultCaret.fireStateChanged(DefaultCaret.java:857) ~[?:?]
	at javax.swing.text.DefaultCaret.changeCaretPosition(DefaultCaret.java:1343) ~[?:?]
	at javax.swing.text.DefaultCaret.handleSetDot(DefaultCaret.java:1242) ~[?:?]
	at javax.swing.text.DefaultCaret.setDot(DefaultCaret.java:1223) ~[?:?]
	at javax.swing.text.DefaultCaret$Handler.insertUpdate(DefaultCaret.java:1819) ~[?:?]
	at javax.swing.text.AbstractDocument.fireInsertUpdate(AbstractDocument.java:227) ~[?:?]
	at javax.swing.text.AbstractDocument.handleInsertString(AbstractDocument.java:781) ~[?:?]
	at javax.swing.text.AbstractDocument.insertString(AbstractDocument.java:740) ~[?:?]
	at javax.swing.text.PlainDocument.insertString(PlainDocument.java:131) ~[?:?]
	at javax.swing.text.AbstractDocument.replace(AbstractDocument.java:699) ~[?:?]
	at javax.swing.text.JTextComponent.setText(JTextComponent.java:1725) ~[?:?]
	at com.st.microxplorer.plugins.projectmanager.gui.ProjectChoiceTab.createHeapStackFields(ProjectChoiceTab.java:975) ~[filemanager.jar:?]
	at com.st.microxplorer.plugins.projectmanager.gui.ProjectChoiceTab.buildLinkSettingsPanel(ProjectChoiceTab.java:3666) ~[filemanager.jar:?]
	at com.st.microxplorer.plugins.projectmanager.gui.ProjectChoiceTab.defineWindowsFields(ProjectChoiceTab.java:1934) ~[filemanager.jar:?]
	at com.st.microxplorer.plugins.projectmanager.gui.ProjectChoiceTab.updateSettings(ProjectChoiceTab.java:553) ~[filemanager.jar:?]
	at com.st.microxplorer.plugins.projectmanager.gui.ProjectSettingsPanel.UpdateDialog(ProjectSettingsPanel.java:245) ~[filemanager.jar:?]
	at com.st.microxplorer.plugins.projectmanager.ProjectManagerView.propertyChange(ProjectManagerView.java:391) ~[filemanager.jar:?]
	at java.beans.PropertyChangeSupport.fire(PropertyChangeSupport.java:343) ~[?:?]
	at java.beans.PropertyChangeSupport.firePropertyChange(PropertyChangeSupport.java:335) ~[?:?]
	at java.beans.PropertyChangeSupport.firePropertyChange(PropertyChangeSupport.java:268) ~[?:?]
	at com.st.microxplorer.util.MXPropertyChangeSupport.firePropertyChange(MXPropertyChangeSupport.java:54) ~[STM32CubeMX.jar:?]
	at com.st.microxplorer.mxsystem.MxSystem.closeConfig(MxSystem.java:899) ~[STM32CubeMX.jar:?]
	at com.st.microxplorer.maingui.MainPanel.closeConfig(MainPanel.java:789) ~[STM32CubeMX.jar:?]
	at com.st.microxplorer.plugins.filemanager.engine.OpenFileManager.loadConfigurationFile(OpenFileManager.java:265) ~[filemanager.jar:?]
	at com.st.microxplorer.plugins.filemanager.engine.MainFileManager.userLoadConfig(MainFileManager.java:340) ~[filemanager.jar:?]
	at com.st.microxplorer.plugins.filemanager.engine.MainFileManager.userLoadConfig(MainFileManager.java:318) ~[filemanager.jar:?]
	at com.st.microxplorer.plugins.filemanager.FileManagerView.getSpecificTask(FileManagerView.java:246) ~[filemanager.jar:?]
	at com.st.stm32cube.common.mx.editor.CubeMxEditor.getMxTabbedPaneInstance(CubeMxEditor.java:1198) ~[com.st.stm32cube.common.mx_6.13.0.202411220809/:?]
	at com.st.stm32cube.common.mx.editor.CubeMxEditor$12$1.createSwingComponent(CubeMxEditor.java:1068) ~[com.st.stm32cube.common.mx_6.13.0.202411220809/:?]
	at com.st.stm32cube.common.mx.oss.core.awtswtbridge.EmbeddedSwingComposite.doComponentCreation(EmbeddedSwingComposite.java:492) ~[com.st.stm32cube.common.mx.oss_6.13.0.202411220809/:?]
	at com.st.stm32cube.common.mx.oss.core.awtswtbridge.EmbeddedSwingComposite$4.run(EmbeddedSwingComposite.java:291) ~[com.st.stm32cube.common.mx.oss_6.13.0.202411220809/:?]
	at com.st.stm32cube.common.mx.oss.core.awtswtbridge.AwtEnvironment$2.run(AwtEnvironment.java:166) ~[com.st.stm32cube.common.mx.oss_6.13.0.202411220809/:?]
	at java.awt.event.InvocationEvent.dispatch(InvocationEvent.java:318) ~[?:?]
	at java.awt.EventQueue.dispatchEventImpl(EventQueue.java:773) ~[?:?]
	at java.awt.EventQueue$4.run(EventQueue.java:720) ~[?:?]
	at java.awt.EventQueue$4.run(EventQueue.java:714) ~[?:?]
	at java.security.AccessController.doPrivileged(AccessController.java:400) ~[?:?]
	at java.security.ProtectionDomain$JavaSecurityAccessImpl.doIntersectionPrivilege(ProtectionDomain.java:87) ~[?:?]
	at java.awt.EventQueue.dispatchEvent(EventQueue.java:742) ~[?:?]
	at java.awt.EventDispatchThread.pumpOneEventForFilters(EventDispatchThread.java:203) ~[?:?]
	at java.awt.EventDispatchThread.pumpEventsForFilter(EventDispatchThread.java:124) ~[?:?]
	at java.awt.EventDispatchThread.pumpEventsForHierarchy(EventDispatchThread.java:113) ~[?:?]
	at java.awt.EventDispatchThread.pumpEvents(EventDispatchThread.java:109) ~[?:?]
	at java.awt.EventDispatchThread.pumpEvents(EventDispatchThread.java:101) ~[?:?]
	at java.awt.EventDispatchThread.run(EventDispatchThread.java:90) ~[?:?]
2024-12-09 09:21:15,009 [WARN] ThirdParty:871 - waiting for thirdparty lock release [close project]
2024-12-09 09:21:15,009 [INFO] ThirdParty:873 - entering critical section [close project]
2024-12-09 09:21:15,009 [INFO] ThirdParty:883 - exiting critical section [close project]
2024-12-09 09:21:15,013 [INFO] PinOutPanel:1589 - setPackage(No Configuration,No Configuration)
2024-12-09 09:21:15,030 [INFO] UtilMem:75 - Begin LoadConfig() Used Memory: 724967040 Bytes (914358272)
2024-12-09 09:21:15,031 [INFO] MicroXplorer:468 - Change Database Path : 
2024-12-09 09:21:15,031 [INFO] MicroXplorer:498 - Change Database Version : DB.6.0.130
2024-12-09 09:21:15,031 [INFO] OpenFileManager:332 - Change cursor
2024-12-09 09:21:15,079 [INFO] RulesReader:64 - Compatibility file has been processed (297 Rules)
2024-12-09 09:21:15,099 [INFO] Mcu:2035 - Initializing MCU STM32L496ZGTxP STM32L496ZGTxP STM32L496ZGT6P
2024-12-09 09:21:17,368 [INFO] Context:748 - Trying to add GPIOservice into a context  which must be forbidden
2024-12-09 09:21:18,158 [INFO] RtosManager:555 - Registered RTOS mode: class=CMSIS, group=RTOS, mode=CMSIS_V1, owner=FREERTOS
2024-12-09 09:21:18,159 [INFO] RtosManager:555 - Registered RTOS mode: class=CMSIS, group=RTOS2, mode=CMSIS_V2, owner=FREERTOS
2024-12-09 09:21:18,159 [INFO] RtosManager:555 - Registered RTOS mode: class=RTOS, group=Core, mode=CMSIS_V1, owner=FREERTOS
2024-12-09 09:21:18,159 [INFO] RtosManager:555 - Registered RTOS mode: class=RTOS, group=Core, mode=CMSIS_V2, owner=FREERTOS
2024-12-09 09:21:18,159 [WARN] ModelIntegratedComponent:184 - Missing modes for component STMicroelectronics:FreeRTOS:0.0.1:STMicroelectronics:RTOS:FreeRTOS:Core:::10.2.0:
2024-12-09 09:21:18,166 [WARN] ModelIntegratedComponent:63 - No mode defined for component null
2024-12-09 09:21:18,166 [WARN] ModelIntegratedComponent:63 - No mode defined for component null
2024-12-09 09:21:18,166 [WARN] ModelIntegratedComponent:63 - No mode defined for component null
2024-12-09 09:21:18,166 [WARN] ModelIntegratedComponent:63 - No mode defined for component null
2024-12-09 09:21:18,166 [WARN] ModelIntegratedComponent:63 - No mode defined for component null
2024-12-09 09:21:18,166 [WARN] ModelIntegratedComponent:63 - No mode defined for component null
2024-12-09 09:21:18,167 [WARN] ModelIntegratedComponent:63 - No mode defined for component null
2024-12-09 09:21:18,167 [WARN] ModelIntegratedComponent:63 - No mode defined for component null
2024-12-09 09:21:18,167 [WARN] ModelIntegratedComponent:63 - No mode defined for component null
2024-12-09 09:21:18,167 [WARN] ModelIntegratedComponent:63 - No mode defined for component null
2024-12-09 09:21:18,167 [WARN] ModelIntegratedComponent:63 - No mode defined for component null
2024-12-09 09:21:18,167 [WARN] ModelIntegratedComponent:63 - No mode defined for component null
2024-12-09 09:21:18,167 [WARN] ModelIntegratedComponent:63 - No mode defined for component null
2024-12-09 09:21:18,167 [WARN] ModelIntegratedComponent:63 - No mode defined for component null
2024-12-09 09:21:18,167 [WARN] ModelIntegratedComponent:63 - No mode defined for component null
2024-12-09 09:21:18,167 [WARN] ModelIntegratedComponent:63 - No mode defined for component null
2024-12-09 09:21:18,167 [WARN] ModelIntegratedComponent:63 - No mode defined for component null
2024-12-09 09:21:18,167 [WARN] ModelIntegratedComponent:63 - No mode defined for component null
2024-12-09 09:21:18,167 [WARN] ModelIntegratedComponent:63 - No mode defined for component null
2024-12-09 09:21:18,167 [WARN] ModelIntegratedComponent:63 - No mode defined for component null
2024-12-09 09:21:18,167 [WARN] ModelIntegratedComponent:63 - No mode defined for component null
2024-12-09 09:21:18,167 [WARN] ModelIntegratedComponent:63 - No mode defined for component null
2024-12-09 09:21:18,168 [WARN] ModelIntegratedComponent:63 - No mode defined for component null
2024-12-09 09:21:18,168 [WARN] ModelIntegratedComponent:63 - No mode defined for component null
2024-12-09 09:21:18,168 [WARN] ModelIntegratedComponent:63 - No mode defined for component null
2024-12-09 09:21:18,168 [WARN] ModelIntegratedComponent:63 - No mode defined for component null
2024-12-09 09:21:18,168 [WARN] ModelIntegratedComponent:63 - No mode defined for component null
2024-12-09 09:21:18,168 [WARN] ModelIntegratedComponent:63 - No mode defined for component null
2024-12-09 09:21:18,168 [WARN] ModelIntegratedComponent:63 - No mode defined for component null
2024-12-09 09:21:18,168 [WARN] ModelIntegratedComponent:63 - No mode defined for component null
2024-12-09 09:21:18,168 [WARN] ModelIntegratedComponent:63 - No mode defined for component null
2024-12-09 09:21:18,168 [WARN] ModelIntegratedComponent:63 - No mode defined for component null
2024-12-09 09:21:18,168 [WARN] ModelIntegratedComponent:63 - No mode defined for component null
2024-12-09 09:21:18,168 [WARN] ModelIntegratedComponent:63 - No mode defined for component null
2024-12-09 09:21:18,168 [WARN] ModelIntegratedComponent:63 - No mode defined for component null
2024-12-09 09:21:18,168 [WARN] ModelPack:524 - Component already loaded: STMicroelectronics:HAL Drivers:0.0.0:STMicroelectronics:Device:STMicro_Driver:XSPI:HAL::0.0.1:HAL_XSPI
2024-12-09 09:21:18,186 [INFO] ThirdPartyModel:298 - Start build external matchings
2024-12-09 09:21:18,353 [INFO] ThirdPartyModel:316 - End build external matchings
2024-12-09 09:21:18,366 [INFO] ImportTextPane:218 - (OptionalMessage_ERROR) IP (DMA) : Parameter (Instance) has Id (SPI1_RX) currently not set
2024-12-09 09:21:18,366 [INFO] ImportTextPane:218 - (OptionalMessage_ERROR) IP (DMA) : Parameter (Request) has Id (SPI1_RX) currently not set
2024-12-09 09:21:18,366 [INFO] ImportTextPane:218 - (OptionalMessage_ERROR) IP (DMA) : Parameter (Direction) has Id (SPI1_RX) currently not set
2024-12-09 09:21:18,366 [INFO] ImportTextPane:218 - (OptionalMessage_ERROR) IP (DMA) : Parameter (PeriphInc) has Id (SPI1_RX) currently not set
2024-12-09 09:21:18,366 [INFO] ImportTextPane:218 - (OptionalMessage_ERROR) IP (DMA) : Parameter (MemInc) has Id (SPI1_RX) currently not set
2024-12-09 09:21:18,366 [INFO] ImportTextPane:218 - (OptionalMessage_ERROR) IP (DMA) : Parameter (PeriphDataAlignment) has Id (SPI1_RX) currently not set
2024-12-09 09:21:18,367 [INFO] ImportTextPane:218 - (OptionalMessage_ERROR) IP (DMA) : Parameter (MemDataAlignment) has Id (SPI1_RX) currently not set
2024-12-09 09:21:18,367 [INFO] ImportTextPane:218 - (OptionalMessage_ERROR) IP (DMA) : Parameter (Mode) has Id (SPI1_RX) currently not set
2024-12-09 09:21:18,367 [INFO] ImportTextPane:218 - (OptionalMessage_ERROR) IP (DMA) : Parameter (Priority) has Id (SPI1_RX) currently not set
2024-12-09 09:21:18,367 [INFO] ImportTextPane:218 - (OptionalMessage_ERROR) IP (DMA) : Parameter (Instance) has Id (SPI1_TX) currently not set
2024-12-09 09:21:18,367 [INFO] ImportTextPane:218 - (OptionalMessage_ERROR) IP (DMA) : Parameter (Request) has Id (SPI1_TX) currently not set
2024-12-09 09:21:18,367 [INFO] ImportTextPane:218 - (OptionalMessage_ERROR) IP (DMA) : Parameter (Direction) has Id (SPI1_TX) currently not set
2024-12-09 09:21:18,367 [INFO] ImportTextPane:218 - (OptionalMessage_ERROR) IP (DMA) : Parameter (PeriphInc) has Id (SPI1_TX) currently not set
2024-12-09 09:21:18,367 [INFO] ImportTextPane:218 - (OptionalMessage_ERROR) IP (DMA) : Parameter (MemInc) has Id (SPI1_TX) currently not set
2024-12-09 09:21:18,367 [INFO] ImportTextPane:218 - (OptionalMessage_ERROR) IP (DMA) : Parameter (PeriphDataAlignment) has Id (SPI1_TX) currently not set
2024-12-09 09:21:18,367 [INFO] ImportTextPane:218 - (OptionalMessage_ERROR) IP (DMA) : Parameter (MemDataAlignment) has Id (SPI1_TX) currently not set
2024-12-09 09:21:18,367 [INFO] ImportTextPane:218 - (OptionalMessage_ERROR) IP (DMA) : Parameter (Mode) has Id (SPI1_TX) currently not set
2024-12-09 09:21:18,367 [INFO] ImportTextPane:218 - (OptionalMessage_ERROR) IP (DMA) : Parameter (Priority) has Id (SPI1_TX) currently not set
2024-12-09 09:21:18,367 [INFO] ImportTextPane:218 - (OptionalMessage_ERROR) IP (DMA) : Parameter (Instance) has Id (USART1_RX) currently not set
2024-12-09 09:21:18,367 [INFO] ImportTextPane:218 - (OptionalMessage_ERROR) IP (DMA) : Parameter (Request) has Id (USART1_RX) currently not set
2024-12-09 09:21:18,367 [INFO] ImportTextPane:218 - (OptionalMessage_ERROR) IP (DMA) : Parameter (Direction) has Id (USART1_RX) currently not set
2024-12-09 09:21:18,367 [INFO] ImportTextPane:218 - (OptionalMessage_ERROR) IP (DMA) : Parameter (PeriphInc) has Id (USART1_RX) currently not set
2024-12-09 09:21:18,367 [INFO] ImportTextPane:218 - (OptionalMessage_ERROR) IP (DMA) : Parameter (MemInc) has Id (USART1_RX) currently not set
2024-12-09 09:21:18,367 [INFO] ImportTextPane:218 - (OptionalMessage_ERROR) IP (DMA) : Parameter (PeriphDataAlignment) has Id (USART1_RX) currently not set
2024-12-09 09:21:18,367 [INFO] ImportTextPane:218 - (OptionalMessage_ERROR) IP (DMA) : Parameter (MemDataAlignment) has Id (USART1_RX) currently not set
2024-12-09 09:21:18,367 [INFO] ImportTextPane:218 - (OptionalMessage_ERROR) IP (DMA) : Parameter (Mode) has Id (USART1_RX) currently not set
2024-12-09 09:21:18,367 [INFO] ImportTextPane:218 - (OptionalMessage_ERROR) IP (DMA) : Parameter (Priority) has Id (USART1_RX) currently not set
2024-12-09 09:21:18,367 [INFO] ImportTextPane:218 - (OptionalMessage_ERROR) IP (DMA) : Parameter (Instance) has Id (USART1_TX) currently not set
2024-12-09 09:21:18,367 [INFO] ImportTextPane:218 - (OptionalMessage_ERROR) IP (DMA) : Parameter (Request) has Id (USART1_TX) currently not set
2024-12-09 09:21:18,367 [INFO] ImportTextPane:218 - (OptionalMessage_ERROR) IP (DMA) : Parameter (Direction) has Id (USART1_TX) currently not set
2024-12-09 09:21:18,367 [INFO] ImportTextPane:218 - (OptionalMessage_ERROR) IP (DMA) : Parameter (PeriphInc) has Id (USART1_TX) currently not set
2024-12-09 09:21:18,367 [INFO] ImportTextPane:218 - (OptionalMessage_ERROR) IP (DMA) : Parameter (MemInc) has Id (USART1_TX) currently not set
2024-12-09 09:21:18,367 [INFO] ImportTextPane:218 - (OptionalMessage_ERROR) IP (DMA) : Parameter (PeriphDataAlignment) has Id (USART1_TX) currently not set
2024-12-09 09:21:18,367 [INFO] ImportTextPane:218 - (OptionalMessage_ERROR) IP (DMA) : Parameter (MemDataAlignment) has Id (USART1_TX) currently not set
2024-12-09 09:21:18,367 [INFO] ImportTextPane:218 - (OptionalMessage_ERROR) IP (DMA) : Parameter (Mode) has Id (USART1_TX) currently not set
2024-12-09 09:21:18,368 [INFO] ImportTextPane:218 - (OptionalMessage_ERROR) IP (DMA) : Parameter (Priority) has Id (USART1_TX) currently not set
2024-12-09 09:21:18,874 [INFO] UtilMem:75 - End LoadConfig() Used Memory: 501746952 Bytes (914358272)
2024-12-09 09:21:18,945 [WARN] ThirdParty:833 - waiting for thirdparty lock release [change project]
2024-12-09 09:21:18,946 [INFO] ThirdParty:835 - entering critical section [change project]
2024-12-09 09:21:18,946 [INFO] ThirdParty:1030 - CMSIS Pack Vendor :STMicroelectronics USBPD 4.1
2024-12-09 09:21:18,946 [INFO] ThirdParty:1030 - CMSIS Pack Vendor :STMicroelectronics X-CUBE-AZRTOS-H7 3.3.0
2024-12-09 09:21:18,946 [INFO] ThirdParty:1030 - CMSIS Pack Vendor :STMicroelectronics X-CUBE-NFC9 1.0.0
2024-12-09 09:21:18,946 [INFO] ThirdParty:1030 - CMSIS Pack Vendor :STMicroelectronics USB_HOST 2.0.0
2024-12-09 09:21:18,946 [INFO] ThirdParty:1030 - CMSIS Pack Vendor :STMicroelectronics FP-SNS-MOTENVWB1 1.4.0
2024-12-09 09:21:18,946 [INFO] ThirdParty:1030 - CMSIS Pack Vendor :STMicroelectronics X-CUBE-AZRTOS-F4 1.1.0
2024-12-09 09:21:18,946 [INFO] ThirdParty:1030 - CMSIS Pack Vendor :STMicroelectronics LIBJPEG 8.0.0
2024-12-09 09:21:18,946 [INFO] ThirdParty:1030 - CMSIS Pack Vendor :STMicroelectronics FP-ATR-ASTRA1 2.0.1
2024-12-09 09:21:18,946 [INFO] ThirdParty:1030 - CMSIS Pack Vendor :STMicroelectronics X-CUBE-SMBUS 2.1.0
2024-12-09 09:21:18,946 [INFO] ThirdParty:1030 - CMSIS Pack Vendor :STMicroelectronics X-CUBE-WB05N 1.1.0
2024-12-09 09:21:18,948 [INFO] ThirdParty:1030 - CMSIS Pack Vendor :STMicroelectronics USB_DEVICE 3.0.0
2024-12-09 09:21:18,948 [INFO] ThirdParty:1030 - CMSIS Pack Vendor :STMicroelectronics X-CUBE-TCPP 4.1.0
2024-12-09 09:21:18,948 [INFO] ThirdParty:1030 - CMSIS Pack Vendor :STMicroelectronics X-CUBE-ISPU 2.1.0
2024-12-09 09:21:18,948 [INFO] ThirdParty:1030 - CMSIS Pack Vendor :STMicroelectronics X-CUBE-FREERTOS 1.2.0
2024-12-09 09:21:18,948 [INFO] ThirdParty:1030 - CMSIS Pack Vendor :STMicroelectronics X-CUBE-IPS 3.0.0
2024-12-09 09:21:18,948 [INFO] ThirdParty:1030 - CMSIS Pack Vendor :STMicroelectronics X-CUBE-AZRTOS-WB 2.0.0
2024-12-09 09:21:18,948 [INFO] ThirdParty:1030 - CMSIS Pack Vendor :STMicroelectronics X-CUBE-GNSS1 7.0.0
2024-12-09 09:21:18,948 [INFO] ThirdParty:1030 - CMSIS Pack Vendor :STMicroelectronics X-CUBE-AZRTOS-F7 1.1.0
2024-12-09 09:21:18,948 [INFO] ThirdParty:1030 - CMSIS Pack Vendor :STMicroelectronics X-CUBE-AZRTOS-L5 2.0.0
2024-12-09 09:21:18,948 [INFO] ThirdParty:1030 - CMSIS Pack Vendor :STMicroelectronics USB_DEVICE 2.0.0
2024-12-09 09:21:18,948 [INFO] ThirdParty:1030 - CMSIS Pack Vendor :STMicroelectronics X-CUBE-NFC6 3.1.0
2024-12-09 09:21:18,948 [INFO] ThirdParty:1030 - CMSIS Pack Vendor :STMicroelectronics FP-SNS-STBOX1 2.0.0
2024-12-09 09:21:18,948 [INFO] ThirdParty:1030 - CMSIS Pack Vendor :STMicroelectronics X-CUBE-MEMS1 11.0.0
2024-12-09 09:21:18,948 [INFO] ThirdParty:1030 - CMSIS Pack Vendor :STMicroelectronics FreeRTOS 0.0.1
2024-12-09 09:21:18,948 [INFO] ThirdParty:1030 - CMSIS Pack Vendor :STMicroelectronics X-CUBE-AZRTOS-G0 1.1.0
2024-12-09 09:21:18,948 [INFO] ThirdParty:1030 - CMSIS Pack Vendor :STMicroelectronics X-CUBE-SAFEA1 1.2.2
2024-12-09 09:21:18,948 [INFO] ThirdParty:1030 - CMSIS Pack Vendor :STMicroelectronics X-CUBE-NFC4 3.0.0
2024-12-09 09:21:18,948 [INFO] ThirdParty:1030 - CMSIS Pack Vendor :STMicroelectronics X-CUBE-DPower 1.2.0
2024-12-09 09:21:18,948 [INFO] ThirdParty:1030 - CMSIS Pack Vendor :STMicroelectronics X-CUBE-SUBG2 5.0.0
2024-12-09 09:21:18,948 [INFO] ThirdParty:1030 - CMSIS Pack Vendor :STMicroelectronics STM32_WPAN 1.0.0
2024-12-09 09:21:18,948 [INFO] ThirdParty:1030 - CMSIS Pack Vendor :EmbeddedOffice I-CUBE-FS-RTOS 1.0.1
2024-12-09 09:21:18,948 [INFO] ThirdParty:1030 - CMSIS Pack Vendor :STMicroelectronics lwIP 2.0.3
2024-12-09 09:21:18,948 [INFO] ThirdParty:1030 - CMSIS Pack Vendor :STMicroelectronics FP-SNS-FLIGHT1 5.0.2
2024-12-09 09:21:18,948 [INFO] ThirdParty:1030 - CMSIS Pack Vendor :Cesanta I-CUBE-Mongoose 7.13.0
2024-12-09 09:21:18,948 [INFO] ThirdParty:1030 - CMSIS Pack Vendor :STMicroelectronics USB_HOST 1.0.0
2024-12-09 09:21:18,948 [INFO] ThirdParty:1030 - CMSIS Pack Vendor :Infineon AIROC-Wi-Fi-Bluetooth-STM32 1.7.0
2024-12-09 09:21:18,948 [INFO] ThirdParty:1030 - CMSIS Pack Vendor :STMicroelectronics X-CUBE-AZRTOS-G4 2.0.0
2024-12-09 09:21:18,948 [INFO] ThirdParty:1030 - CMSIS Pack Vendor :STMicroelectronics PDM2PCM 3.1.0
2024-12-09 09:21:18,948 [INFO] ThirdParty:1030 - CMSIS Pack Vendor :STMicroelectronics PDM2PCM 3.3.0
2024-12-09 09:21:18,948 [INFO] ThirdParty:1030 - CMSIS Pack Vendor :STMicroelectronics X-CUBE-DISPLAY 3.0.0
2024-12-09 09:21:18,948 [INFO] ThirdParty:1030 - CMSIS Pack Vendor :RealThread X-CUBE-RT-Thread_Nano 4.1.1
2024-12-09 09:21:18,948 [INFO] ThirdParty:1030 - CMSIS Pack Vendor :STMicroelectronics X-CUBE-BLE1 7.0.0
2024-12-09 09:21:18,948 [INFO] ThirdParty:1030 - CMSIS Pack Vendor :STMicroelectronics FP-ATR-SIGFOX1 3.2.0
2024-12-09 09:21:18,948 [INFO] ThirdParty:1030 - CMSIS Pack Vendor :STMicroelectronics X-CUBE-NFC10 1.0.0
2024-12-09 09:21:18,948 [INFO] ThirdParty:1030 - CMSIS Pack Vendor :quantropi X-CUBE-qispace-sdk-base 1.9.3
2024-12-09 09:21:18,948 [INFO] ThirdParty:1030 - CMSIS Pack Vendor :STMicroelectronics X-CUBE-BLEMGR 4.0.0
2024-12-09 09:21:18,948 [INFO] ThirdParty:1030 - CMSIS Pack Vendor :STMicroelectronics X-CUBE-EEPRMA1 5.1.0
2024-12-09 09:21:18,948 [INFO] ThirdParty:1030 - CMSIS Pack Vendor :STMicroelectronics HAL Drivers 0.0.0
2024-12-09 09:21:18,948 [INFO] ThirdParty:1030 - CMSIS Pack Vendor :STMicroelectronics MBEDTLS 2.16.2
2024-12-09 09:21:18,948 [INFO] ThirdParty:1030 - CMSIS Pack Vendor :STMicroelectronics X-CUBE-ALS 1.0.2
2024-12-09 09:21:18,948 [INFO] ThirdParty:1030 - CMSIS Pack Vendor :emotas I-CUBE-CANOPEN 1.3.0
2024-12-09 09:21:18,948 [INFO] ThirdParty:1030 - CMSIS Pack Vendor :wolfSSL I-CUBE-wolfSSL 5.7.4
2024-12-09 09:21:18,948 [INFO] ThirdParty:1030 - CMSIS Pack Vendor :STMicroelectronics X-CUBE-NFC7 1.0.1
2024-12-09 09:21:18,948 [INFO] ThirdParty:1030 - CMSIS Pack Vendor :STMicroelectronics MBEDTLS 2.14.1
2024-12-09 09:21:18,948 [INFO] ThirdParty:1030 - CMSIS Pack Vendor :ITTIA_DB I-CUBE-ITTIADB 8.9.0
2024-12-09 09:21:18,948 [INFO] ThirdParty:1030 - CMSIS Pack Vendor :STMicroelectronics X-CUBE-TOUCHGFX 4.24.1
2024-12-09 09:21:18,948 [INFO] ThirdParty:1030 - CMSIS Pack Vendor :wolfSSL I-CUBE-wolfTPM 3.4.0
2024-12-09 09:21:18,949 [INFO] ThirdParty:1030 - CMSIS Pack Vendor :portGmbH I-Cube-SoM-uGOAL 1.1.0
2024-12-09 09:21:18,949 [INFO] ThirdParty:1030 - CMSIS Pack Vendor :STMicroelectronics X-CUBE-BLEMGR 3.1.0
2024-12-09 09:21:18,949 [INFO] ThirdParty:1030 - CMSIS Pack Vendor :STMicroelectronics ThreadX 1.0.0
2024-12-09 09:21:18,949 [INFO] ThirdParty:1030 - CMSIS Pack Vendor :STMicroelectronics FP-SNS-SMARTAG2 1.2.0
2024-12-09 09:21:18,949 [INFO] ThirdParty:1030 - CMSIS Pack Vendor :STMicroelectronics X-CUBE-AZRTOS-WL 2.0.0
2024-12-09 09:21:18,949 [INFO] ThirdParty:1030 - CMSIS Pack Vendor :SEGGER I-CUBE-embOS 1.3.1
2024-12-09 09:21:18,949 [INFO] ThirdParty:1030 - CMSIS Pack Vendor :STMicroelectronics X-CUBE-ALGOBUILD 1.4.0
2024-12-09 09:21:18,949 [INFO] ThirdParty:1030 - CMSIS Pack Vendor :STMicroelectronics FP-SNS-MOTENV1 5.0.0
2024-12-09 09:21:18,949 [INFO] ThirdParty:1030 - CMSIS Pack Vendor :STMicroelectronics USB_DEVICE 1.0.0
2024-12-09 09:21:18,949 [INFO] ThirdParty:1030 - CMSIS Pack Vendor :STMicroelectronics X-CUBE-AZRTOS-H7RS 1.0.0
2024-12-09 09:21:18,949 [INFO] ThirdParty:1030 - CMSIS Pack Vendor :wolfSSL I-CUBE-wolfMQTT 1.19.0
2024-12-09 09:21:18,949 [INFO] ThirdParty:1030 - CMSIS Pack Vendor :STMicroelectronics X-CUBE-AZRTOS-L4 2.0.0
2024-12-09 09:21:18,949 [INFO] ThirdParty:1030 - CMSIS Pack Vendor :STMicroelectronics ThreadX 0.0.2
2024-12-09 09:21:18,949 [INFO] ThirdParty:1030 - CMSIS Pack Vendor :WES I-CUBE-Cesium 1.3.0
2024-12-09 09:21:18,949 [INFO] ThirdParty:1030 - CMSIS Pack Vendor :STMicroelectronics lwIP 2.1.2
2024-12-09 09:21:18,949 [INFO] ThirdParty:1030 - CMSIS Pack Vendor :STMicroelectronics X-CUBE-SFXS2LP1 4.0.0
2024-12-09 09:21:18,949 [INFO] ThirdParty:1030 - CMSIS Pack Vendor :STMicroelectronics X-CUBE-BLE2 3.3.0
2024-12-09 09:21:18,949 [INFO] ThirdParty:1030 - CMSIS Pack Vendor :STMicroelectronics X-CUBE-TOF1 3.4.2
2024-12-09 09:21:18,949 [INFO] ThirdParty:1030 - CMSIS Pack Vendor :STMicroelectronics X-CUBE-AI 9.1.0
2024-12-09 09:21:18,949 [INFO] ThirdParty:1030 - CMSIS Pack Vendor :STMicroelectronics PDM2PCM 3.2.0
2024-12-09 09:21:18,949 [INFO] ThirdParty:1030 - CMSIS Pack Vendor :wolfSSL I-CUBE-wolfSSH 1.4.17
2024-12-09 09:21:18,949 [INFO] ThirdParty:841 - exiting critical section [change project]
2024-12-09 09:21:19,180 [INFO] PinOutPanel:1589 - setPackage(No Configuration,No Configuration)
2024-12-09 09:21:19,181 [INFO] PinOutPanel:1589 - setPackage(STM32L496ZGTxP,LQFP144)
2024-12-09 09:21:19,579 [INFO] UtilMem:75 - Before build in PCC Used Memory: 402991096 Bytes (914358272)
2024-12-09 09:21:19,946 [INFO] UtilMem:75 - After build in PCC Used Memory: 507322360 Bytes (914358272)
2024-12-09 09:21:19,968 [INFO] IPUIPlugin:80 - create IPUIPlugin
2024-12-09 09:21:19,968 [INFO] IPUIPlugin:80 - create IPUIPlugin
2024-12-09 09:21:19,968 [INFO] IPUIPlugin:80 - create IPUIPlugin
2024-12-09 09:21:19,968 [INFO] IPUIPlugin:80 - create IPUIPlugin
2024-12-09 09:21:19,968 [INFO] IPUIPlugin:80 - create IPUIPlugin
2024-12-09 09:21:19,968 [INFO] IPUIPlugin:80 - create IPUIPlugin
2024-12-09 09:21:19,968 [INFO] IPUIPlugin:80 - create IPUIPlugin
2024-12-09 09:21:19,969 [INFO] IPUIPlugin:80 - create IPUIPlugin
2024-12-09 09:21:19,969 [INFO] IPUIPlugin:80 - create IPUIPlugin
2024-12-09 09:21:19,969 [INFO] IPUIPlugin:80 - create IPUIPlugin
2024-12-09 09:21:19,969 [INFO] IPUIPlugin:80 - create IPUIPlugin
2024-12-09 09:21:19,969 [INFO] IPUIPlugin:80 - create IPUIPlugin
2024-12-09 09:21:19,969 [INFO] IPUIPlugin:80 - create IPUIPlugin
2024-12-09 09:21:19,969 [INFO] IPUIPlugin:80 - create IPUIPlugin
2024-12-09 09:21:19,970 [INFO] IPUIPlugin:80 - create IPUIPlugin
2024-12-09 09:21:19,970 [INFO] IPUIPlugin:80 - create IPUIPlugin
2024-12-09 09:21:19,970 [INFO] IPUIPlugin:80 - create IPUIPlugin
2024-12-09 09:21:19,970 [INFO] IPUIPlugin:80 - create IPUIPlugin
2024-12-09 09:21:19,970 [INFO] IPUIPlugin:80 - create IPUIPlugin
2024-12-09 09:21:19,970 [INFO] IPUIPlugin:80 - create IPUIPlugin
2024-12-09 09:21:19,971 [INFO] IPUIPlugin:80 - create IPUIPlugin
2024-12-09 09:21:19,971 [INFO] IPUIPlugin:80 - create IPUIPlugin
2024-12-09 09:21:19,971 [INFO] IPUIPlugin:80 - create IPUIPlugin
2024-12-09 09:21:19,971 [INFO] IPUIPlugin:80 - create IPUIPlugin
2024-12-09 09:21:19,971 [INFO] IPUIPlugin:80 - create IPUIPlugin
2024-12-09 09:21:19,971 [INFO] IPUIPlugin:80 - create IPUIPlugin
2024-12-09 09:21:19,971 [INFO] IPUIPlugin:80 - create IPUIPlugin
2024-12-09 09:21:19,971 [INFO] IPUIPlugin:80 - create IPUIPlugin
2024-12-09 09:21:19,971 [INFO] IPUIPlugin:80 - create IPUIPlugin
2024-12-09 09:21:19,972 [INFO] IPUIPlugin:80 - create IPUIPlugin
2024-12-09 09:21:19,972 [INFO] IPUIPlugin:80 - create IPUIPlugin
2024-12-09 09:21:19,972 [INFO] IPUIPlugin:80 - create IPUIPlugin
2024-12-09 09:21:19,972 [INFO] IPUIPlugin:80 - create IPUIPlugin
2024-12-09 09:21:19,972 [INFO] IPUIPlugin:80 - create IPUIPlugin
2024-12-09 09:21:19,973 [INFO] IPUIPlugin:80 - create IPUIPlugin
2024-12-09 09:21:19,973 [INFO] IPUIPlugin:80 - create IPUIPlugin
2024-12-09 09:21:19,973 [INFO] IPUIPlugin:80 - create IPUIPlugin
2024-12-09 09:21:19,973 [INFO] IPUIPlugin:80 - create IPUIPlugin
2024-12-09 09:21:19,973 [INFO] IPUIPlugin:80 - create IPUIPlugin
2024-12-09 09:21:19,973 [INFO] IPUIPlugin:80 - create IPUIPlugin
2024-12-09 09:21:19,973 [INFO] IPUIPlugin:80 - create IPUIPlugin
2024-12-09 09:21:19,974 [INFO] IPUIPlugin:80 - create IPUIPlugin
2024-12-09 09:21:19,974 [INFO] IPUIPlugin:80 - create IPUIPlugin
2024-12-09 09:21:19,974 [INFO] IPUIPlugin:80 - create IPUIPlugin
2024-12-09 09:21:19,974 [INFO] IPUIPlugin:80 - create IPUIPlugin
2024-12-09 09:21:19,974 [INFO] IPUIPlugin:80 - create IPUIPlugin
2024-12-09 09:21:19,974 [INFO] IPUIPlugin:80 - create IPUIPlugin
2024-12-09 09:21:19,975 [INFO] IPUIPlugin:80 - create IPUIPlugin
2024-12-09 09:21:19,975 [INFO] IPUIPlugin:80 - create IPUIPlugin
2024-12-09 09:21:19,975 [INFO] IPUIPlugin:80 - create IPUIPlugin
2024-12-09 09:21:19,975 [INFO] IPUIPlugin:80 - create IPUIPlugin
2024-12-09 09:21:19,975 [INFO] IPUIPlugin:80 - create IPUIPlugin
2024-12-09 09:21:19,975 [INFO] IPUIPlugin:80 - create IPUIPlugin
2024-12-09 09:21:19,975 [INFO] IPUIPlugin:80 - create IPUIPlugin
2024-12-09 09:21:19,976 [INFO] IPUIPlugin:80 - create IPUIPlugin
2024-12-09 09:21:19,976 [INFO] IPUIPlugin:80 - create IPUIPlugin
2024-12-09 09:21:19,976 [INFO] IPUIPlugin:80 - create IPUIPlugin
2024-12-09 09:21:19,976 [INFO] IPUIPlugin:80 - create IPUIPlugin
2024-12-09 09:21:19,976 [INFO] IPUIPlugin:80 - create IPUIPlugin
2024-12-09 09:21:19,977 [INFO] IPUIPlugin:80 - create IPUIPlugin
2024-12-09 09:21:19,977 [INFO] IPUIPlugin:80 - create IPUIPlugin
2024-12-09 09:21:19,977 [INFO] IPUIPlugin:80 - create IPUIPlugin
2024-12-09 09:21:19,977 [INFO] IPUIPlugin:80 - create IPUIPlugin
2024-12-09 09:21:19,978 [INFO] IPUIPlugin:80 - create IPUIPlugin
2024-12-09 09:21:19,978 [INFO] IPUIPlugin:80 - create IPUIPlugin
2024-12-09 09:21:20,031 [INFO] CADModel:165 - CPN selected for project levelSTM32L496ZGT6P
2024-12-09 09:21:20,031 [INFO] CADModel:114 - Register for checkConnection events
2024-12-09 09:21:20,124 [INFO] OpenFileManager:363 - Restore cursor
2024-12-09 09:21:47,493 [INFO] MainUpdater:2872 - connection check result : 10
2024-12-09 09:21:47,493 [INFO] MainUpdater:2872 - connection check result : 10
2024-12-09 09:21:47,541 [INFO] MicroXplorer:468 - Change Database Path : 
2024-12-09 09:21:47,541 [INFO] MicroXplorer:498 - Change Database Version : DB.6.0.130
2024-12-09 09:21:47,571 [ERROR] ProjectManagerView:394 - 
java.lang.NullPointerException: Cannot invoke "javax.swing.JTextField.getText()" because the return value of "java.util.List.get(int)" is null
	at com.st.microxplorer.plugins.projectmanager.gui.ProjectChoiceTab$9.caretUpdate(ProjectChoiceTab.java:2616) ~[filemanager.jar:?]
	at javax.swing.text.JTextComponent.fireCaretUpdate(JTextComponent.java:408) ~[?:?]
	at javax.swing.text.JTextComponent$MutableCaretEvent.fire(JTextComponent.java:4484) ~[?:?]
	at javax.swing.text.JTextComponent$MutableCaretEvent.stateChanged(JTextComponent.java:4506) ~[?:?]
	at javax.swing.text.DefaultCaret.fireStateChanged(DefaultCaret.java:857) ~[?:?]
	at javax.swing.text.DefaultCaret.changeCaretPosition(DefaultCaret.java:1343) ~[?:?]
	at javax.swing.text.DefaultCaret.handleSetDot(DefaultCaret.java:1242) ~[?:?]
	at javax.swing.text.DefaultCaret.setDot(DefaultCaret.java:1223) ~[?:?]
	at javax.swing.text.DefaultCaret$Handler.insertUpdate(DefaultCaret.java:1819) ~[?:?]
	at javax.swing.text.AbstractDocument.fireInsertUpdate(AbstractDocument.java:227) ~[?:?]
	at javax.swing.text.AbstractDocument.handleInsertString(AbstractDocument.java:781) ~[?:?]
	at javax.swing.text.AbstractDocument.insertString(AbstractDocument.java:740) ~[?:?]
	at javax.swing.text.PlainDocument.insertString(PlainDocument.java:131) ~[?:?]
	at javax.swing.text.AbstractDocument.replace(AbstractDocument.java:699) ~[?:?]
	at javax.swing.text.JTextComponent.setText(JTextComponent.java:1725) ~[?:?]
	at com.st.microxplorer.plugins.projectmanager.gui.ProjectChoiceTab.createHeapStackFields(ProjectChoiceTab.java:975) ~[filemanager.jar:?]
	at com.st.microxplorer.plugins.projectmanager.gui.ProjectChoiceTab.buildLinkSettingsPanel(ProjectChoiceTab.java:3666) ~[filemanager.jar:?]
	at com.st.microxplorer.plugins.projectmanager.gui.ProjectChoiceTab.defineWindowsFields(ProjectChoiceTab.java:1934) ~[filemanager.jar:?]
	at com.st.microxplorer.plugins.projectmanager.gui.ProjectChoiceTab.updateSettings(ProjectChoiceTab.java:553) ~[filemanager.jar:?]
	at com.st.microxplorer.plugins.projectmanager.gui.ProjectSettingsPanel.UpdateDialog(ProjectSettingsPanel.java:245) ~[filemanager.jar:?]
	at com.st.microxplorer.plugins.projectmanager.ProjectManagerView.propertyChange(ProjectManagerView.java:391) ~[filemanager.jar:?]
	at java.beans.PropertyChangeSupport.fire(PropertyChangeSupport.java:343) ~[?:?]
	at java.beans.PropertyChangeSupport.firePropertyChange(PropertyChangeSupport.java:335) ~[?:?]
	at java.beans.PropertyChangeSupport.firePropertyChange(PropertyChangeSupport.java:268) ~[?:?]
	at com.st.microxplorer.util.MXPropertyChangeSupport.firePropertyChange(MXPropertyChangeSupport.java:54) ~[STM32CubeMX.jar:?]
	at com.st.microxplorer.mxsystem.MxSystem.closeConfig(MxSystem.java:899) ~[STM32CubeMX.jar:?]
	at com.st.microxplorer.maingui.MainPanel.closeConfig(MainPanel.java:789) ~[STM32CubeMX.jar:?]
	at com.st.microxplorer.plugins.filemanager.engine.OpenFileManager.loadConfigurationFile(OpenFileManager.java:265) ~[filemanager.jar:?]
	at com.st.microxplorer.plugins.filemanager.engine.MainFileManager.userLoadConfig(MainFileManager.java:340) ~[filemanager.jar:?]
	at com.st.microxplorer.plugins.filemanager.engine.MainFileManager.userLoadConfig(MainFileManager.java:318) ~[filemanager.jar:?]
	at com.st.microxplorer.plugins.filemanager.FileManagerView.getSpecificTask(FileManagerView.java:246) ~[filemanager.jar:?]
	at com.st.stm32cube.common.mx.editor.CubeMxEditor.getMxTabbedPaneInstance(CubeMxEditor.java:1198) ~[com.st.stm32cube.common.mx_6.13.0.202411220809/:?]
	at com.st.stm32cube.common.mx.editor.CubeMxEditor$12$1.createSwingComponent(CubeMxEditor.java:1068) ~[com.st.stm32cube.common.mx_6.13.0.202411220809/:?]
	at com.st.stm32cube.common.mx.oss.core.awtswtbridge.EmbeddedSwingComposite.doComponentCreation(EmbeddedSwingComposite.java:492) ~[com.st.stm32cube.common.mx.oss_6.13.0.202411220809/:?]
	at com.st.stm32cube.common.mx.oss.core.awtswtbridge.EmbeddedSwingComposite$4.run(EmbeddedSwingComposite.java:291) ~[com.st.stm32cube.common.mx.oss_6.13.0.202411220809/:?]
	at com.st.stm32cube.common.mx.oss.core.awtswtbridge.AwtEnvironment$2.run(AwtEnvironment.java:166) ~[com.st.stm32cube.common.mx.oss_6.13.0.202411220809/:?]
	at java.awt.event.InvocationEvent.dispatch(InvocationEvent.java:318) ~[?:?]
	at java.awt.EventQueue.dispatchEventImpl(EventQueue.java:773) ~[?:?]
	at java.awt.EventQueue$4.run(EventQueue.java:720) ~[?:?]
	at java.awt.EventQueue$4.run(EventQueue.java:714) ~[?:?]
	at java.security.AccessController.doPrivileged(AccessController.java:400) ~[?:?]
	at java.security.ProtectionDomain$JavaSecurityAccessImpl.doIntersectionPrivilege(ProtectionDomain.java:87) ~[?:?]
	at java.awt.EventQueue.dispatchEvent(EventQueue.java:742) ~[?:?]
	at java.awt.EventDispatchThread.pumpOneEventForFilters(EventDispatchThread.java:203) ~[?:?]
	at java.awt.EventDispatchThread.pumpEventsForFilter(EventDispatchThread.java:124) ~[?:?]
	at java.awt.EventDispatchThread.pumpEventsForHierarchy(EventDispatchThread.java:113) ~[?:?]
	at java.awt.EventDispatchThread.pumpEvents(EventDispatchThread.java:109) ~[?:?]
	at java.awt.EventDispatchThread.pumpEvents(EventDispatchThread.java:101) ~[?:?]
	at java.awt.EventDispatchThread.run(EventDispatchThread.java:90) ~[?:?]
2024-12-09 09:21:47,574 [WARN] ThirdParty:871 - waiting for thirdparty lock release [close project]
2024-12-09 09:21:47,574 [INFO] ThirdParty:873 - entering critical section [close project]
2024-12-09 09:21:47,574 [INFO] ThirdParty:883 - exiting critical section [close project]
2024-12-09 09:21:47,578 [INFO] PinOutPanel:1589 - setPackage(No Configuration,No Configuration)
2024-12-09 09:21:47,593 [INFO] UtilMem:75 - Begin LoadConfig() Used Memory: 518018304 Bytes (914358272)
2024-12-09 09:21:47,594 [INFO] MicroXplorer:468 - Change Database Path : 
2024-12-09 09:21:47,594 [INFO] MicroXplorer:498 - Change Database Version : DB.6.0.130
2024-12-09 09:21:47,594 [INFO] OpenFileManager:332 - Change cursor
2024-12-09 09:21:47,602 [INFO] Mcu:2035 - Initializing MCU STM32L496ZGTxP STM32L496ZGTxP STM32L496ZGT6P
2024-12-09 09:21:48,773 [INFO] Context:748 - Trying to add GPIOservice into a context  which must be forbidden
2024-12-09 09:21:48,979 [INFO] RtosManager:555 - Registered RTOS mode: class=CMSIS, group=RTOS, mode=CMSIS_V1, owner=FREERTOS
2024-12-09 09:21:48,979 [INFO] RtosManager:555 - Registered RTOS mode: class=CMSIS, group=RTOS2, mode=CMSIS_V2, owner=FREERTOS
2024-12-09 09:21:48,979 [INFO] RtosManager:555 - Registered RTOS mode: class=RTOS, group=Core, mode=CMSIS_V1, owner=FREERTOS
2024-12-09 09:21:48,979 [INFO] RtosManager:555 - Registered RTOS mode: class=RTOS, group=Core, mode=CMSIS_V2, owner=FREERTOS
2024-12-09 09:21:48,979 [WARN] ModelIntegratedComponent:184 - Missing modes for component STMicroelectronics:FreeRTOS:0.0.1:STMicroelectronics:RTOS:FreeRTOS:Core:::10.2.0:
2024-12-09 09:21:48,983 [WARN] ModelIntegratedComponent:63 - No mode defined for component null
2024-12-09 09:21:48,983 [WARN] ModelIntegratedComponent:63 - No mode defined for component null
2024-12-09 09:21:48,983 [WARN] ModelIntegratedComponent:63 - No mode defined for component null
2024-12-09 09:21:48,983 [WARN] ModelIntegratedComponent:63 - No mode defined for component null
2024-12-09 09:21:48,983 [WARN] ModelIntegratedComponent:63 - No mode defined for component null
2024-12-09 09:21:48,983 [WARN] ModelIntegratedComponent:63 - No mode defined for component null
2024-12-09 09:21:48,983 [WARN] ModelIntegratedComponent:63 - No mode defined for component null
2024-12-09 09:21:48,983 [WARN] ModelIntegratedComponent:63 - No mode defined for component null
2024-12-09 09:21:48,983 [WARN] ModelIntegratedComponent:63 - No mode defined for component null
2024-12-09 09:21:48,983 [WARN] ModelIntegratedComponent:63 - No mode defined for component null
2024-12-09 09:21:48,983 [WARN] ModelIntegratedComponent:63 - No mode defined for component null
2024-12-09 09:21:48,983 [WARN] ModelIntegratedComponent:63 - No mode defined for component null
2024-12-09 09:21:48,983 [WARN] ModelIntegratedComponent:63 - No mode defined for component null
2024-12-09 09:21:48,983 [WARN] ModelIntegratedComponent:63 - No mode defined for component null
2024-12-09 09:21:48,983 [WARN] ModelIntegratedComponent:63 - No mode defined for component null
2024-12-09 09:21:48,983 [WARN] ModelIntegratedComponent:63 - No mode defined for component null
2024-12-09 09:21:48,983 [WARN] ModelIntegratedComponent:63 - No mode defined for component null
2024-12-09 09:21:48,983 [WARN] ModelIntegratedComponent:63 - No mode defined for component null
2024-12-09 09:21:48,983 [WARN] ModelIntegratedComponent:63 - No mode defined for component null
2024-12-09 09:21:48,983 [WARN] ModelIntegratedComponent:63 - No mode defined for component null
2024-12-09 09:21:48,983 [WARN] ModelIntegratedComponent:63 - No mode defined for component null
2024-12-09 09:21:48,983 [WARN] ModelIntegratedComponent:63 - No mode defined for component null
2024-12-09 09:21:48,983 [WARN] ModelIntegratedComponent:63 - No mode defined for component null
2024-12-09 09:21:48,983 [WARN] ModelIntegratedComponent:63 - No mode defined for component null
2024-12-09 09:21:48,983 [WARN] ModelIntegratedComponent:63 - No mode defined for component null
2024-12-09 09:21:48,983 [WARN] ModelIntegratedComponent:63 - No mode defined for component null
2024-12-09 09:21:48,983 [WARN] ModelIntegratedComponent:63 - No mode defined for component null
2024-12-09 09:21:48,983 [WARN] ModelIntegratedComponent:63 - No mode defined for component null
2024-12-09 09:21:48,983 [WARN] ModelIntegratedComponent:63 - No mode defined for component null
2024-12-09 09:21:48,983 [WARN] ModelIntegratedComponent:63 - No mode defined for component null
2024-12-09 09:21:48,983 [WARN] ModelIntegratedComponent:63 - No mode defined for component null
2024-12-09 09:21:48,983 [WARN] ModelIntegratedComponent:63 - No mode defined for component null
2024-12-09 09:21:48,983 [WARN] ModelIntegratedComponent:63 - No mode defined for component null
2024-12-09 09:21:48,983 [WARN] ModelIntegratedComponent:63 - No mode defined for component null
2024-12-09 09:21:48,983 [WARN] ModelIntegratedComponent:63 - No mode defined for component null
2024-12-09 09:21:48,983 [WARN] ModelPack:524 - Component already loaded: STMicroelectronics:HAL Drivers:0.0.0:STMicroelectronics:Device:STMicro_Driver:XSPI:HAL::0.0.1:HAL_XSPI
2024-12-09 09:21:48,991 [INFO] ThirdPartyModel:298 - Start build external matchings
2024-12-09 09:21:49,125 [INFO] ThirdPartyModel:316 - End build external matchings
2024-12-09 09:21:49,133 [INFO] ImportTextPane:218 - (OptionalMessage_ERROR) IP (DMA) : Parameter (Instance) has Id (SPI1_RX) currently not set
2024-12-09 09:21:49,133 [INFO] ImportTextPane:218 - (OptionalMessage_ERROR) IP (DMA) : Parameter (Request) has Id (SPI1_RX) currently not set
2024-12-09 09:21:49,133 [INFO] ImportTextPane:218 - (OptionalMessage_ERROR) IP (DMA) : Parameter (Direction) has Id (SPI1_RX) currently not set
2024-12-09 09:21:49,133 [INFO] ImportTextPane:218 - (OptionalMessage_ERROR) IP (DMA) : Parameter (PeriphInc) has Id (SPI1_RX) currently not set
2024-12-09 09:21:49,133 [INFO] ImportTextPane:218 - (OptionalMessage_ERROR) IP (DMA) : Parameter (MemInc) has Id (SPI1_RX) currently not set
2024-12-09 09:21:49,133 [INFO] ImportTextPane:218 - (OptionalMessage_ERROR) IP (DMA) : Parameter (PeriphDataAlignment) has Id (SPI1_RX) currently not set
2024-12-09 09:21:49,133 [INFO] ImportTextPane:218 - (OptionalMessage_ERROR) IP (DMA) : Parameter (MemDataAlignment) has Id (SPI1_RX) currently not set
2024-12-09 09:21:49,133 [INFO] ImportTextPane:218 - (OptionalMessage_ERROR) IP (DMA) : Parameter (Mode) has Id (SPI1_RX) currently not set
2024-12-09 09:21:49,133 [INFO] ImportTextPane:218 - (OptionalMessage_ERROR) IP (DMA) : Parameter (Priority) has Id (SPI1_RX) currently not set
2024-12-09 09:21:49,133 [INFO] ImportTextPane:218 - (OptionalMessage_ERROR) IP (DMA) : Parameter (Instance) has Id (SPI1_TX) currently not set
2024-12-09 09:21:49,133 [INFO] ImportTextPane:218 - (OptionalMessage_ERROR) IP (DMA) : Parameter (Request) has Id (SPI1_TX) currently not set
2024-12-09 09:21:49,133 [INFO] ImportTextPane:218 - (OptionalMessage_ERROR) IP (DMA) : Parameter (Direction) has Id (SPI1_TX) currently not set
2024-12-09 09:21:49,134 [INFO] ImportTextPane:218 - (OptionalMessage_ERROR) IP (DMA) : Parameter (PeriphInc) has Id (SPI1_TX) currently not set
2024-12-09 09:21:49,134 [INFO] ImportTextPane:218 - (OptionalMessage_ERROR) IP (DMA) : Parameter (MemInc) has Id (SPI1_TX) currently not set
2024-12-09 09:21:49,134 [INFO] ImportTextPane:218 - (OptionalMessage_ERROR) IP (DMA) : Parameter (PeriphDataAlignment) has Id (SPI1_TX) currently not set
2024-12-09 09:21:49,134 [INFO] ImportTextPane:218 - (OptionalMessage_ERROR) IP (DMA) : Parameter (MemDataAlignment) has Id (SPI1_TX) currently not set
2024-12-09 09:21:49,134 [INFO] ImportTextPane:218 - (OptionalMessage_ERROR) IP (DMA) : Parameter (Mode) has Id (SPI1_TX) currently not set
2024-12-09 09:21:49,134 [INFO] ImportTextPane:218 - (OptionalMessage_ERROR) IP (DMA) : Parameter (Priority) has Id (SPI1_TX) currently not set
2024-12-09 09:21:49,134 [INFO] ImportTextPane:218 - (OptionalMessage_ERROR) IP (DMA) : Parameter (Instance) has Id (USART1_RX) currently not set
2024-12-09 09:21:49,134 [INFO] ImportTextPane:218 - (OptionalMessage_ERROR) IP (DMA) : Parameter (Request) has Id (USART1_RX) currently not set
2024-12-09 09:21:49,134 [INFO] ImportTextPane:218 - (OptionalMessage_ERROR) IP (DMA) : Parameter (Direction) has Id (USART1_RX) currently not set
2024-12-09 09:21:49,134 [INFO] ImportTextPane:218 - (OptionalMessage_ERROR) IP (DMA) : Parameter (PeriphInc) has Id (USART1_RX) currently not set
2024-12-09 09:21:49,134 [INFO] ImportTextPane:218 - (OptionalMessage_ERROR) IP (DMA) : Parameter (MemInc) has Id (USART1_RX) currently not set
2024-12-09 09:21:49,134 [INFO] ImportTextPane:218 - (OptionalMessage_ERROR) IP (DMA) : Parameter (PeriphDataAlignment) has Id (USART1_RX) currently not set
2024-12-09 09:21:49,134 [INFO] ImportTextPane:218 - (OptionalMessage_ERROR) IP (DMA) : Parameter (MemDataAlignment) has Id (USART1_RX) currently not set
2024-12-09 09:21:49,134 [INFO] ImportTextPane:218 - (OptionalMessage_ERROR) IP (DMA) : Parameter (Mode) has Id (USART1_RX) currently not set
2024-12-09 09:21:49,134 [INFO] ImportTextPane:218 - (OptionalMessage_ERROR) IP (DMA) : Parameter (Priority) has Id (USART1_RX) currently not set
2024-12-09 09:21:49,134 [INFO] ImportTextPane:218 - (OptionalMessage_ERROR) IP (DMA) : Parameter (Instance) has Id (USART1_TX) currently not set
2024-12-09 09:21:49,134 [INFO] ImportTextPane:218 - (OptionalMessage_ERROR) IP (DMA) : Parameter (Request) has Id (USART1_TX) currently not set
2024-12-09 09:21:49,134 [INFO] ImportTextPane:218 - (OptionalMessage_ERROR) IP (DMA) : Parameter (Direction) has Id (USART1_TX) currently not set
2024-12-09 09:21:49,134 [INFO] ImportTextPane:218 - (OptionalMessage_ERROR) IP (DMA) : Parameter (PeriphInc) has Id (USART1_TX) currently not set
2024-12-09 09:21:49,134 [INFO] ImportTextPane:218 - (OptionalMessage_ERROR) IP (DMA) : Parameter (MemInc) has Id (USART1_TX) currently not set
2024-12-09 09:21:49,134 [INFO] ImportTextPane:218 - (OptionalMessage_ERROR) IP (DMA) : Parameter (PeriphDataAlignment) has Id (USART1_TX) currently not set
2024-12-09 09:21:49,134 [INFO] ImportTextPane:218 - (OptionalMessage_ERROR) IP (DMA) : Parameter (MemDataAlignment) has Id (USART1_TX) currently not set
2024-12-09 09:21:49,134 [INFO] ImportTextPane:218 - (OptionalMessage_ERROR) IP (DMA) : Parameter (Mode) has Id (USART1_TX) currently not set
2024-12-09 09:21:49,134 [INFO] ImportTextPane:218 - (OptionalMessage_ERROR) IP (DMA) : Parameter (Priority) has Id (USART1_TX) currently not set
2024-12-09 09:21:49,457 [INFO] UtilMem:75 - End LoadConfig() Used Memory: 472562256 Bytes (914358272)
2024-12-09 09:21:49,512 [WARN] ThirdParty:833 - waiting for thirdparty lock release [change project]
2024-12-09 09:21:49,512 [INFO] ThirdParty:835 - entering critical section [change project]
2024-12-09 09:21:49,512 [INFO] ThirdParty:1030 - CMSIS Pack Vendor :STMicroelectronics USBPD 4.1
2024-12-09 09:21:49,512 [INFO] ThirdParty:1030 - CMSIS Pack Vendor :STMicroelectronics X-CUBE-AZRTOS-H7 3.3.0
2024-12-09 09:21:49,512 [INFO] ThirdParty:1030 - CMSIS Pack Vendor :STMicroelectronics X-CUBE-NFC9 1.0.0
2024-12-09 09:21:49,512 [INFO] ThirdParty:1030 - CMSIS Pack Vendor :STMicroelectronics USB_HOST 2.0.0
2024-12-09 09:21:49,512 [INFO] ThirdParty:1030 - CMSIS Pack Vendor :STMicroelectronics FP-SNS-MOTENVWB1 1.4.0
2024-12-09 09:21:49,512 [INFO] ThirdParty:1030 - CMSIS Pack Vendor :STMicroelectronics X-CUBE-AZRTOS-F4 1.1.0
2024-12-09 09:21:49,512 [INFO] ThirdParty:1030 - CMSIS Pack Vendor :STMicroelectronics LIBJPEG 8.0.0
2024-12-09 09:21:49,512 [INFO] ThirdParty:1030 - CMSIS Pack Vendor :STMicroelectronics FP-ATR-ASTRA1 2.0.1
2024-12-09 09:21:49,512 [INFO] ThirdParty:1030 - CMSIS Pack Vendor :STMicroelectronics X-CUBE-SMBUS 2.1.0
2024-12-09 09:21:49,512 [INFO] ThirdParty:1030 - CMSIS Pack Vendor :STMicroelectronics X-CUBE-WB05N 1.1.0
2024-12-09 09:21:49,512 [INFO] ThirdParty:1030 - CMSIS Pack Vendor :STMicroelectronics USB_DEVICE 3.0.0
2024-12-09 09:21:49,512 [INFO] ThirdParty:1030 - CMSIS Pack Vendor :STMicroelectronics X-CUBE-TCPP 4.1.0
2024-12-09 09:21:49,512 [INFO] ThirdParty:1030 - CMSIS Pack Vendor :STMicroelectronics X-CUBE-ISPU 2.1.0
2024-12-09 09:21:49,512 [INFO] ThirdParty:1030 - CMSIS Pack Vendor :STMicroelectronics X-CUBE-FREERTOS 1.2.0
2024-12-09 09:21:49,512 [INFO] ThirdParty:1030 - CMSIS Pack Vendor :STMicroelectronics X-CUBE-IPS 3.0.0
2024-12-09 09:21:49,512 [INFO] ThirdParty:1030 - CMSIS Pack Vendor :STMicroelectronics X-CUBE-AZRTOS-WB 2.0.0
2024-12-09 09:21:49,512 [INFO] ThirdParty:1030 - CMSIS Pack Vendor :STMicroelectronics X-CUBE-GNSS1 7.0.0
2024-12-09 09:21:49,512 [INFO] ThirdParty:1030 - CMSIS Pack Vendor :STMicroelectronics X-CUBE-AZRTOS-F7 1.1.0
2024-12-09 09:21:49,512 [INFO] ThirdParty:1030 - CMSIS Pack Vendor :STMicroelectronics X-CUBE-AZRTOS-L5 2.0.0
2024-12-09 09:21:49,512 [INFO] ThirdParty:1030 - CMSIS Pack Vendor :STMicroelectronics USB_DEVICE 2.0.0
2024-12-09 09:21:49,512 [INFO] ThirdParty:1030 - CMSIS Pack Vendor :STMicroelectronics X-CUBE-NFC6 3.1.0
2024-12-09 09:21:49,512 [INFO] ThirdParty:1030 - CMSIS Pack Vendor :STMicroelectronics FP-SNS-STBOX1 2.0.0
2024-12-09 09:21:49,512 [INFO] ThirdParty:1030 - CMSIS Pack Vendor :STMicroelectronics X-CUBE-MEMS1 11.0.0
2024-12-09 09:21:49,512 [INFO] ThirdParty:1030 - CMSIS Pack Vendor :STMicroelectronics FreeRTOS 0.0.1
2024-12-09 09:21:49,512 [INFO] ThirdParty:1030 - CMSIS Pack Vendor :STMicroelectronics X-CUBE-AZRTOS-G0 1.1.0
2024-12-09 09:21:49,512 [INFO] ThirdParty:1030 - CMSIS Pack Vendor :STMicroelectronics X-CUBE-SAFEA1 1.2.2
2024-12-09 09:21:49,512 [INFO] ThirdParty:1030 - CMSIS Pack Vendor :STMicroelectronics X-CUBE-NFC4 3.0.0
2024-12-09 09:21:49,512 [INFO] ThirdParty:1030 - CMSIS Pack Vendor :STMicroelectronics X-CUBE-DPower 1.2.0
2024-12-09 09:21:49,512 [INFO] ThirdParty:1030 - CMSIS Pack Vendor :STMicroelectronics X-CUBE-SUBG2 5.0.0
2024-12-09 09:21:49,512 [INFO] ThirdParty:1030 - CMSIS Pack Vendor :STMicroelectronics STM32_WPAN 1.0.0
2024-12-09 09:21:49,512 [INFO] ThirdParty:1030 - CMSIS Pack Vendor :EmbeddedOffice I-CUBE-FS-RTOS 1.0.1
2024-12-09 09:21:49,512 [INFO] ThirdParty:1030 - CMSIS Pack Vendor :STMicroelectronics lwIP 2.0.3
2024-12-09 09:21:49,512 [INFO] ThirdParty:1030 - CMSIS Pack Vendor :STMicroelectronics FP-SNS-FLIGHT1 5.0.2
2024-12-09 09:21:49,512 [INFO] ThirdParty:1030 - CMSIS Pack Vendor :Cesanta I-CUBE-Mongoose 7.13.0
2024-12-09 09:21:49,512 [INFO] ThirdParty:1030 - CMSIS Pack Vendor :STMicroelectronics USB_HOST 1.0.0
2024-12-09 09:21:49,512 [INFO] ThirdParty:1030 - CMSIS Pack Vendor :Infineon AIROC-Wi-Fi-Bluetooth-STM32 1.7.0
2024-12-09 09:21:49,512 [INFO] ThirdParty:1030 - CMSIS Pack Vendor :STMicroelectronics X-CUBE-AZRTOS-G4 2.0.0
2024-12-09 09:21:49,513 [INFO] ThirdParty:1030 - CMSIS Pack Vendor :STMicroelectronics PDM2PCM 3.1.0
2024-12-09 09:21:49,513 [INFO] ThirdParty:1030 - CMSIS Pack Vendor :STMicroelectronics PDM2PCM 3.3.0
2024-12-09 09:21:49,513 [INFO] ThirdParty:1030 - CMSIS Pack Vendor :STMicroelectronics X-CUBE-DISPLAY 3.0.0
2024-12-09 09:21:49,513 [INFO] ThirdParty:1030 - CMSIS Pack Vendor :RealThread X-CUBE-RT-Thread_Nano 4.1.1
2024-12-09 09:21:49,513 [INFO] ThirdParty:1030 - CMSIS Pack Vendor :STMicroelectronics X-CUBE-BLE1 7.0.0
2024-12-09 09:21:49,513 [INFO] ThirdParty:1030 - CMSIS Pack Vendor :STMicroelectronics FP-ATR-SIGFOX1 3.2.0
2024-12-09 09:21:49,513 [INFO] ThirdParty:1030 - CMSIS Pack Vendor :STMicroelectronics X-CUBE-NFC10 1.0.0
2024-12-09 09:21:49,513 [INFO] ThirdParty:1030 - CMSIS Pack Vendor :quantropi X-CUBE-qispace-sdk-base 1.9.3
2024-12-09 09:21:49,513 [INFO] ThirdParty:1030 - CMSIS Pack Vendor :STMicroelectronics X-CUBE-BLEMGR 4.0.0
2024-12-09 09:21:49,513 [INFO] ThirdParty:1030 - CMSIS Pack Vendor :STMicroelectronics X-CUBE-EEPRMA1 5.1.0
2024-12-09 09:21:49,513 [INFO] ThirdParty:1030 - CMSIS Pack Vendor :STMicroelectronics HAL Drivers 0.0.0
2024-12-09 09:21:49,513 [INFO] ThirdParty:1030 - CMSIS Pack Vendor :STMicroelectronics MBEDTLS 2.16.2
2024-12-09 09:21:49,513 [INFO] ThirdParty:1030 - CMSIS Pack Vendor :STMicroelectronics X-CUBE-ALS 1.0.2
2024-12-09 09:21:49,513 [INFO] ThirdParty:1030 - CMSIS Pack Vendor :emotas I-CUBE-CANOPEN 1.3.0
2024-12-09 09:21:49,513 [INFO] ThirdParty:1030 - CMSIS Pack Vendor :wolfSSL I-CUBE-wolfSSL 5.7.4
2024-12-09 09:21:49,513 [INFO] ThirdParty:1030 - CMSIS Pack Vendor :STMicroelectronics X-CUBE-NFC7 1.0.1
2024-12-09 09:21:49,513 [INFO] ThirdParty:1030 - CMSIS Pack Vendor :STMicroelectronics MBEDTLS 2.14.1
2024-12-09 09:21:49,513 [INFO] ThirdParty:1030 - CMSIS Pack Vendor :ITTIA_DB I-CUBE-ITTIADB 8.9.0
2024-12-09 09:21:49,513 [INFO] ThirdParty:1030 - CMSIS Pack Vendor :STMicroelectronics X-CUBE-TOUCHGFX 4.24.1
2024-12-09 09:21:49,513 [INFO] ThirdParty:1030 - CMSIS Pack Vendor :wolfSSL I-CUBE-wolfTPM 3.4.0
2024-12-09 09:21:49,513 [INFO] ThirdParty:1030 - CMSIS Pack Vendor :portGmbH I-Cube-SoM-uGOAL 1.1.0
2024-12-09 09:21:49,513 [INFO] ThirdParty:1030 - CMSIS Pack Vendor :STMicroelectronics X-CUBE-BLEMGR 3.1.0
2024-12-09 09:21:49,513 [INFO] ThirdParty:1030 - CMSIS Pack Vendor :STMicroelectronics ThreadX 1.0.0
2024-12-09 09:21:49,513 [INFO] ThirdParty:1030 - CMSIS Pack Vendor :STMicroelectronics FP-SNS-SMARTAG2 1.2.0
2024-12-09 09:21:49,513 [INFO] ThirdParty:1030 - CMSIS Pack Vendor :STMicroelectronics X-CUBE-AZRTOS-WL 2.0.0
2024-12-09 09:21:49,513 [INFO] ThirdParty:1030 - CMSIS Pack Vendor :SEGGER I-CUBE-embOS 1.3.1
2024-12-09 09:21:49,513 [INFO] ThirdParty:1030 - CMSIS Pack Vendor :STMicroelectronics X-CUBE-ALGOBUILD 1.4.0
2024-12-09 09:21:49,513 [INFO] ThirdParty:1030 - CMSIS Pack Vendor :STMicroelectronics FP-SNS-MOTENV1 5.0.0
2024-12-09 09:21:49,513 [INFO] ThirdParty:1030 - CMSIS Pack Vendor :STMicroelectronics USB_DEVICE 1.0.0
2024-12-09 09:21:49,513 [INFO] ThirdParty:1030 - CMSIS Pack Vendor :STMicroelectronics X-CUBE-AZRTOS-H7RS 1.0.0
2024-12-09 09:21:49,513 [INFO] ThirdParty:1030 - CMSIS Pack Vendor :wolfSSL I-CUBE-wolfMQTT 1.19.0
2024-12-09 09:21:49,513 [INFO] ThirdParty:1030 - CMSIS Pack Vendor :STMicroelectronics X-CUBE-AZRTOS-L4 2.0.0
2024-12-09 09:21:49,513 [INFO] ThirdParty:1030 - CMSIS Pack Vendor :STMicroelectronics ThreadX 0.0.2
2024-12-09 09:21:49,513 [INFO] ThirdParty:1030 - CMSIS Pack Vendor :WES I-CUBE-Cesium 1.3.0
2024-12-09 09:21:49,513 [INFO] ThirdParty:1030 - CMSIS Pack Vendor :STMicroelectronics lwIP 2.1.2
2024-12-09 09:21:49,513 [INFO] ThirdParty:1030 - CMSIS Pack Vendor :STMicroelectronics X-CUBE-SFXS2LP1 4.0.0
2024-12-09 09:21:49,513 [INFO] ThirdParty:1030 - CMSIS Pack Vendor :STMicroelectronics X-CUBE-BLE2 3.3.0
2024-12-09 09:21:49,513 [INFO] ThirdParty:1030 - CMSIS Pack Vendor :STMicroelectronics X-CUBE-TOF1 3.4.2
2024-12-09 09:21:49,513 [INFO] ThirdParty:1030 - CMSIS Pack Vendor :STMicroelectronics X-CUBE-AI 9.1.0
2024-12-09 09:21:49,513 [INFO] ThirdParty:1030 - CMSIS Pack Vendor :STMicroelectronics PDM2PCM 3.2.0
2024-12-09 09:21:49,513 [INFO] ThirdParty:1030 - CMSIS Pack Vendor :wolfSSL I-CUBE-wolfSSH 1.4.17
2024-12-09 09:21:49,513 [INFO] ThirdParty:841 - exiting critical section [change project]
2024-12-09 09:21:49,647 [INFO] PinOutPanel:1589 - setPackage(No Configuration,No Configuration)
2024-12-09 09:21:49,647 [INFO] PinOutPanel:1589 - setPackage(STM32L496ZGTxP,LQFP144)
2024-12-09 09:21:49,881 [INFO] UtilMem:75 - Before build in PCC Used Memory: 391645184 Bytes (914358272)
2024-12-09 09:21:50,055 [INFO] UtilMem:75 - After build in PCC Used Memory: 492308480 Bytes (914358272)
2024-12-09 09:21:50,075 [INFO] IPUIPlugin:80 - create IPUIPlugin
2024-12-09 09:21:50,075 [INFO] IPUIPlugin:80 - create IPUIPlugin
2024-12-09 09:21:50,075 [INFO] IPUIPlugin:80 - create IPUIPlugin
2024-12-09 09:21:50,075 [INFO] IPUIPlugin:80 - create IPUIPlugin
2024-12-09 09:21:50,075 [INFO] IPUIPlugin:80 - create IPUIPlugin
2024-12-09 09:21:50,075 [INFO] IPUIPlugin:80 - create IPUIPlugin
2024-12-09 09:21:50,075 [INFO] IPUIPlugin:80 - create IPUIPlugin
2024-12-09 09:21:50,075 [INFO] IPUIPlugin:80 - create IPUIPlugin
2024-12-09 09:21:50,075 [INFO] IPUIPlugin:80 - create IPUIPlugin
2024-12-09 09:21:50,075 [INFO] IPUIPlugin:80 - create IPUIPlugin
2024-12-09 09:21:50,075 [INFO] IPUIPlugin:80 - create IPUIPlugin
2024-12-09 09:21:50,075 [INFO] IPUIPlugin:80 - create IPUIPlugin
2024-12-09 09:21:50,075 [INFO] IPUIPlugin:80 - create IPUIPlugin
2024-12-09 09:21:50,075 [INFO] IPUIPlugin:80 - create IPUIPlugin
2024-12-09 09:21:50,076 [INFO] IPUIPlugin:80 - create IPUIPlugin
2024-12-09 09:21:50,076 [INFO] IPUIPlugin:80 - create IPUIPlugin
2024-12-09 09:21:50,076 [INFO] IPUIPlugin:80 - create IPUIPlugin
2024-12-09 09:21:50,076 [INFO] IPUIPlugin:80 - create IPUIPlugin
2024-12-09 09:21:50,076 [INFO] IPUIPlugin:80 - create IPUIPlugin
2024-12-09 09:21:50,076 [INFO] IPUIPlugin:80 - create IPUIPlugin
2024-12-09 09:21:50,076 [INFO] IPUIPlugin:80 - create IPUIPlugin
2024-12-09 09:21:50,076 [INFO] IPUIPlugin:80 - create IPUIPlugin
2024-12-09 09:21:50,076 [INFO] IPUIPlugin:80 - create IPUIPlugin
2024-12-09 09:21:50,076 [INFO] IPUIPlugin:80 - create IPUIPlugin
2024-12-09 09:21:50,076 [INFO] IPUIPlugin:80 - create IPUIPlugin
2024-12-09 09:21:50,076 [INFO] IPUIPlugin:80 - create IPUIPlugin
2024-12-09 09:21:50,076 [INFO] IPUIPlugin:80 - create IPUIPlugin
2024-12-09 09:21:50,077 [INFO] IPUIPlugin:80 - create IPUIPlugin
2024-12-09 09:21:50,077 [INFO] IPUIPlugin:80 - create IPUIPlugin
2024-12-09 09:21:50,077 [INFO] IPUIPlugin:80 - create IPUIPlugin
2024-12-09 09:21:50,077 [INFO] IPUIPlugin:80 - create IPUIPlugin
2024-12-09 09:21:50,077 [INFO] IPUIPlugin:80 - create IPUIPlugin
2024-12-09 09:21:50,077 [INFO] IPUIPlugin:80 - create IPUIPlugin
2024-12-09 09:21:50,077 [INFO] IPUIPlugin:80 - create IPUIPlugin
2024-12-09 09:21:50,077 [INFO] IPUIPlugin:80 - create IPUIPlugin
2024-12-09 09:21:50,077 [INFO] IPUIPlugin:80 - create IPUIPlugin
2024-12-09 09:21:50,077 [INFO] IPUIPlugin:80 - create IPUIPlugin
2024-12-09 09:21:50,077 [INFO] IPUIPlugin:80 - create IPUIPlugin
2024-12-09 09:21:50,077 [INFO] IPUIPlugin:80 - create IPUIPlugin
2024-12-09 09:21:50,077 [INFO] IPUIPlugin:80 - create IPUIPlugin
2024-12-09 09:21:50,078 [INFO] IPUIPlugin:80 - create IPUIPlugin
2024-12-09 09:21:50,078 [INFO] IPUIPlugin:80 - create IPUIPlugin
2024-12-09 09:21:50,078 [INFO] IPUIPlugin:80 - create IPUIPlugin
2024-12-09 09:21:50,078 [INFO] IPUIPlugin:80 - create IPUIPlugin
2024-12-09 09:21:50,078 [INFO] IPUIPlugin:80 - create IPUIPlugin
2024-12-09 09:21:50,078 [INFO] IPUIPlugin:80 - create IPUIPlugin
2024-12-09 09:21:50,078 [INFO] IPUIPlugin:80 - create IPUIPlugin
2024-12-09 09:21:50,078 [INFO] IPUIPlugin:80 - create IPUIPlugin
2024-12-09 09:21:50,078 [INFO] IPUIPlugin:80 - create IPUIPlugin
2024-12-09 09:21:50,079 [INFO] IPUIPlugin:80 - create IPUIPlugin
2024-12-09 09:21:50,079 [INFO] IPUIPlugin:80 - create IPUIPlugin
2024-12-09 09:21:50,079 [INFO] IPUIPlugin:80 - create IPUIPlugin
2024-12-09 09:21:50,079 [INFO] IPUIPlugin:80 - create IPUIPlugin
2024-12-09 09:21:50,079 [INFO] IPUIPlugin:80 - create IPUIPlugin
2024-12-09 09:21:50,079 [INFO] IPUIPlugin:80 - create IPUIPlugin
2024-12-09 09:21:50,079 [INFO] IPUIPlugin:80 - create IPUIPlugin
2024-12-09 09:21:50,081 [INFO] IPUIPlugin:80 - create IPUIPlugin
2024-12-09 09:21:50,081 [INFO] IPUIPlugin:80 - create IPUIPlugin
2024-12-09 09:21:50,081 [INFO] IPUIPlugin:80 - create IPUIPlugin
2024-12-09 09:21:50,081 [INFO] IPUIPlugin:80 - create IPUIPlugin
2024-12-09 09:21:50,081 [INFO] IPUIPlugin:80 - create IPUIPlugin
2024-12-09 09:21:50,081 [INFO] IPUIPlugin:80 - create IPUIPlugin
2024-12-09 09:21:50,082 [INFO] IPUIPlugin:80 - create IPUIPlugin
2024-12-09 09:21:50,082 [INFO] IPUIPlugin:80 - create IPUIPlugin
2024-12-09 09:21:50,082 [INFO] IPUIPlugin:80 - create IPUIPlugin
2024-12-09 09:21:50,132 [INFO] CADModel:165 - CPN selected for project levelSTM32L496ZGT6P
2024-12-09 09:21:50,132 [INFO] CADModel:114 - Register for checkConnection events
2024-12-09 09:21:50,222 [INFO] OpenFileManager:363 - Restore cursor
2024-12-09 09:22:00,259 [INFO] Gpio:277 - dependency for GPIO [SPI1, USART1]
2024-12-09 09:22:21,462 [ERROR] LogOutputStream:75 - [STDERR_REDIRECT] 
2024-12-09 09:22:21,464 [ERROR] LogOutputStream:75 - [STDERR_REDIRECT] 
2024-12-09 09:26:15,925 [INFO] Activator:176 - 


2024-12-09 09:26:15,925 [INFO] Activator:177 - !SESSION log4j initialized
2024-12-09 09:26:19,711 [INFO] LogOutputStream:77 - [STDOUT_REDIRECT] 
2024-12-09 09:26:20,648 [INFO] ApplicationProperties:184 - Using Application install path: C:\ST\STM32CubeIDE_1.17.0\STM32CubeIDE\plugins\com.st.stm32cube.common.mx_6.13.0.202411220809
2024-12-09 09:26:20,661 [INFO] DbMcusXml:78 - Set database path to: C:\ST\STM32CubeIDE_1.17.0\STM32CubeIDE\plugins\com.st.stm32cube.common.mx_6.13.0.202411220809\\db\/mcu/
2024-12-09 09:26:20,661 [INFO] ApiDb:274 - Set plugin database path to: C:\ST\STM32CubeIDE_1.17.0\STM32CubeIDE\plugins\com.st.stm32cube.common.mx_6.13.0.202411220809\\db\/plugins/boardmanager/
2024-12-09 09:26:20,661 [WARN] ApiDb:259 - Overriding images path with different value:  => C:\ST\STM32CubeIDE_1.17.0\STM32CubeIDE\plugins\com.st.stm32cube.common.mx_6.13.0.202411220809\\db\/plugins/mcufinder/images/
2024-12-09 09:26:20,664 [INFO] ApiDb:250 - Set database path to: C:\Users\ZOJOLDRI\.stmcufinder\plugins\mcufinder//mcu/
2024-12-09 09:26:20,665 [INFO] DbMcusAds:125 - Set database path to: C:\Users\ZOJOLDRI\.stmcufinder\plugins\mcufinder//mcu/
2024-12-09 09:26:20,666 [INFO] CrossReferenceDbSqlite:203 - Set database path to: C:\Users\ZOJOLDRI\.stmcufinder\plugins\mcufinder//mcu/cs/
2024-12-09 09:26:20,738 [INFO] RulesReader:64 - Compatibility file has been processed (297 Rules)
2024-12-09 09:26:20,798 [INFO] DbMcusXml:78 - Set database path to: C:\ST\STM32CubeIDE_1.17.0\STM32CubeIDE\plugins\com.st.stm32cube.common.mx_6.13.0.202411220809\\db\/mcu/
2024-12-09 09:26:20,798 [INFO] ApiDb:274 - Set plugin database path to: C:\ST\STM32CubeIDE_1.17.0\STM32CubeIDE\plugins\com.st.stm32cube.common.mx_6.13.0.202411220809\\db\/plugins/boardmanager/
2024-12-09 09:26:20,799 [INFO] ApiDb:261 - Set plugin images path to: C:\ST\STM32CubeIDE_1.17.0\STM32CubeIDE\plugins\com.st.stm32cube.common.mx_6.13.0.202411220809\\db\/plugins/mcufinder/images/
2024-12-09 09:26:20,799 [WARN] DbFile:41 - Overriding database path with different value: C:\Users\ZOJOLDRI\.stmcufinder\plugins\mcufinder/ => C:\Users\ZOJOLDRI\.stmcufinder\plugins\mcufinder
2024-12-09 09:26:20,799 [INFO] ApiDb:250 - Set database path to: C:\Users\ZOJOLDRI\.stmcufinder\plugins\mcufinder//mcu/
2024-12-09 09:26:20,799 [WARN] DbFile:41 - Overriding database path with different value: C:\Users\ZOJOLDRI\.stmcufinder\plugins\mcufinder/ => C:\Users\ZOJOLDRI\.stmcufinder\plugins\mcufinder
2024-12-09 09:26:20,799 [INFO] DbMcusAds:125 - Set database path to: C:\Users\ZOJOLDRI\.stmcufinder\plugins\mcufinder//mcu/
2024-12-09 09:26:20,799 [WARN] DbFile:41 - Overriding database path with different value: C:\Users\ZOJOLDRI\.stmcufinder\plugins\mcufinder/ => C:\Users\ZOJOLDRI\.stmcufinder\plugins\mcufinder
2024-12-09 09:26:20,800 [WARN] DbFile:41 - Overriding database path with different value: C:\Users\ZOJOLDRI\.stmcufinder\plugins\mcufinder/ => C:\Users\ZOJOLDRI\.stmcufinder\plugins\mcufinder
2024-12-09 09:26:20,800 [INFO] CrossReferenceDbSqlite:203 - Set database path to: C:\Users\ZOJOLDRI\.stmcufinder\plugins\mcufinder//mcu/cs/
2024-12-09 09:26:20,851 [INFO] MainPanel:272 - HeapMemory: 268435456
2024-12-09 09:26:20,901 [INFO] DbMcusXml:78 - Set database path to: C:\ST\STM32CubeIDE_1.17.0\STM32CubeIDE\plugins\com.st.stm32cube.common.mx_6.13.0.202411220809\\db\/mcu/
2024-12-09 09:26:20,901 [INFO] ApiDb:274 - Set plugin database path to: C:\ST\STM32CubeIDE_1.17.0\STM32CubeIDE\plugins\com.st.stm32cube.common.mx_6.13.0.202411220809\\db\/plugins/boardmanager/
2024-12-09 09:26:20,901 [INFO] ApiDb:261 - Set plugin images path to: C:\ST\STM32CubeIDE_1.17.0\STM32CubeIDE\plugins\com.st.stm32cube.common.mx_6.13.0.202411220809\\db\/plugins/mcufinder/images/
2024-12-09 09:26:20,902 [WARN] DbFile:41 - Overriding database path with different value: C:\Users\ZOJOLDRI\.stmcufinder\plugins\mcufinder/ => C:\Users\ZOJOLDRI\.stmcufinder\plugins\mcufinder
2024-12-09 09:26:20,902 [INFO] ApiDb:250 - Set database path to: C:\Users\ZOJOLDRI\.stmcufinder\plugins\mcufinder//mcu/
2024-12-09 09:26:20,902 [WARN] DbFile:41 - Overriding database path with different value: C:\Users\ZOJOLDRI\.stmcufinder\plugins\mcufinder/ => C:\Users\ZOJOLDRI\.stmcufinder\plugins\mcufinder
2024-12-09 09:26:20,902 [INFO] DbMcusAds:125 - Set database path to: C:\Users\ZOJOLDRI\.stmcufinder\plugins\mcufinder//mcu/
2024-12-09 09:26:20,902 [WARN] DbFile:41 - Overriding database path with different value: C:\Users\ZOJOLDRI\.stmcufinder\plugins\mcufinder/ => C:\Users\ZOJOLDRI\.stmcufinder\plugins\mcufinder
2024-12-09 09:26:20,902 [WARN] DbFile:41 - Overriding database path with different value: C:\Users\ZOJOLDRI\.stmcufinder\plugins\mcufinder/ => C:\Users\ZOJOLDRI\.stmcufinder\plugins\mcufinder
2024-12-09 09:26:20,902 [INFO] CrossReferenceDbSqlite:203 - Set database path to: C:\Users\ZOJOLDRI\.stmcufinder\plugins\mcufinder//mcu/cs/
2024-12-09 09:26:20,916 [INFO] ApplicationProperties:184 - Using Application install path: C:\ST\STM32CubeIDE_1.17.0\STM32CubeIDE\plugins\com.st.stm32cube.common.mx_6.13.0.202411220809
2024-12-09 09:26:20,917 [INFO] PluginManage:196 - Search for loadable plugins [exclusion list=, ]
2024-12-09 09:26:20,919 [INFO] PluginManage:310 - Check plugin analytics
2024-12-09 09:26:21,047 [INFO] AnalyticsPlugin:253 - Accepted Software Licenses: 
2024-12-09 09:26:21,048 [INFO] AnalyticsPlugin:255 - Accepted CMSIS Pack Licenses: 
2024-12-09 09:26:21,048 [INFO] AnalyticsPlugin:257 - Accepted Firmware Licenses: FW.L4.1.18.0
2024-12-09 09:26:21,049 [INFO] PluginManage:359 - Loaded plugin analytics (category:tool,tabindex:-1)
2024-12-09 09:26:21,050 [INFO] PluginManage:310 - Check plugin cadmodel
2024-12-09 09:26:21,053 [INFO] CADModel:105 - Init CAD model plugin
2024-12-09 09:26:21,053 [INFO] PluginManage:359 - Loaded plugin cadmodel (category:power,tabindex:5)
2024-12-09 09:26:21,053 [INFO] PluginManage:310 - Check plugin clock
2024-12-09 09:26:21,060 [INFO] PluginManage:359 - Loaded plugin clock (category:base,tabindex:2)
2024-12-09 09:26:21,060 [INFO] PluginManage:310 - Check plugin ddr
2024-12-09 09:26:21,062 [INFO] PluginManage:359 - Loaded plugin ddr (category:tool,tabindex:6)
2024-12-09 09:26:21,062 [INFO] PluginManage:310 - Check plugin filemanager
2024-12-09 09:26:21,160 [INFO] PluginManage:359 - Loaded plugin filemanager (category:base,tabindex:10)
2024-12-09 09:26:21,160 [INFO] PluginManage:310 - Check plugin ipmanager
2024-12-09 09:26:21,167 [INFO] PluginManage:359 - Loaded plugin ipmanager (category:base,tabindex:5)
2024-12-09 09:26:21,167 [INFO] PluginManage:310 - Check plugin lpbam
2024-12-09 09:26:21,172 [INFO] PluginManage:359 - Loaded plugin lpbam (category:base,tabindex:0)
2024-12-09 09:26:21,173 [INFO] PluginManage:310 - Check plugin memorymap
2024-12-09 09:26:21,181 [INFO] PluginManage:359 - Loaded plugin memorymap (category:base,tabindex:4)
2024-12-09 09:26:21,181 [INFO] PluginManage:310 - Check plugin pinoutandconfiguration
2024-12-09 09:26:21,185 [INFO] PluginManage:359 - Loaded plugin pinoutandconfiguration (category:base,tabindex:1)
2024-12-09 09:26:21,185 [INFO] PluginManage:310 - Check plugin pinoutconfig
2024-12-09 09:26:21,246 [WARN] SupportedApi:132 - Cannot load RTOS API schema: s4s-elt-must-match.1: The content of 'definitions' must match (annotation?, (simpleType | complexType)?, (unique | key | keyref)*)). A problem was found starting at: attribute.
2024-12-09 09:26:21,344 [INFO] PluginManage:359 - Loaded plugin pinoutconfig (category:base,tabindex:0)
2024-12-09 09:26:21,344 [INFO] PluginManage:310 - Check plugin power
2024-12-09 09:26:21,350 [INFO] PluginManage:359 - Loaded plugin power (category:power,tabindex:4)
2024-12-09 09:26:21,350 [INFO] PluginManage:310 - Check plugin projectmanager
2024-12-09 09:26:21,367 [INFO] PluginManage:359 - Loaded plugin projectmanager (category:projectmanager,tabindex:4)
2024-12-09 09:26:21,367 [INFO] PluginManage:310 - Check plugin rif
2024-12-09 09:26:21,372 [INFO] PluginManage:359 - Loaded plugin rif (category:base,tabindex:3)
2024-12-09 09:26:21,372 [INFO] PluginManage:310 - Check plugin thirdparty
2024-12-09 09:26:21,476 [INFO] PluginManage:359 - Loaded plugin thirdparty (category:base,tabindex:-1)
2024-12-09 09:26:21,476 [INFO] PluginManage:310 - Check plugin tools
2024-12-09 09:26:21,476 [WARN] IntegrityCheckThread:84 - waiting for thirdparty lock release [integrity check]
2024-12-09 09:26:21,476 [INFO] IntegrityCheckThread:86 - entering critical section [integrity check]
2024-12-09 09:26:21,477 [INFO] ThirdPartyUpdaterWithRetryManager:70 - Updater plugin not ready yet. [1/15]
2024-12-09 09:26:21,478 [INFO] PluginManage:359 - Loaded plugin tools (category:base,tabindex:7)
2024-12-09 09:26:21,479 [INFO] PluginManage:310 - Check plugin tutovideos
2024-12-09 09:26:21,591 [INFO] PluginManage:359 - Loaded plugin tutovideos (category:base,tabindex:-1)
2024-12-09 09:26:21,591 [INFO] PluginManage:310 - Check plugin updater
2024-12-09 09:26:21,613 [INFO] PluginManage:359 - Loaded plugin updater (category:base,tabindex:12)
2024-12-09 09:26:21,613 [INFO] PluginManage:310 - Check plugin userauth
2024-12-09 09:26:21,616 [INFO] UserAuth:118 - Init User Auth plugin
2024-12-09 09:26:21,617 [INFO] PluginManage:359 - Loaded plugin userauth (category:base,tabindex:14)
2024-12-09 09:26:21,617 [INFO] PluginManage:283 - PluginManage : Loaded plugins [18]
2024-12-09 09:26:21,783 [INFO] PinOutPanel:1589 - setPackage(No Configuration,No Configuration)
2024-12-09 09:26:21,858 [INFO] CADModel:165 - CPN selected for project level
2024-12-09 09:26:21,859 [INFO] CADModel:114 - Register for checkConnection events
2024-12-09 09:26:21,872 [INFO] IPUIPlugin:80 - create IPUIPlugin
2024-12-09 09:26:21,872 [INFO] PluginManager:220 - loadIPPluginJar : add adc
2024-12-09 09:26:21,874 [INFO] IPUIPlugin:80 - create IPUIPlugin
2024-12-09 09:26:21,875 [INFO] PluginManager:220 - loadIPPluginJar : add aes
2024-12-09 09:26:21,877 [INFO] IPUIPlugin:80 - create IPUIPlugin
2024-12-09 09:26:21,877 [INFO] PluginManager:220 - loadIPPluginJar : add can
2024-12-09 09:26:21,878 [INFO] IPUIPlugin:80 - create IPUIPlugin
2024-12-09 09:26:21,879 [INFO] PluginManager:220 - loadIPPluginJar : add comp
2024-12-09 09:26:21,880 [INFO] IPUIPlugin:80 - create IPUIPlugin
2024-12-09 09:26:21,880 [INFO] PluginManager:220 - loadIPPluginJar : add cryp
2024-12-09 09:26:21,882 [INFO] IPUIPlugin:80 - create IPUIPlugin
2024-12-09 09:26:21,882 [INFO] PluginManager:220 - loadIPPluginJar : add ddr_ctrl_phy
2024-12-09 09:26:21,884 [INFO] IPUIPlugin:80 - create IPUIPlugin
2024-12-09 09:26:21,884 [INFO] PluginManager:220 - loadIPPluginJar : add dfsdm
2024-12-09 09:26:21,887 [INFO] IPUIPlugin:80 - create IPUIPlugin
2024-12-09 09:26:21,888 [INFO] PluginManager:220 - loadIPPluginJar : add dma
2024-12-09 09:26:21,890 [INFO] IPUIPlugin:80 - create IPUIPlugin
2024-12-09 09:26:21,890 [INFO] PluginManager:220 - loadIPPluginJar : add dma3
2024-12-09 09:26:21,892 [INFO] IPUIPlugin:80 - create IPUIPlugin
2024-12-09 09:26:21,892 [INFO] PluginManager:220 - loadIPPluginJar : add extmemmanager
2024-12-09 09:26:21,893 [INFO] IPUIPlugin:80 - create IPUIPlugin
2024-12-09 09:26:21,893 [INFO] PluginManager:220 - loadIPPluginJar : add fatfs
2024-12-09 09:26:21,896 [INFO] IPUIPlugin:80 - create IPUIPlugin
2024-12-09 09:26:21,896 [INFO] PluginManager:220 - loadIPPluginJar : add fmc
2024-12-09 09:26:21,900 [INFO] IPUIPlugin:80 - create IPUIPlugin
2024-12-09 09:26:21,900 [INFO] PluginManager:220 - loadIPPluginJar : add freertos
2024-12-09 09:26:21,901 [INFO] IPUIPlugin:80 - create IPUIPlugin
2024-12-09 09:26:21,901 [INFO] PluginManager:220 - loadIPPluginJar : add genericplugin
2024-12-09 09:26:21,903 [INFO] IPUIPlugin:80 - create IPUIPlugin
2024-12-09 09:26:21,903 [INFO] PluginManager:220 - loadIPPluginJar : add gfxmmu
2024-12-09 09:26:21,906 [INFO] IPUIPlugin:80 - create IPUIPlugin
2024-12-09 09:26:21,906 [INFO] PluginManager:220 - loadIPPluginJar : add gic
2024-12-09 09:26:21,909 [INFO] IPUIPlugin:80 - create IPUIPlugin
2024-12-09 09:26:21,909 [INFO] PluginManager:220 - loadIPPluginJar : add gpio
2024-12-09 09:26:21,911 [INFO] IPUIPlugin:80 - create IPUIPlugin
2024-12-09 09:26:21,912 [INFO] PluginManager:220 - loadIPPluginJar : add gtzc
2024-12-09 09:26:21,913 [INFO] IPUIPlugin:80 - create IPUIPlugin
2024-12-09 09:26:21,913 [INFO] PluginManager:220 - loadIPPluginJar : add hash
2024-12-09 09:26:21,915 [INFO] IPUIPlugin:80 - create IPUIPlugin
2024-12-09 09:26:21,915 [INFO] PluginManager:220 - loadIPPluginJar : add i2c
2024-12-09 09:26:21,917 [INFO] IPUIPlugin:80 - create IPUIPlugin
2024-12-09 09:26:21,917 [INFO] PluginManager:220 - loadIPPluginJar : add i2s
2024-12-09 09:26:21,918 [INFO] IPUIPlugin:80 - create IPUIPlugin
2024-12-09 09:26:21,918 [INFO] PluginManager:220 - loadIPPluginJar : add i3c
2024-12-09 09:26:21,921 [INFO] IPUIPlugin:80 - create IPUIPlugin
2024-12-09 09:26:21,921 [INFO] PluginManager:220 - loadIPPluginJar : add ipddr
2024-12-09 09:26:21,927 [INFO] IPUIPlugin:80 - create IPUIPlugin
2024-12-09 09:26:21,927 [INFO] PluginManager:220 - loadIPPluginJar : add linkedlist
2024-12-09 09:26:21,929 [INFO] IPUIPlugin:80 - create IPUIPlugin
2024-12-09 09:26:21,929 [INFO] PluginManager:220 - loadIPPluginJar : add lorawan
2024-12-09 09:26:21,930 [INFO] IPUIPlugin:80 - create IPUIPlugin
2024-12-09 09:26:21,930 [INFO] PluginManager:220 - loadIPPluginJar : add ltdc
2024-12-09 09:26:21,933 [INFO] IPUIPlugin:80 - create IPUIPlugin
2024-12-09 09:26:21,934 [INFO] PluginManager:220 - loadIPPluginJar : add mdma
2024-12-09 09:26:21,936 [INFO] IPUIPlugin:80 - create IPUIPlugin
2024-12-09 09:26:21,936 [INFO] PluginManager:220 - loadIPPluginJar : add nvic
2024-12-09 09:26:21,938 [INFO] IPUIPlugin:80 - create IPUIPlugin
2024-12-09 09:26:21,938 [INFO] PluginManager:220 - loadIPPluginJar : add opamp
2024-12-09 09:26:21,940 [INFO] IPUIPlugin:80 - create IPUIPlugin
2024-12-09 09:26:21,940 [INFO] PluginManager:220 - loadIPPluginJar : add openamp
2024-12-09 09:26:21,942 [INFO] IPUIPlugin:80 - create IPUIPlugin
2024-12-09 09:26:21,942 [INFO] PluginManager:220 - loadIPPluginJar : add pdm2pcm
2024-12-09 09:26:21,946 [INFO] IPUIPlugin:80 - create IPUIPlugin
2024-12-09 09:26:21,947 [INFO] PluginManager:220 - loadIPPluginJar : add plateformsettings
2024-12-09 09:26:21,949 [INFO] IPUIPlugin:80 - create IPUIPlugin
2024-12-09 09:26:21,949 [INFO] PluginManager:220 - loadIPPluginJar : add quadspi
2024-12-09 09:26:21,950 [INFO] IPUIPlugin:80 - create IPUIPlugin
2024-12-09 09:26:21,950 [INFO] PluginManager:220 - loadIPPluginJar : add radio
2024-12-09 09:26:21,953 [INFO] IPUIPlugin:80 - create IPUIPlugin
2024-12-09 09:26:21,953 [INFO] PluginManager:220 - loadIPPluginJar : add resmgrutility
2024-12-09 09:26:21,955 [INFO] IPUIPlugin:80 - create IPUIPlugin
2024-12-09 09:26:21,955 [INFO] PluginManager:220 - loadIPPluginJar : add sai
2024-12-09 09:26:21,957 [INFO] IPUIPlugin:80 - create IPUIPlugin
2024-12-09 09:26:21,957 [INFO] PluginManager:220 - loadIPPluginJar : add spi
2024-12-09 09:26:21,960 [INFO] IPUIPlugin:80 - create IPUIPlugin
2024-12-09 09:26:21,961 [INFO] PluginManager:220 - loadIPPluginJar : add stm32_wpan
2024-12-09 09:26:21,962 [INFO] IPUIPlugin:80 - create IPUIPlugin
2024-12-09 09:26:21,962 [INFO] PluginManager:220 - loadIPPluginJar : add tim
2024-12-09 09:26:21,964 [INFO] IPUIPlugin:80 - create IPUIPlugin
2024-12-09 09:26:21,964 [INFO] PluginManager:220 - loadIPPluginJar : add touchsensing
2024-12-09 09:26:21,966 [INFO] IPUIPlugin:80 - create IPUIPlugin
2024-12-09 09:26:21,966 [INFO] PluginManager:220 - loadIPPluginJar : add tracer_emb
2024-12-09 09:26:21,967 [INFO] IPUIPlugin:80 - create IPUIPlugin
2024-12-09 09:26:21,967 [INFO] PluginManager:220 - loadIPPluginJar : add ts
2024-12-09 09:26:21,968 [INFO] IPUIPlugin:80 - create IPUIPlugin
2024-12-09 09:26:21,968 [INFO] PluginManager:220 - loadIPPluginJar : add tsc
2024-12-09 09:26:21,970 [INFO] IPUIPlugin:80 - create IPUIPlugin
2024-12-09 09:26:21,970 [INFO] PluginManager:220 - loadIPPluginJar : add ucpd
2024-12-09 09:26:21,972 [INFO] IPUIPlugin:80 - create IPUIPlugin
2024-12-09 09:26:21,972 [INFO] PluginManager:220 - loadIPPluginJar : add usart
2024-12-09 09:26:21,974 [INFO] IPUIPlugin:80 - create IPUIPlugin
2024-12-09 09:26:21,975 [INFO] PluginManager:220 - loadIPPluginJar : add usbx
2024-12-09 09:26:22,088 [FATAL] Updater:351 - Updater called before beeing initialized
2024-12-09 09:26:22,123 [INFO] RulesReader:64 - Compatibility file has been processed (297 Rules)
2024-12-09 09:26:22,143 [INFO] RulesReader:64 - Compatibility file has been processed (297 Rules)
2024-12-09 09:26:22,151 [INFO] CADModel:165 - CPN selected for project level
2024-12-09 09:26:22,151 [INFO] CADModel:114 - Register for checkConnection events
2024-12-09 09:26:22,151 [FATAL] Updater:351 - Updater called before beeing initialized
2024-12-09 09:26:22,151 [ERROR] CADModel:125 - Updater not yet initialized, retry later 
2024-12-09 09:26:22,248 [FATAL] Updater:351 - Updater called before beeing initialized
2024-12-09 09:26:22,249 [INFO] CADModel:165 - CPN selected for project level
2024-12-09 09:26:22,249 [INFO] CADModel:114 - Register for checkConnection events
2024-12-09 09:26:22,249 [FATAL] Updater:351 - Updater called before beeing initialized
2024-12-09 09:26:22,249 [ERROR] CADModel:125 - Updater not yet initialized, retry later 
2024-12-09 09:26:22,252 [FATAL] Updater:351 - Updater called before beeing initialized
2024-12-09 09:26:22,328 [FATAL] Updater:351 - Updater called before beeing initialized
2024-12-09 09:26:22,331 [INFO] DbMcusAds:53 - JSON generation date=Fri Sep 20 15:04:23 CEST 2024 (1726837463113)
2024-12-09 09:26:22,331 [FATAL] Updater:351 - Updater called before beeing initialized
2024-12-09 09:26:22,354 [WARN] DetailPanel:346 - Failed to get advertising image, set to default
2024-12-09 09:26:22,509 [FATAL] Updater:351 - Updater called before beeing initialized
2024-12-09 09:26:22,510 [FATAL] Updater:351 - Updater called before beeing initialized
2024-12-09 09:26:22,510 [FATAL] Updater:351 - Updater called before beeing initialized
2024-12-09 09:26:22,510 [WARN] DetailPanel:346 - Failed to get advertising image, set to default
2024-12-09 09:26:22,511 [FATAL] Updater:351 - Updater called before beeing initialized
2024-12-09 09:26:22,543 [ERROR] Updater:1198 - MainUpdater not yet initialized. External WinMGr cannot be set.
2024-12-09 09:26:22,545 [INFO] Updater:1134 - Updater Version found : 6.13.0
2024-12-09 09:26:22,556 [INFO] ApplicationProperties:184 - Using Application install path: C:\ST\STM32CubeIDE_1.17.0\STM32CubeIDE\plugins\com.st.stm32cube.common.mx_6.13.0.202411220809
2024-12-09 09:26:24,129 [ERROR] LogOutputStream:75 - [STDERR_REDIRECT] Dec 09, 2024 9:26:24 AM java.util.prefs.WindowsPreferences <init>
2024-12-09 09:26:24,130 [ERROR] LogOutputStream:75 - [STDERR_REDIRECT] WARNING: Could not open/create prefs root node Software\JavaSoft\Prefs at root 0xffffffff80000002. Windows RegCreateKeyEx(...) returned error code 5.
2024-12-09 09:26:24,130 [ERROR] LogOutputStream:75 - [STDERR_REDIRECT] 
2024-12-09 09:26:24,477 [INFO] ThirdPartyUpdaterWithRetryManager:70 - Updater plugin not ready yet. [2/15]
2024-12-09 09:26:24,524 [INFO] MainUpdater:2872 - connection check result : 10
2024-12-09 09:26:24,524 [INFO] MainUpdater:289 - Updater Check For Update Now.
2024-12-09 09:26:24,524 [INFO] MicroXplorer:498 - Change Database Version : DB.6.0.130
2024-12-09 09:26:24,530 [INFO] McuFinderGlobals:63 - Set McuFinder mode to 2 (CubeIDE integrated)
2024-12-09 09:26:24,531 [INFO] UserAuth:486 - Internet connection configuration mode: 1
2024-12-09 09:26:24,582 [INFO] JxBrowserEngine:152 - Initiate JxBrowser Engine with user profile folder
2024-12-09 09:26:24,702 [INFO] CheckServerUpdateThread:120 - End of CheckServer Thread
2024-12-09 09:26:25,182 [INFO] WebApp:168 - Instantiating new browser for Auth
2024-12-09 09:26:26,060 [INFO] WebApp:449 - Apply proxy settings
2024-12-09 09:26:26,061 [INFO] WebApp:534 - Chromium requires no authentication
2024-12-09 09:26:26,067 [INFO] WebApp:477 - Direct internet connection detected
2024-12-09 09:26:26,080 [INFO] WebApp:880 - Register for checkConnection events
2024-12-09 09:26:26,080 [INFO] WebApp:449 - Apply proxy settings
2024-12-09 09:26:26,080 [INFO] WebApp:534 - Chromium requires no authentication
2024-12-09 09:26:26,080 [INFO] WebApp:477 - Direct internet connection detected
2024-12-09 09:26:26,180 [INFO] WebApp:221 - Starting web application
2024-12-09 09:26:26,180 [INFO] WebApp:579 - Web application path used C:\ST\STM32CubeIDE_1.17.0\STM32CubeIDE\plugins\com.st.stm32cube.common.mx_6.13.0.202411220809\db\plugins\mcufinder\reactClient1\index.html
2024-12-09 09:26:26,231 [INFO] UserAuth:486 - Internet connection configuration mode: 1
2024-12-09 09:26:26,509 [INFO] WebApp:187 - Connection restablished
2024-12-09 09:26:27,659 [WARN] PackLoader:240 - Cannot read IP mode file for STMicroelectronics.FP-SNS-MOTENVWB1.1.4.0
2024-12-09 09:26:27,667 [WARN] PackLoader:240 - Cannot read IP mode file for STMicroelectronics.FP-ATR-ASTRA1.2.0.1
2024-12-09 09:26:27,674 [WARN] PackLoader:240 - Cannot read IP mode file for STMicroelectronics.X-CUBE-SMBUS.2.1.0
2024-12-09 09:26:27,683 [WARN] PackLoader:240 - Cannot read IP mode file for STMicroelectronics.X-CUBE-WB05N.1.1.0
2024-12-09 09:26:27,708 [WARN] PackLoader:240 - Cannot read IP mode file for STMicroelectronics.X-CUBE-AZRTOS-F7.1.1.0
2024-12-09 09:26:27,750 [WARN] PackLoader:240 - Cannot read IP mode file for STMicroelectronics.X-CUBE-MEMS1.11.0.0
2024-12-09 09:26:27,855 [WARN] PackLoader:240 - Cannot read IP mode file for STMicroelectronics.FP-SNS-FLIGHT1.5.0.2
2024-12-09 09:26:27,870 [WARN] PackLoader:240 - Cannot read IP mode file for Infineon.AIROC-Wi-Fi-Bluetooth-STM32.1.7.0
2024-12-09 09:26:27,881 [WARN] PackLoader:240 - Cannot read IP mode file for STMicroelectronics.X-CUBE-DISPLAY.3.0.0
2024-12-09 09:26:27,887 [WARN] PackLoader:240 - Cannot read IP mode file for STMicroelectronics.X-CUBE-BLE1.7.0.0
2024-12-09 09:26:27,892 [WARN] PackLoader:240 - Cannot read IP mode file for STMicroelectronics.X-CUBE-NFC10.1.0.0
2024-12-09 09:26:27,902 [WARN] PackLoader:240 - Cannot read IP mode file for STMicroelectronics.X-CUBE-BLEMGR.4.0.0
2024-12-09 09:26:27,908 [WARN] PackLoader:240 - Cannot read IP mode file for emotas.I-CUBE-CANOPEN.1.3.0
2024-12-09 09:26:27,914 [WARN] PackLoader:240 - Cannot read IP mode file for STMicroelectronics.X-CUBE-BLEMGR.3.1.0
2024-12-09 09:26:27,919 [WARN] PackLoader:240 - Cannot read IP mode file for STMicroelectronics.FP-SNS-SMARTAG2.1.2.0
2024-12-09 09:26:27,929 [INFO] LogOutputStream:77 - [STDOUT_REDIRECT] 1 : Invalid condition id : UX_CORESTACK_Condition cause : null
2024-12-09 09:26:27,930 [INFO] LogOutputStream:77 - [STDOUT_REDIRECT] 1 : Invalid condition id : UX_CORESTACK_Condition cause : null
2024-12-09 09:26:27,932 [INFO] LogOutputStream:77 - [STDOUT_REDIRECT] 1 : Invalid condition id : UX_CORESTACK_Condition cause : null
2024-12-09 09:26:27,934 [INFO] LogOutputStream:77 - [STDOUT_REDIRECT] 1 : Invalid condition id : UX_CORESTACK_Condition cause : null
2024-12-09 09:26:27,935 [INFO] LogOutputStream:77 - [STDOUT_REDIRECT] 1 : Invalid condition id : UX_CORESTACK_Condition cause : null
2024-12-09 09:26:27,937 [WARN] PackLoader:240 - Cannot read IP mode file for STMicroelectronics.X-CUBE-AZRTOS-WL.2.0.0
2024-12-09 09:26:27,941 [WARN] PackLoader:240 - Cannot read IP mode file for STMicroelectronics.FP-SNS-MOTENV1.5.0.0
2024-12-09 09:26:27,946 [WARN] PackLoader:240 - Cannot read IP mode file for wolfSSL.I-CUBE-wolfMQTT.1.19.0
2024-12-09 09:26:27,956 [WARN] PackLoader:240 - Cannot read IP mode file for WES.I-CUBE-Cesium.1.3.0
2024-12-09 09:26:27,961 [WARN] PackLoader:240 - Cannot read IP mode file for STMicroelectronics.X-CUBE-BLE2.3.3.0
2024-12-09 09:26:27,967 [WARN] PackLoader:240 - Cannot read IP mode file for STMicroelectronics.X-CUBE-NFC9.1.0.0
2024-12-09 09:26:27,972 [WARN] PackLoader:240 - Cannot read IP mode file for STMicroelectronics.X-CUBE-TCPP.4.1.0
2024-12-09 09:26:27,983 [WARN] PackLoader:240 - Cannot read IP mode file for STMicroelectronics.X-CUBE-AZRTOS-G0.1.1.0
2024-12-09 09:26:27,993 [WARN] PackLoader:240 - Cannot read IP mode file for STMicroelectronics.X-CUBE-SAFEA1.1.2.2
2024-12-09 09:26:28,000 [WARN] PackLoader:240 - Cannot read IP mode file for STMicroelectronics.X-CUBE-NFC4.3.0.0
2024-12-09 09:26:28,017 [WARN] PackLoader:240 - Cannot read IP mode file for EmbeddedOffice.I-CUBE-FS-RTOS.1.0.1
2024-12-09 09:26:28,023 [WARN] PackLoader:240 - Cannot read IP mode file for RealThread.X-CUBE-RT-Thread_Nano.4.1.1
2024-12-09 09:26:28,029 [WARN] PackLoader:240 - Cannot read IP mode file for STMicroelectronics.FP-ATR-SIGFOX1.3.2.0
2024-12-09 09:26:28,034 [WARN] ConditionMgr:438 - getConditionDescription Invalid condition id : Cortex-A Device cause : null
2024-12-09 09:26:28,053 [WARN] ConditionMgr:1044 - genDependencies : Invalid condition id : Cortex-A Device cause : null
2024-12-09 09:26:28,053 [WARN] ConditionMgr:1044 - genDependencies : Invalid condition id : Cortex-A Device cause : null
2024-12-09 09:26:28,053 [WARN] ConditionMgr:1044 - genDependencies : Invalid condition id : Cortex-A Device cause : null
2024-12-09 09:26:28,060 [WARN] PackLoader:240 - Cannot read IP mode file for STMicroelectronics.X-CUBE-EEPRMA1.5.1.0
2024-12-09 09:26:28,065 [WARN] PackLoader:240 - Cannot read IP mode file for wolfSSL.I-CUBE-wolfSSL.5.7.4
2024-12-09 09:26:28,071 [WARN] PackLoader:240 - Cannot read IP mode file for ITTIA_DB.I-CUBE-ITTIADB.8.9.0
2024-12-09 09:26:28,091 [WARN] PackLoader:240 - Cannot read IP mode file for SEGGER.I-CUBE-embOS.1.3.1
2024-12-09 09:26:28,122 [WARN] PackLoader:240 - Cannot read IP mode file for STMicroelectronics.X-CUBE-ALGOBUILD.1.4.0
2024-12-09 09:26:28,126 [WARN] PackLoader:240 - Cannot read IP mode file for STMicroelectronics.X-CUBE-AI.9.1.0
2024-12-09 09:26:28,139 [WARN] PackLoader:240 - Cannot read IP mode file for STMicroelectronics.X-CUBE-AZRTOS-F4.1.1.0
2024-12-09 09:26:28,147 [WARN] PackLoader:240 - Cannot read IP mode file for STMicroelectronics.X-CUBE-ISPU.2.1.0
2024-12-09 09:26:28,154 [WARN] PackLoader:240 - Cannot read IP mode file for STMicroelectronics.X-CUBE-FREERTOS.1.2.0
2024-12-09 09:26:28,171 [WARN] PackLoader:240 - Cannot read IP mode file for STMicroelectronics.X-CUBE-AZRTOS-L5.2.0.0
2024-12-09 09:26:28,180 [WARN] PackLoader:240 - Cannot read IP mode file for STMicroelectronics.X-CUBE-NFC6.3.1.0
2024-12-09 09:26:28,186 [WARN] PackLoader:240 - Cannot read IP mode file for STMicroelectronics.X-CUBE-DPower.1.2.0
2024-12-09 09:26:28,190 [WARN] PackLoader:240 - Cannot read IP mode file for STMicroelectronics.X-CUBE-NFC7.1.0.1
2024-12-09 09:26:28,206 [WARN] ConditionMgr:438 - getConditionDescription Invalid condition id : LAN8742 Phy interface Condition cause : null
2024-12-09 09:26:28,207 [WARN] PackLoader:240 - Cannot read IP mode file for STMicroelectronics.X-CUBE-AZRTOS-L4.2.0.0
2024-12-09 09:26:28,208 [WARN] ConditionMgr:1044 - genDependencies : Invalid condition id : LAN8742 Phy interface Condition cause : null
2024-12-09 09:26:28,209 [WARN] ConditionMgr:1044 - genDependencies : Invalid condition id : LAN8742 Phy interface Condition cause : null
2024-12-09 09:26:28,209 [WARN] ConditionMgr:1044 - genDependencies : Invalid condition id : LAN8742 Phy interface Condition cause : null
2024-12-09 09:26:28,219 [WARN] PackLoader:240 - Cannot read IP mode file for STMicroelectronics.X-CUBE-SFXS2LP1.4.0.0
2024-12-09 09:26:28,264 [WARN] PackLoader:240 - Cannot read IP mode file for STMicroelectronics.X-CUBE-AZRTOS-H7.3.3.0
2024-12-09 09:26:28,280 [WARN] PackLoader:240 - Cannot read IP mode file for STMicroelectronics.X-CUBE-IPS.3.0.0
2024-12-09 09:26:28,297 [WARN] ConditionMgr:438 - getConditionDescription Invalid condition id : UX DEVICE CLASS RTOS Condition cause : null
2024-12-09 09:26:28,297 [WARN] ConditionMgr:438 - getConditionDescription Invalid condition id : UX DEVICE CLASS RTOS Condition cause : null
2024-12-09 09:26:28,299 [WARN] PackLoader:240 - Cannot read IP mode file for STMicroelectronics.X-CUBE-AZRTOS-WB.2.0.0
2024-12-09 09:26:28,299 [WARN] ConditionMgr:1044 - genDependencies : Invalid condition id : UX DEVICE CLASS RTOS Condition cause : null
2024-12-09 09:26:28,299 [WARN] ConditionMgr:1044 - genDependencies : Invalid condition id : UX DEVICE CLASS RTOS Condition cause : null
2024-12-09 09:26:28,300 [WARN] ConditionMgr:1044 - genDependencies : Invalid condition id : UX DEVICE CLASS RTOS Condition cause : null
2024-12-09 09:26:28,300 [WARN] ConditionMgr:1044 - genDependencies : Invalid condition id : UX DEVICE CLASS RTOS Condition cause : null
2024-12-09 09:26:28,300 [WARN] ConditionMgr:1044 - genDependencies : Invalid condition id : UX DEVICE CLASS RTOS Condition cause : null
2024-12-09 09:26:28,306 [WARN] PackLoader:240 - Cannot read IP mode file for STMicroelectronics.X-CUBE-GNSS1.7.0.0
2024-12-09 09:26:28,312 [WARN] PackLoader:240 - Cannot read IP mode file for STMicroelectronics.FP-SNS-STBOX1.2.0.0
2024-12-09 09:26:28,320 [WARN] PackLoader:240 - Cannot read IP mode file for STMicroelectronics.X-CUBE-SUBG2.5.0.0
2024-12-09 09:26:28,326 [WARN] PackLoader:240 - Cannot read IP mode file for Cesanta.I-CUBE-Mongoose.7.13.0
2024-12-09 09:26:28,334 [WARN] PackLoader:240 - Cannot read IP mode file for STMicroelectronics.X-CUBE-AZRTOS-G4.2.0.0
2024-12-09 09:26:28,338 [WARN] PackLoader:240 - Cannot read IP mode file for STMicroelectronics.X-CUBE-ALS.1.0.2
2024-12-09 09:26:28,345 [WARN] PackLoader:240 - Cannot read IP mode file for STMicroelectronics.X-CUBE-TOUCHGFX.4.24.1
2024-12-09 09:26:28,349 [WARN] PackLoader:240 - Cannot read IP mode file for wolfSSL.I-CUBE-wolfTPM.3.4.0
2024-12-09 09:26:28,352 [WARN] PackLoader:240 - Cannot read IP mode file for portGmbH.I-Cube-SoM-uGOAL.1.1.0
2024-12-09 09:26:28,363 [WARN] PackLoader:240 - Cannot read IP mode file for STMicroelectronics.X-CUBE-AZRTOS-H7RS.1.0.0
2024-12-09 09:26:28,371 [WARN] PackLoader:240 - Cannot read IP mode file for STMicroelectronics.X-CUBE-TOF1.3.4.2
2024-12-09 09:26:28,380 [WARN] PackLoader:240 - Cannot read IP mode file for wolfSSL.I-CUBE-wolfSSH.1.4.17
2024-12-09 09:26:28,380 [INFO] ThirdParty:978 - Integrity check success = true
2024-12-09 09:26:28,380 [INFO] IntegrityCheckThread:100 - exiting critical section [integrity check]
2024-12-09 09:26:28,381 [INFO] IntegrityCheckThread:103 - End integrity checks thread
2024-12-09 09:28:33,153 [INFO] McuFinderGlobals:63 - Set McuFinder mode to 2 (CubeIDE integrated)
2024-12-09 09:28:33,176 [INFO] MainUpdater:2872 - connection check result : 10
2024-12-09 09:28:33,182 [INFO] MainUpdater:2872 - connection check result : 10
2024-12-09 09:28:33,307 [INFO] MicroXplorer:468 - Change Database Path : 
2024-12-09 09:28:33,307 [INFO] MicroXplorer:498 - Change Database Version : DB.6.0.130
2024-12-09 09:28:33,313 [WARN] ThirdParty:871 - waiting for thirdparty lock release [close project]
2024-12-09 09:28:33,313 [INFO] ThirdParty:873 - entering critical section [close project]
2024-12-09 09:28:33,314 [INFO] ThirdParty:883 - exiting critical section [close project]
2024-12-09 09:28:33,317 [INFO] PinOutPanel:1589 - setPackage(No Configuration,No Configuration)
2024-12-09 09:28:33,326 [INFO] UtilMem:75 - Begin LoadConfig() Used Memory: 746130800 Bytes (935329792)
2024-12-09 09:28:33,328 [INFO] MicroXplorer:468 - Change Database Path : 
2024-12-09 09:28:33,328 [INFO] MicroXplorer:498 - Change Database Version : DB.6.0.130
2024-12-09 09:28:33,328 [INFO] OpenFileManager:332 - Change cursor
2024-12-09 09:28:33,397 [INFO] Mcu:2035 - Initializing MCU STM32L496ZGTxP STM32L496ZGTxP STM32L496ZGT6P
2024-12-09 09:28:35,845 [INFO] Context:748 - Trying to add GPIOservice into a context  which must be forbidden
2024-12-09 09:28:36,588 [INFO] RtosManager:555 - Registered RTOS mode: class=CMSIS, group=RTOS, mode=CMSIS_V1, owner=FREERTOS
2024-12-09 09:28:36,589 [INFO] RtosManager:555 - Registered RTOS mode: class=CMSIS, group=RTOS2, mode=CMSIS_V2, owner=FREERTOS
2024-12-09 09:28:36,589 [INFO] RtosManager:555 - Registered RTOS mode: class=RTOS, group=Core, mode=CMSIS_V1, owner=FREERTOS
2024-12-09 09:28:36,589 [INFO] RtosManager:555 - Registered RTOS mode: class=RTOS, group=Core, mode=CMSIS_V2, owner=FREERTOS
2024-12-09 09:28:36,589 [WARN] ModelIntegratedComponent:184 - Missing modes for component STMicroelectronics:FreeRTOS:0.0.1:STMicroelectronics:RTOS:FreeRTOS:Core:::10.2.0:
2024-12-09 09:28:36,609 [WARN] ModelIntegratedComponent:63 - No mode defined for component null
2024-12-09 09:28:36,609 [WARN] ModelIntegratedComponent:63 - No mode defined for component null
2024-12-09 09:28:36,609 [WARN] ModelIntegratedComponent:63 - No mode defined for component null
2024-12-09 09:28:36,609 [WARN] ModelIntegratedComponent:63 - No mode defined for component null
2024-12-09 09:28:36,609 [WARN] ModelIntegratedComponent:63 - No mode defined for component null
2024-12-09 09:28:36,609 [WARN] ModelIntegratedComponent:63 - No mode defined for component null
2024-12-09 09:28:36,609 [WARN] ModelIntegratedComponent:63 - No mode defined for component null
2024-12-09 09:28:36,609 [WARN] ModelIntegratedComponent:63 - No mode defined for component null
2024-12-09 09:28:36,610 [WARN] ModelIntegratedComponent:63 - No mode defined for component null
2024-12-09 09:28:36,610 [WARN] ModelIntegratedComponent:63 - No mode defined for component null
2024-12-09 09:28:36,610 [WARN] ModelIntegratedComponent:63 - No mode defined for component null
2024-12-09 09:28:36,610 [WARN] ModelIntegratedComponent:63 - No mode defined for component null
2024-12-09 09:28:36,610 [WARN] ModelIntegratedComponent:63 - No mode defined for component null
2024-12-09 09:28:36,610 [WARN] ModelIntegratedComponent:63 - No mode defined for component null
2024-12-09 09:28:36,610 [WARN] ModelIntegratedComponent:63 - No mode defined for component null
2024-12-09 09:28:36,610 [WARN] ModelIntegratedComponent:63 - No mode defined for component null
2024-12-09 09:28:36,610 [WARN] ModelIntegratedComponent:63 - No mode defined for component null
2024-12-09 09:28:36,610 [WARN] ModelIntegratedComponent:63 - No mode defined for component null
2024-12-09 09:28:36,610 [WARN] ModelIntegratedComponent:63 - No mode defined for component null
2024-12-09 09:28:36,610 [WARN] ModelIntegratedComponent:63 - No mode defined for component null
2024-12-09 09:28:36,610 [WARN] ModelIntegratedComponent:63 - No mode defined for component null
2024-12-09 09:28:36,610 [WARN] ModelIntegratedComponent:63 - No mode defined for component null
2024-12-09 09:28:36,610 [WARN] ModelIntegratedComponent:63 - No mode defined for component null
2024-12-09 09:28:36,610 [WARN] ModelIntegratedComponent:63 - No mode defined for component null
2024-12-09 09:28:36,610 [WARN] ModelIntegratedComponent:63 - No mode defined for component null
2024-12-09 09:28:36,610 [WARN] ModelIntegratedComponent:63 - No mode defined for component null
2024-12-09 09:28:36,610 [WARN] ModelIntegratedComponent:63 - No mode defined for component null
2024-12-09 09:28:36,610 [WARN] ModelIntegratedComponent:63 - No mode defined for component null
2024-12-09 09:28:36,610 [WARN] ModelIntegratedComponent:63 - No mode defined for component null
2024-12-09 09:28:36,610 [WARN] ModelIntegratedComponent:63 - No mode defined for component null
2024-12-09 09:28:36,610 [WARN] ModelIntegratedComponent:63 - No mode defined for component null
2024-12-09 09:28:36,610 [WARN] ModelIntegratedComponent:63 - No mode defined for component null
2024-12-09 09:28:36,610 [WARN] ModelIntegratedComponent:63 - No mode defined for component null
2024-12-09 09:28:36,610 [WARN] ModelIntegratedComponent:63 - No mode defined for component null
2024-12-09 09:28:36,610 [WARN] ModelIntegratedComponent:63 - No mode defined for component null
2024-12-09 09:28:36,611 [WARN] ModelPack:524 - Component already loaded: STMicroelectronics:HAL Drivers:0.0.0:STMicroelectronics:Device:STMicro_Driver:XSPI:HAL::0.0.1:HAL_XSPI
2024-12-09 09:28:36,628 [INFO] ThirdPartyModel:298 - Start build external matchings
2024-12-09 09:28:36,833 [INFO] ThirdPartyModel:316 - End build external matchings
2024-12-09 09:28:36,851 [INFO] ImportTextPane:218 - (OptionalMessage_ERROR) IP (DMA) : Parameter (Instance) has Id (SPI1_RX) currently not set
2024-12-09 09:28:36,852 [INFO] ImportTextPane:218 - (OptionalMessage_ERROR) IP (DMA) : Parameter (Request) has Id (SPI1_RX) currently not set
2024-12-09 09:28:36,852 [INFO] ImportTextPane:218 - (OptionalMessage_ERROR) IP (DMA) : Parameter (Direction) has Id (SPI1_RX) currently not set
2024-12-09 09:28:36,852 [INFO] ImportTextPane:218 - (OptionalMessage_ERROR) IP (DMA) : Parameter (PeriphInc) has Id (SPI1_RX) currently not set
2024-12-09 09:28:36,853 [INFO] ImportTextPane:218 - (OptionalMessage_ERROR) IP (DMA) : Parameter (MemInc) has Id (SPI1_RX) currently not set
2024-12-09 09:28:36,853 [INFO] ImportTextPane:218 - (OptionalMessage_ERROR) IP (DMA) : Parameter (PeriphDataAlignment) has Id (SPI1_RX) currently not set
2024-12-09 09:28:36,854 [INFO] ImportTextPane:218 - (OptionalMessage_ERROR) IP (DMA) : Parameter (MemDataAlignment) has Id (SPI1_RX) currently not set
2024-12-09 09:28:36,854 [INFO] ImportTextPane:218 - (OptionalMessage_ERROR) IP (DMA) : Parameter (Mode) has Id (SPI1_RX) currently not set
2024-12-09 09:28:36,854 [INFO] ImportTextPane:218 - (OptionalMessage_ERROR) IP (DMA) : Parameter (Priority) has Id (SPI1_RX) currently not set
2024-12-09 09:28:36,855 [INFO] ImportTextPane:218 - (OptionalMessage_ERROR) IP (DMA) : Parameter (Instance) has Id (SPI1_TX) currently not set
2024-12-09 09:28:36,855 [INFO] ImportTextPane:218 - (OptionalMessage_ERROR) IP (DMA) : Parameter (Request) has Id (SPI1_TX) currently not set
2024-12-09 09:28:36,855 [INFO] ImportTextPane:218 - (OptionalMessage_ERROR) IP (DMA) : Parameter (Direction) has Id (SPI1_TX) currently not set
2024-12-09 09:28:36,855 [INFO] ImportTextPane:218 - (OptionalMessage_ERROR) IP (DMA) : Parameter (PeriphInc) has Id (SPI1_TX) currently not set
2024-12-09 09:28:36,856 [INFO] ImportTextPane:218 - (OptionalMessage_ERROR) IP (DMA) : Parameter (MemInc) has Id (SPI1_TX) currently not set
2024-12-09 09:28:36,856 [INFO] ImportTextPane:218 - (OptionalMessage_ERROR) IP (DMA) : Parameter (PeriphDataAlignment) has Id (SPI1_TX) currently not set
2024-12-09 09:28:36,856 [INFO] ImportTextPane:218 - (OptionalMessage_ERROR) IP (DMA) : Parameter (MemDataAlignment) has Id (SPI1_TX) currently not set
2024-12-09 09:28:36,856 [INFO] ImportTextPane:218 - (OptionalMessage_ERROR) IP (DMA) : Parameter (Mode) has Id (SPI1_TX) currently not set
2024-12-09 09:28:36,856 [INFO] ImportTextPane:218 - (OptionalMessage_ERROR) IP (DMA) : Parameter (Priority) has Id (SPI1_TX) currently not set
2024-12-09 09:28:36,856 [INFO] ImportTextPane:218 - (OptionalMessage_ERROR) IP (DMA) : Parameter (Instance) has Id (USART1_RX) currently not set
2024-12-09 09:28:36,856 [INFO] ImportTextPane:218 - (OptionalMessage_ERROR) IP (DMA) : Parameter (Request) has Id (USART1_RX) currently not set
2024-12-09 09:28:36,856 [INFO] ImportTextPane:218 - (OptionalMessage_ERROR) IP (DMA) : Parameter (Direction) has Id (USART1_RX) currently not set
2024-12-09 09:28:36,857 [INFO] ImportTextPane:218 - (OptionalMessage_ERROR) IP (DMA) : Parameter (PeriphInc) has Id (USART1_RX) currently not set
2024-12-09 09:28:36,857 [INFO] ImportTextPane:218 - (OptionalMessage_ERROR) IP (DMA) : Parameter (MemInc) has Id (USART1_RX) currently not set
2024-12-09 09:28:36,857 [INFO] ImportTextPane:218 - (OptionalMessage_ERROR) IP (DMA) : Parameter (PeriphDataAlignment) has Id (USART1_RX) currently not set
2024-12-09 09:28:36,857 [INFO] ImportTextPane:218 - (OptionalMessage_ERROR) IP (DMA) : Parameter (MemDataAlignment) has Id (USART1_RX) currently not set
2024-12-09 09:28:36,857 [INFO] ImportTextPane:218 - (OptionalMessage_ERROR) IP (DMA) : Parameter (Mode) has Id (USART1_RX) currently not set
2024-12-09 09:28:36,857 [INFO] ImportTextPane:218 - (OptionalMessage_ERROR) IP (DMA) : Parameter (Priority) has Id (USART1_RX) currently not set
2024-12-09 09:28:36,857 [INFO] ImportTextPane:218 - (OptionalMessage_ERROR) IP (DMA) : Parameter (Instance) has Id (USART1_TX) currently not set
2024-12-09 09:28:36,857 [INFO] ImportTextPane:218 - (OptionalMessage_ERROR) IP (DMA) : Parameter (Request) has Id (USART1_TX) currently not set
2024-12-09 09:28:36,857 [INFO] ImportTextPane:218 - (OptionalMessage_ERROR) IP (DMA) : Parameter (Direction) has Id (USART1_TX) currently not set
2024-12-09 09:28:36,857 [INFO] ImportTextPane:218 - (OptionalMessage_ERROR) IP (DMA) : Parameter (PeriphInc) has Id (USART1_TX) currently not set
2024-12-09 09:28:36,858 [INFO] ImportTextPane:218 - (OptionalMessage_ERROR) IP (DMA) : Parameter (MemInc) has Id (USART1_TX) currently not set
2024-12-09 09:28:36,858 [INFO] ImportTextPane:218 - (OptionalMessage_ERROR) IP (DMA) : Parameter (PeriphDataAlignment) has Id (USART1_TX) currently not set
2024-12-09 09:28:36,858 [INFO] ImportTextPane:218 - (OptionalMessage_ERROR) IP (DMA) : Parameter (MemDataAlignment) has Id (USART1_TX) currently not set
2024-12-09 09:28:36,858 [INFO] ImportTextPane:218 - (OptionalMessage_ERROR) IP (DMA) : Parameter (Mode) has Id (USART1_TX) currently not set
2024-12-09 09:28:36,859 [INFO] ImportTextPane:218 - (OptionalMessage_ERROR) IP (DMA) : Parameter (Priority) has Id (USART1_TX) currently not set
2024-12-09 09:28:37,518 [INFO] ApiDb:581 - Connected to CubeFinder SQLite database (C:\Users\ZOJOLDRI\.stmcufinder\plugins\mcufinder\mcu\cube-finder-db.db)
2024-12-09 09:28:37,573 [INFO] ApiDb:668 - CubeFinder database Data Model version=2.1
2024-12-09 09:28:37,573 [INFO] ApiDb:669 - CubeFinder database Configuration version=3.0.39
2024-12-09 09:28:37,574 [INFO] ApiDb:670 - CubeFinder database generation date=2024-11-21 (1732182206)
2024-12-09 09:28:37,574 [INFO] ApiDb:671 - CubeFinder database FW Pack versions=[FP-ATR-ASTRA1_V2.0.0, FP-SNS-FLIGHT1_V5.0.2, FP-SNS-MOTENV1_V5.0.0, FP-SNS-MOTENVWB1_V1.4.0, FP-SNS-SMARTAG2_V1.2.0, FP-SNS-STBOX1_V2.0.0, STM32Cube_FW_C0_V1.3.0, STM32Cube_FW_F4_V1.28.1, STM32Cube_FW_F7_V1.17.2, STM32Cube_FW_G0_V1.6.2, STM32Cube_FW_G4_V1.6.1, STM32Cube_FW_H5_V1.4.0, STM32Cube_FW_H7RS_V1.1.0, STM32Cube_FW_H7_V1.12.0, STM32Cube_FW_L0_V1.12.2, STM32Cube_FW_L4_V1.18.1, STM32Cube_FW_L5_V1.5.1, STM32Cube_FW_N6_V1.0.0, STM32Cube_FW_U0_V1.2.0, STM32Cube_FW_U3_V1.0.0, STM32Cube_FW_U5_V1.7.0, STM32Cube_FW_WB0_V1.1.0, STM32Cube_FW_WBA_V1.5.0, STM32Cube_FW_WB_V1.21.0, STM32Cube_FW_WL3_V1.0.0, STM32Cube_FW_WL_V1.3.0, X-CUBE-ALGOBUILD_V1.4.0, X-CUBE-ALS_V1.0.2, X-CUBE-AZRTOS-F4_V1.1.0, X-CUBE-AZRTOS-F7_V1.1.0, X-CUBE-AZRTOS-G0_V1.1.0, X-CUBE-AZRTOS-G4_V2.0.0, X-CUBE-AZRTOS-H7RS_V1.0.0, X-CUBE-AZRTOS-H7_V3.3.0, X-CUBE-AZRTOS-L4_V2.0.0, X-CUBE-AZRTOS-L5_V2.0.0, X-CUBE-AZRTOS-WB_V2.0.0, X-CUBE-AZRTOS-WL_V2.0.0, X-CUBE-BLE1_V7.0.0, X-CUBE-BLE2_V3.3.0, X-CUBE-BLEMGR_V3.1.0, X-CUBE-EEPRMA1_V5.1.0, X-CUBE-FREERTOS_V1.2.0, X-CUBE-GNSS1_V6.0.0, X-CUBE-MEMS1_V11.0.0, X-CUBE-NFC4_V3.0.0, X-CUBE-NFC7_V1.0.1, X-CUBE-SFXS2LP1_V4.0.0, X-CUBE-SUBG2_V5.0.0, X-CUBE-TOF1_V3.4.2]
2024-12-09 09:28:37,613 [INFO] DbBoardsSqlite:226 - include board P-NUCLEO-WB55-NUCLEO as a kit item of type 'Nucleo-64'
2024-12-09 09:28:37,614 [INFO] DbBoardsSqlite:226 - include board P-NUCLEO-WB55-USBDONGLE as a kit item of type 'Nucleo USB Dongle'
2024-12-09 09:28:37,614 [INFO] DbBoardsSqlite:226 - include board STEVAL-IDP005V1 as a kit item of type 'Evaluation Board'
2024-12-09 09:28:37,614 [INFO] DbBoardsSqlite:226 - include board STEVAL-IDP005V2 as a kit item of type 'Evaluation Board'
2024-12-09 09:28:37,656 [INFO] ApiDb:240 - Found 858 in-development CPN: [B-G473E-ZEST1S, B-WB1M-WPAN1, B-WBA5M-WPAN, B-WL5M-SUBG1, NUCLEO-C031C6, NUCLEO-C051C8, NUCLEO-C071RB, NUCLEO-C092RC, NUCLEO-H503RB, NUCLEO-H533RE, NUCLEO-H563ZI, NUCLEO-H7S3L8, NUCLEO-N657X0-Q, NUCLEO-U031R8, NUCLEO-U083RC, NUCLEO-U385RG-Q, NUCLEO-U545RE-Q, NUCLEO-U5A5ZJ-Q, NUCLEO-WB05KZ, NUCLEO-WB07CC, NUCLEO-WB09KE, NUCLEO-WBA52CG, NUCLEO-WBA55CG, NUCLEO-WL33CC1, NUCLEO-WL33CC2, STEVAL-PROTEUS1, STEVAL-SMARTAG2, STEVAL-STWINBX1, STM320518-EVAL, STM32C0116-DK, STM32C011D6Y3TR, STM32C011D6Y6TR, STM32C011F4P3, STM32C011F4P6, STM32C011F4U3, STM32C011F4U6TR, STM32C011F6P3, STM32C011F6P6, STM32C011F6U3, STM32C011F6U6TR, STM32C011J4M3, STM32C011J4M6, STM32C011J6M3, STM32C011J6M6, STM32C0316-DK, STM32C031C4T3, STM32C031C4T6, STM32C031C4U3, STM32C031C4U6, STM32C031C6T3, STM32C031C6T6, STM32C031C6U3, STM32C031C6U6, STM32C031F4P3, STM32C031F4P6, STM32C031F6P3, STM32C031F6P6, STM32C031G4U3, STM32C031G4U6, STM32C031G6U3, STM32C031G6U6, STM32C031K4T3, STM32C031K4T6, STM32C031K4U3, STM32C031K4U6, STM32C031K6T3, STM32C031K6T6, STM32C031K6U3, STM32C031K6U6, STM32C051C6T6, STM32C051C6U6, STM32C051C8T6, STM32C051C8U6, STM32C051D8Y6TR, STM32C051F6P6, STM32C051F8P6, STM32C051G6U6, STM32C051G8U6, STM32C051K6T6, STM32C051K6U6, STM32C051K8T6, STM32C071C8T6, STM32C071C8T6N, STM32C071C8U6, STM32C071C8U6N, STM32C071CBT6, STM32C071CBT6N, STM32C071CBU6, STM32C071CBU6N, STM32C071F8P6, STM32C071F8P6N, STM32C071FBP6, STM32C071FBP6N, STM32C071FBY6TR, STM32C071G8U6, STM32C071G8U6N, STM32C071GBU6, STM32C071GBU6N, STM32C071K8T6, STM32C071K8T6N, STM32C071K8U6, STM32C071K8U6N, STM32C071KBT6, STM32C071KBT6N, STM32C071KBU6, STM32C071KBU6N, STM32C071R8T6, STM32C071R8T6N, STM32C071RBI6N, STM32C071RBT6, STM32C071RBT6N, STM32C091CBT6, STM32C091CBU6, STM32C091CCT6, STM32C091CCU6, STM32C091ECY6TR, STM32C091FBP6, STM32C091FCP6, STM32C091GBU6, STM32C091GCU6, STM32C091KBT6, STM32C091KBU6, STM32C091KCT6, STM32C091KCU6, STM32C091RBT6, STM32C091RCI6, STM32C091RCT6, STM32C092CBT6, STM32C092CBU6, STM32C092CCT6, STM32C092CCU6, STM32C092ECY6TR, STM32C092FBP6, STM32C092FCP6, STM32C092GBU6, STM32C092GCU6, STM32C092KBT6, STM32C092KBU6, STM32C092KCT6, STM32C092KCU6, STM32C092RBT6, STM32C092RCI6, STM32C092RCT6, STM32G071K8TXN, STM32G071K8UXN, STM32G081GBU6N, STM32G081KBT6N, STM32G081KBUXN, STM32G0B1CCT6N, STM32G0B1KCT6, STM32G0B1NEY6TR, STM32G0B1RCT6N, STM32G0C1CCT6, STM32G0C1CCT6N, STM32G0C1CCU6N, STM32G0C1CET6N, STM32G0C1CEU6N, STM32G0C1KCT6, STM32G0C1NEY6TR, STM32G0C1RCI6N, STM32G0C1RCT6N, STM32G0C1REI6N, STM32G0C1RET6N, STM32G0C1VCI6, STM32G0C1VEI6, STM32G411C6T3, STM32G411C6T6, STM32G411C6U3, STM32G411C6U6, STM32G411C8T3, STM32G411C8T6, STM32G411C8U3, STM32G411C8U6, STM32G411CBT3, STM32G411CBT6, STM32G411CBU3, STM32G411CBU6, STM32G411CCT3, STM32G411CCT6, STM32G411CCU3, STM32G411CCU6, STM32G411K6T3, STM32G411K6T6, STM32G411K6U3, STM32G411K6U6, STM32G411K8T3, STM32G411K8T6, STM32G411K8U3, STM32G411K8U6, STM32G411KBT3, STM32G411KBT6, STM32G411KBU3, STM32G411KBU6, STM32G411M6T3, STM32G411M6T6, STM32G411M8T3, STM32G411M8T6, STM32G411MBT3, STM32G411MBT6, STM32G411MCT3, STM32G411MCT6, STM32G411R6T3, STM32G411R6T6, STM32G411R8T3, STM32G411R8T6, STM32G411RBT3, STM32G411RBT6, STM32G411RCT3, STM32G411RCT6, STM32G414CBT3, STM32G414CBT6, STM32G414CBU3, STM32G414CBU6, STM32G414CCT3, STM32G414CCT6, STM32G414CCU3, STM32G414CCU6, STM32G414MBT3, STM32G414MBT6, STM32G414MCT3, STM32G414MCT6, STM32G414RBT3, STM32G414RBT6, STM32G414RCT3, STM32G414RCT6, STM32G414VBT3, STM32G414VBT6, STM32G414VCT3, STM32G414VCT6, STM32G431CBT3Z, STM32G431RBT3Z, STM32G471CCT6, STM32G471CCU6, STM32G471CET3, STM32G471CET6, STM32G471CEU3, STM32G471CEU6, STM32G471MCT6, STM32G471MET3, STM32G471MET6, STM32G471MEY6TR, STM32G471QCT6, STM32G471QET3, STM32G471RCT6, STM32G471RET3, STM32G471RET6, STM32G471VCH6, STM32G471VCI6, STM32G471VCT6, STM32G471VEH3, STM32G471VEH6, STM32G471VEI3, STM32G471VEI6, STM32G471VET3, STM32G471VET6, STM32G473QET3Z, STM32G473RET3Z, STM32G474CCT6, STM32G491RET3Z, STM32H503CBT6, STM32H503CBU6, STM32H503EBY6TR, STM32H503KBU6, STM32H503RBT6, STM32H523CCT6, STM32H523CCU6, STM32H523CET6, STM32H523CEU6, STM32H523HEY6TR, STM32H523RCT6, STM32H523RET6, STM32H523VCI6, STM32H523VCT6, STM32H523VEI6, STM32H523VET6, STM32H523ZCJ6, STM32H523ZCT6, STM32H523ZEJ6, STM32H523ZET6, STM32H533CET6, STM32H533CEU6, STM32H533HEY6TR, STM32H533RET6, STM32H533VEI6, STM32H533VET6, STM32H533ZEJ6, STM32H533ZET6, STM32H562AGI6, STM32H562AII6, STM32H562IGK6, STM32H562IGT6, STM32H562IIK6, STM32H562IIT6, STM32H562RGT6, STM32H562RGV6, STM32H562RIT6, STM32H562RIV6, STM32H562VGT6, STM32H562VIT6, STM32H562ZGT6, STM32H562ZIT6, STM32H563AGI6, STM32H563AII3Q, STM32H563AII6, STM32H563IGK6, STM32H563IGT6, STM32H563IIK3Q, STM32H563IIK6, STM32H563IIT3Q, STM32H563IIT6, STM32H563MIY3QTR, STM32H563RGT6, STM32H563RGV6, STM32H563RIT6, STM32H563RIV6, STM32H563VGT6, STM32H563VIT3Q, STM32H563VIT6, STM32H563ZGT6, STM32H563ZIT3Q, STM32H563ZIT6, STM32H573AII3Q, STM32H573AII6, STM32H573I-DK, STM32H573IIK3Q, STM32H573IIK6, STM32H573IIT3Q, STM32H573IIT6, STM32H573MIY3QTR, STM32H573RIT6, STM32H573RIV6, STM32H573VIT3Q, STM32H573VIT6, STM32H573ZIT3Q, STM32H573ZIT6, STM32H7R3A8I6, STM32H7R3I8K6, STM32H7R3I8T6, STM32H7R3L8H6, STM32H7R3L8H6H, STM32H7R3R8V6, STM32H7R3V8H6, STM32H7R3V8T6, STM32H7R3V8Y6TR, STM32H7R3Z8J6, STM32H7R3Z8T6, STM32H7R7A8I6, STM32H7R7I8K6, STM32H7R7I8T6, STM32H7R7L8H6, STM32H7R7L8H6H, STM32H7R7Z8J6, STM32H7S3A8I6, STM32H7S3I8K6, STM32H7S3I8T6, STM32H7S3L8H6, STM32H7S3L8H6H, STM32H7S3R8V6, STM32H7S3V8H6, STM32H7S3V8T6, STM32H7S3V8Y6TR, STM32H7S3Z8J6, STM32H7S3Z8T6, STM32H7S78-DK, STM32H7S7A8I6, STM32H7S7I8K6, STM32H7S7I8T6, STM32H7S7L8H6, STM32H7S7L8H6H, STM32H7S7Z8J6, STM32L4R5QGI6STR, STM32MP131AAE3, STM32MP131AAF3, STM32MP131AAG3, STM32MP131CAE3, STM32MP131CAF3, STM32MP131CAG3, STM32MP131DAE7, STM32MP131DAF7, STM32MP131DAG7, STM32MP131FAE7, STM32MP131FAF7, STM32MP131FAG7, STM32MP133AAE3, STM32MP133AAF3, STM32MP133AAG3, STM32MP133CAE3, STM32MP133CAF3, STM32MP133CAG3, STM32MP133DAE7, STM32MP133DAF7, STM32MP133DAG7, STM32MP133FAE7, STM32MP133FAF7, STM32MP133FAG7, STM32MP135AAE3, STM32MP135AAF3, STM32MP135AAG3, STM32MP135CAE3, STM32MP135CAF3, STM32MP135CAG3, STM32MP135DAE7, STM32MP135DAF7, STM32MP135DAG7, STM32MP135F-DK, STM32MP135FAE7, STM32MP135FAF7, STM32MP135FAF7T, STM32MP135FAF7U, STM32MP135FAG7, STM32MP231AAJ3, STM32MP231AAK3, STM32MP231AAL3, STM32MP231CAJ3, STM32MP231CAK3, STM32MP231CAL3, STM32MP231DAJ3, STM32MP231DAK3, STM32MP231DAL3, STM32MP231FAJ3, STM32MP231FAK3, STM32MP231FAL3, STM32MP233AAJ3, STM32MP233AAK3, STM32MP233AAL3, STM32MP233CAJ3, STM32MP233CAK3, STM32MP233CAL3, STM32MP233DAJ3, STM32MP233DAK3, STM32MP233DAL3, STM32MP233FAJ3, STM32MP233FAK3, STM32MP233FAL3, STM32MP235AAJ3, STM32MP235AAK3, STM32MP235AAL3, STM32MP235CAJ3, STM32MP235CAK3, STM32MP235CAL3, STM32MP235DAJ3, STM32MP235DAK3, STM32MP235DAL3, STM32MP235FAJ3, STM32MP235FAK3, STM32MP235FAL3, STM32MP251AAI3, STM32MP251AAJ3, STM32MP251AAK3, STM32MP251AAL3, STM32MP251CAI3, STM32MP251CAJ3, STM32MP251CAK3, STM32MP251CAL3, STM32MP251DAI3, STM32MP251DAJ3, STM32MP251DAK3, STM32MP251DAL3, STM32MP251FAI3, STM32MP251FAJ3, STM32MP251FAK3, STM32MP251FAL3, STM32MP253AAI3, STM32MP253AAJ3, STM32MP253AAK3, STM32MP253AAL3, STM32MP253CAI3, STM32MP253CAJ3, STM32MP253CAK3, STM32MP253CAL3, STM32MP253DAI3, STM32MP253DAJ3, STM32MP253DAK3, STM32MP253DAL3, STM32MP253FAI3, STM32MP253FAJ3, STM32MP253FAK3, STM32MP253FAL3, STM32MP255AAI3, STM32MP255AAJ3, STM32MP255AAK3, STM32MP255AAL3, STM32MP255CAI3, STM32MP255CAJ3, STM32MP255CAK3, STM32MP255CAL3, STM32MP255DAI3, STM32MP255DAJ3, STM32MP255DAK3, STM32MP255DAL3, STM32MP255FAI3, STM32MP255FAJ3, STM32MP255FAK3, STM32MP255FAL3, STM32MP257AAI3, STM32MP257AAJ3, STM32MP257AAK3, STM32MP257AAL3, STM32MP257CAI3, STM32MP257CAJ3, STM32MP257CAK3, STM32MP257CAL3, STM32MP257DAI3, STM32MP257DAJ3, STM32MP257DAK3, STM32MP257DAL3, STM32MP257F-DK, STM32MP257F-EV1, STM32MP257FAI3, STM32MP257FAJ3, STM32MP257FAK3, STM32MP257FAL3, STM32N645A0H3Q, STM32N645B0H3Q, STM32N645I0H3Q, STM32N645L0H3Q, STM32N645X0H3Q, STM32N645Z0H3Q, STM32N647A0H3Q, STM32N647B0H3Q, STM32N647I0H3Q, STM32N647L0H3Q, STM32N647X0H3Q, STM32N647Z0H3Q, STM32N655A0H3Q, STM32N655B0H3Q, STM32N655I0H3Q, STM32N655L0H3Q, STM32N655X0H3Q, STM32N655Z0H3Q, STM32N6570-DK, STM32N657A0H3Q, STM32N657B0H3Q, STM32N657I0H3Q, STM32N657L0H3Q, STM32N657X0H3Q, STM32N657Z0H3Q, STM32U031C6T6, STM32U031C6U6, STM32U031C8T6, STM32U031C8U6, STM32U031F4P6, STM32U031F6P6, STM32U031F8P6, STM32U031G6Y6TR, STM32U031G8Y6TR, STM32U031K4U6, STM32U031K6U6, STM32U031K8U6, STM32U031R6I6, STM32U031R6T6, STM32U031R8I6, STM32U031R8T6, STM32U073C8T6, STM32U073C8U6, STM32U073CBT6, STM32U073CBU6, STM32U073CCT6, STM32U073CCU6, STM32U073H8Y6TR, STM32U073HBY6TR, STM32U073HCY6TR, STM32U073K8U6, STM32U073KBU6, STM32U073KCU6, STM32U073M8I6, STM32U073M8T6, STM32U073MBI6, STM32U073MBT6, STM32U073MCI6, STM32U073MCT6, STM32U073R8I6, STM32U073R8T6, STM32U073RBI6, STM32U073RBT6, STM32U073RCI6, STM32U073RCT6, STM32U083C-DK, STM32U083CCT6, STM32U083CCU6, STM32U083HCY6TR, STM32U083KCU6, STM32U083MCI6, STM32U083MCT6, STM32U083RCI6, STM32U083RCT6, STM32U375CET6, STM32U375CET6Q, STM32U375CEU6, STM32U375CEU6Q, STM32U375CEY6QTR, STM32U375CGT6, STM32U375CGT6Q, STM32U375CGU6, STM32U375CGU6Q, STM32U375CGY6QTR, STM32U375KEU6, STM32U375KGU6, STM32U375REI6, STM32U375REI6Q, STM32U375RET6, STM32U375RET6Q, STM32U375REY6GTR, STM32U375REY6QTR, STM32U375RGI6, STM32U375RGI6Q, STM32U375RGT6, STM32U375RGT6Q, STM32U375RGY6GTR, STM32U375RGY6QTR, STM32U375VEI6, STM32U375VEI6Q, STM32U375VET6, STM32U375VET6Q, STM32U375VGI6, STM32U375VGI6Q, STM32U375VGT6, STM32U375VGT6Q, STM32U385CGT6, STM32U385CGT6Q, STM32U385CGU6, STM32U385CGU6Q, STM32U385CGY6QTR, STM32U385KGU6, STM32U385RGI6, STM32U385RGI6Q, STM32U385RGT6, STM32U385RGT6Q, STM32U385RGY6GTR, STM32U385RGY6QTR, STM32U385VGI6, STM32U385VGI6Q, STM32U385VGT6, STM32U385VGT6Q, STM32U535CBT6, STM32U535CBT6Q, STM32U535CBU6, STM32U535CBU6Q, STM32U535CCT6, STM32U535CCT6Q, STM32U535CCU6, STM32U535CCU6Q, STM32U535CET6, STM32U535CET6Q, STM32U535CEU6, STM32U535CEU6Q, STM32U535JEY6QTR, STM32U535NCY6QTR, STM32U535NEY6QTR, STM32U535RBI6, STM32U535RBI6Q, STM32U535RBT6, STM32U535RBT6Q, STM32U535RCI6, STM32U535RCI6Q, STM32U535RCT6, STM32U535RCT6Q, STM32U535REI6, STM32U535REI6Q, STM32U535RET6, STM32U535RET6Q, STM32U535VCI6, STM32U535VCI6Q, STM32U535VCT6, STM32U535VCT6Q, STM32U535VEI6, STM32U535VEI6Q, STM32U535VET6, STM32U535VET6Q, STM32U545CET6, STM32U545CET6Q, STM32U545CEU6, STM32U545CEU6Q, STM32U545JEY6QTR, STM32U545NEY6QTR, STM32U545REI6, STM32U545REI6Q, STM32U545RET6, STM32U545RET6Q, STM32U545VEI6, STM32U545VEI6Q, STM32U545VET6, STM32U545VET6Q, STM32U595AIH6, STM32U595AIH6Q, STM32U595AJH6, STM32U595AJH6Q, STM32U595QII6, STM32U595QII6Q, STM32U595QJI6, STM32U595QJI6Q, STM32U595RIT6, STM32U595RIT6Q, STM32U595RJT6, STM32U595RJT6Q, STM32U595VIT6, STM32U595VIT6Q, STM32U595VJT6, STM32U595VJT6Q, STM32U595ZIT6, STM32U595ZIT6Q, STM32U595ZIY6QTR, STM32U595ZJT6, STM32U595ZJT6Q, STM32U595ZJY6QTR, STM32U599BJY6QTR, STM32U599NIH6Q, STM32U599NJH6Q, STM32U599VIT6Q, STM32U599VJT6, STM32U599VJT6Q, STM32U599ZIT6Q, STM32U599ZIY6QTR, STM32U599ZJT6Q, STM32U599ZJY6QTR, STM32U5A5AJH6, STM32U5A5AJH6Q, STM32U5A5QII3Q , STM32U5A5QJI6, STM32U5A5QJI6Q, STM32U5A5RJT6, STM32U5A5RJT6Q, STM32U5A5VJT6, STM32U5A5VJT6Q, STM32U5A5ZJT6, STM32U5A5ZJT6Q, STM32U5A5ZJY6QTR, STM32U5A9BJY6QTR, STM32U5A9J-DK, STM32U5A9NJH6Q, STM32U5A9VJT6Q, STM32U5A9ZJT6Q, STM32U5A9ZJY6QTR, STM32U5F7VIT6, STM32U5F7VIT6Q, STM32U5F7VJT6, STM32U5F7VJT6Q, STM32U5F9BJY6QTR, STM32U5F9NJH6Q, STM32U5F9VIT6Q, STM32U5F9VJT6Q, STM32U5F9ZIJ6QTR, STM32U5F9ZIT6Q, STM32U5F9ZJJ6QTR, STM32U5F9ZJT6Q, STM32U5G7VJT6, STM32U5G7VJT6Q, STM32U5G9BJY6QTR, STM32U5G9J-DK1, STM32U5G9J-DK2, STM32U5G9NJH6Q, STM32U5G9VJT6Q, STM32U5G9ZJJ6QTR, STM32U5G9ZJT6Q, STM32WB05KZV6TR, STM32WB05KZV7TR, STM32WB05TZF6TR, STM32WB05TZF7TR, STM32WB06CCF6TR, STM32WB06CCF7TR, STM32WB06CCV6TR, STM32WB06CCV7TR, STM32WB06KCV6TR, STM32WB06KCV7TR, STM32WB07CCF6TR, STM32WB07CCF7TR, STM32WB07CCV6TR, STM32WB07CCV7TR, STM32WB07KCV6TR, STM32WB07KCV7TR, STM32WB09KEV6TR, STM32WB09KEV7TR, STM32WB09TEF6TR, STM32WB09TEF7TR, STM32WB1MMCH6, STM32WBA50KGU6, STM32WBA50KGU6TR, STM32WBA52CEU6, STM32WBA52CEU6TR, STM32WBA52CEU7, STM32WBA52CEU7TR, STM32WBA52CGU6, STM32WBA52CGU6TR, STM32WBA52CGU6U, STM32WBA52CGU7, STM32WBA52CGU7TR, STM32WBA52KEU6, STM32WBA52KEU6TR, STM32WBA52KGU6, STM32WBA52KGU6TR, STM32WBA54CEU6, STM32WBA54CEU6TR, STM32WBA54CEU7, STM32WBA54CEU7TR, STM32WBA54CGU6, STM32WBA54CGU6TR, STM32WBA54CGU7, STM32WBA54CGU7TR, STM32WBA54KEU6, STM32WBA54KEU6TR, STM32WBA54KEU7, STM32WBA54KEU7TR, STM32WBA54KGU6, STM32WBA54KGU6TR, STM32WBA54KGU7, STM32WBA54KGU7TR, STM32WBA55CEU6, STM32WBA55CEU6TR, STM32WBA55CEU7, STM32WBA55CEU7TR, STM32WBA55CGU6, STM32WBA55CGU6TR, STM32WBA55CGU6U, STM32WBA55CGU7, STM32WBA55CGU7TR, STM32WBA55G-DK1, STM32WBA55HEF6, STM32WBA55HEF7, STM32WBA55HGF6, STM32WBA55HGF7, STM32WBA55UEI6, STM32WBA55UEI6TR, STM32WBA55UEI7, STM32WBA55UEI7TR, STM32WBA55UGI6, STM32WBA55UGI6TR, STM32WBA55UGI7, STM32WBA55UGI7TR, STM32WBA5MJGH6TR, STM32WBA5MJGH6U, STM32WL33C8V6, STM32WL33C8V6TR, STM32WL33C8V7, STM32WL33C8V7TR, STM32WL33CBV6, STM32WL33CBV6TR, STM32WL33CBV7, STM32WL33CBV7TR, STM32WL33CCV6, STM32WL33CCV6TR, STM32WL33CCV7, STM32WL33CCV7A, STM32WL33CCV7ATR, STM32WL33CCV7TR, STM32WL33K8V6, STM32WL33K8V6TR, STM32WL33K8V7, STM32WL33K8V7TR, STM32WL33KBV6, STM32WL33KBV6TR, STM32WL33KBV7, STM32WL33KBV7TR, STM32WL33KCV6, STM32WL33KCV6TR, STM32WL33KCV7, STM32WL33KCV7TR, STM32WL5MOCH6, STM32WL5MOCH6TR]
2024-12-09 09:28:37,790 [INFO] BoardInfo:889 - No configuration file found for board P-NUCLEO-WB55
2024-12-09 09:28:37,791 [INFO] DbBoards:161 - Kit is not supported: P-NUCLEO-WB55
2024-12-09 09:28:37,799 [INFO] BoardInfo:889 - No configuration file found for board STEVAL-BFA001V1B
2024-12-09 09:28:37,800 [INFO] DbBoards:161 - Kit is not supported: STEVAL-BFA001V1B
2024-12-09 09:28:37,801 [INFO] BoardInfo:889 - No configuration file found for board STEVAL-BFA001V2B
2024-12-09 09:28:37,802 [INFO] DbBoards:161 - Kit is not supported: STEVAL-BFA001V2B
2024-12-09 09:28:37,950 [INFO] DbBoards:168 - Found 209 boards, 206 are supported
2024-12-09 09:28:37,950 [INFO] DbBoards:169 - Found 209 boards, 42 of them is supported for  Bsp
2024-12-09 09:28:37,953 [INFO] ApiDb:668 - CubeFinder database Data Model version=2.1
2024-12-09 09:28:37,953 [INFO] ApiDb:669 - CubeFinder database Configuration version=3.0.39
2024-12-09 09:28:37,953 [INFO] ApiDb:670 - CubeFinder database generation date=2024-11-21 (1732182206)
2024-12-09 09:28:37,953 [INFO] ApiDb:671 - CubeFinder database FW Pack versions=[FP-ATR-ASTRA1_V2.0.0, FP-SNS-FLIGHT1_V5.0.2, FP-SNS-MOTENV1_V5.0.0, FP-SNS-MOTENVWB1_V1.4.0, FP-SNS-SMARTAG2_V1.2.0, FP-SNS-STBOX1_V2.0.0, STM32Cube_FW_C0_V1.3.0, STM32Cube_FW_F4_V1.28.1, STM32Cube_FW_F7_V1.17.2, STM32Cube_FW_G0_V1.6.2, STM32Cube_FW_G4_V1.6.1, STM32Cube_FW_H5_V1.4.0, STM32Cube_FW_H7RS_V1.1.0, STM32Cube_FW_H7_V1.12.0, STM32Cube_FW_L0_V1.12.2, STM32Cube_FW_L4_V1.18.1, STM32Cube_FW_L5_V1.5.1, STM32Cube_FW_N6_V1.0.0, STM32Cube_FW_U0_V1.2.0, STM32Cube_FW_U3_V1.0.0, STM32Cube_FW_U5_V1.7.0, STM32Cube_FW_WB0_V1.1.0, STM32Cube_FW_WBA_V1.5.0, STM32Cube_FW_WB_V1.21.0, STM32Cube_FW_WL3_V1.0.0, STM32Cube_FW_WL_V1.3.0, X-CUBE-ALGOBUILD_V1.4.0, X-CUBE-ALS_V1.0.2, X-CUBE-AZRTOS-F4_V1.1.0, X-CUBE-AZRTOS-F7_V1.1.0, X-CUBE-AZRTOS-G0_V1.1.0, X-CUBE-AZRTOS-G4_V2.0.0, X-CUBE-AZRTOS-H7RS_V1.0.0, X-CUBE-AZRTOS-H7_V3.3.0, X-CUBE-AZRTOS-L4_V2.0.0, X-CUBE-AZRTOS-L5_V2.0.0, X-CUBE-AZRTOS-WB_V2.0.0, X-CUBE-AZRTOS-WL_V2.0.0, X-CUBE-BLE1_V7.0.0, X-CUBE-BLE2_V3.3.0, X-CUBE-BLEMGR_V3.1.0, X-CUBE-EEPRMA1_V5.1.0, X-CUBE-FREERTOS_V1.2.0, X-CUBE-GNSS1_V6.0.0, X-CUBE-MEMS1_V11.0.0, X-CUBE-NFC4_V3.0.0, X-CUBE-NFC7_V1.0.1, X-CUBE-SFXS2LP1_V4.0.0, X-CUBE-SUBG2_V5.0.0, X-CUBE-TOF1_V3.4.2]
2024-12-09 09:28:39,056 [INFO] ApiDb:240 - Found 858 in-development CPN: [B-G473E-ZEST1S, B-WB1M-WPAN1, B-WBA5M-WPAN, B-WL5M-SUBG1, NUCLEO-C031C6, NUCLEO-C051C8, NUCLEO-C071RB, NUCLEO-C092RC, NUCLEO-H503RB, NUCLEO-H533RE, NUCLEO-H563ZI, NUCLEO-H7S3L8, NUCLEO-N657X0-Q, NUCLEO-U031R8, NUCLEO-U083RC, NUCLEO-U385RG-Q, NUCLEO-U545RE-Q, NUCLEO-U5A5ZJ-Q, NUCLEO-WB05KZ, NUCLEO-WB07CC, NUCLEO-WB09KE, NUCLEO-WBA52CG, NUCLEO-WBA55CG, NUCLEO-WL33CC1, NUCLEO-WL33CC2, STEVAL-PROTEUS1, STEVAL-SMARTAG2, STEVAL-STWINBX1, STM320518-EVAL, STM32C0116-DK, STM32C011D6Y3TR, STM32C011D6Y6TR, STM32C011F4P3, STM32C011F4P6, STM32C011F4U3, STM32C011F4U6TR, STM32C011F6P3, STM32C011F6P6, STM32C011F6U3, STM32C011F6U6TR, STM32C011J4M3, STM32C011J4M6, STM32C011J6M3, STM32C011J6M6, STM32C0316-DK, STM32C031C4T3, STM32C031C4T6, STM32C031C4U3, STM32C031C4U6, STM32C031C6T3, STM32C031C6T6, STM32C031C6U3, STM32C031C6U6, STM32C031F4P3, STM32C031F4P6, STM32C031F6P3, STM32C031F6P6, STM32C031G4U3, STM32C031G4U6, STM32C031G6U3, STM32C031G6U6, STM32C031K4T3, STM32C031K4T6, STM32C031K4U3, STM32C031K4U6, STM32C031K6T3, STM32C031K6T6, STM32C031K6U3, STM32C031K6U6, STM32C051C6T6, STM32C051C6U6, STM32C051C8T6, STM32C051C8U6, STM32C051D8Y6TR, STM32C051F6P6, STM32C051F8P6, STM32C051G6U6, STM32C051G8U6, STM32C051K6T6, STM32C051K6U6, STM32C051K8T6, STM32C071C8T6, STM32C071C8T6N, STM32C071C8U6, STM32C071C8U6N, STM32C071CBT6, STM32C071CBT6N, STM32C071CBU6, STM32C071CBU6N, STM32C071F8P6, STM32C071F8P6N, STM32C071FBP6, STM32C071FBP6N, STM32C071FBY6TR, STM32C071G8U6, STM32C071G8U6N, STM32C071GBU6, STM32C071GBU6N, STM32C071K8T6, STM32C071K8T6N, STM32C071K8U6, STM32C071K8U6N, STM32C071KBT6, STM32C071KBT6N, STM32C071KBU6, STM32C071KBU6N, STM32C071R8T6, STM32C071R8T6N, STM32C071RBI6N, STM32C071RBT6, STM32C071RBT6N, STM32C091CBT6, STM32C091CBU6, STM32C091CCT6, STM32C091CCU6, STM32C091ECY6TR, STM32C091FBP6, STM32C091FCP6, STM32C091GBU6, STM32C091GCU6, STM32C091KBT6, STM32C091KBU6, STM32C091KCT6, STM32C091KCU6, STM32C091RBT6, STM32C091RCI6, STM32C091RCT6, STM32C092CBT6, STM32C092CBU6, STM32C092CCT6, STM32C092CCU6, STM32C092ECY6TR, STM32C092FBP6, STM32C092FCP6, STM32C092GBU6, STM32C092GCU6, STM32C092KBT6, STM32C092KBU6, STM32C092KCT6, STM32C092KCU6, STM32C092RBT6, STM32C092RCI6, STM32C092RCT6, STM32G071K8TXN, STM32G071K8UXN, STM32G081GBU6N, STM32G081KBT6N, STM32G081KBUXN, STM32G0B1CCT6N, STM32G0B1KCT6, STM32G0B1NEY6TR, STM32G0B1RCT6N, STM32G0C1CCT6, STM32G0C1CCT6N, STM32G0C1CCU6N, STM32G0C1CET6N, STM32G0C1CEU6N, STM32G0C1KCT6, STM32G0C1NEY6TR, STM32G0C1RCI6N, STM32G0C1RCT6N, STM32G0C1REI6N, STM32G0C1RET6N, STM32G0C1VCI6, STM32G0C1VEI6, STM32G411C6T3, STM32G411C6T6, STM32G411C6U3, STM32G411C6U6, STM32G411C8T3, STM32G411C8T6, STM32G411C8U3, STM32G411C8U6, STM32G411CBT3, STM32G411CBT6, STM32G411CBU3, STM32G411CBU6, STM32G411CCT3, STM32G411CCT6, STM32G411CCU3, STM32G411CCU6, STM32G411K6T3, STM32G411K6T6, STM32G411K6U3, STM32G411K6U6, STM32G411K8T3, STM32G411K8T6, STM32G411K8U3, STM32G411K8U6, STM32G411KBT3, STM32G411KBT6, STM32G411KBU3, STM32G411KBU6, STM32G411M6T3, STM32G411M6T6, STM32G411M8T3, STM32G411M8T6, STM32G411MBT3, STM32G411MBT6, STM32G411MCT3, STM32G411MCT6, STM32G411R6T3, STM32G411R6T6, STM32G411R8T3, STM32G411R8T6, STM32G411RBT3, STM32G411RBT6, STM32G411RCT3, STM32G411RCT6, STM32G414CBT3, STM32G414CBT6, STM32G414CBU3, STM32G414CBU6, STM32G414CCT3, STM32G414CCT6, STM32G414CCU3, STM32G414CCU6, STM32G414MBT3, STM32G414MBT6, STM32G414MCT3, STM32G414MCT6, STM32G414RBT3, STM32G414RBT6, STM32G414RCT3, STM32G414RCT6, STM32G414VBT3, STM32G414VBT6, STM32G414VCT3, STM32G414VCT6, STM32G431CBT3Z, STM32G431RBT3Z, STM32G471CCT6, STM32G471CCU6, STM32G471CET3, STM32G471CET6, STM32G471CEU3, STM32G471CEU6, STM32G471MCT6, STM32G471MET3, STM32G471MET6, STM32G471MEY6TR, STM32G471QCT6, STM32G471QET3, STM32G471RCT6, STM32G471RET3, STM32G471RET6, STM32G471VCH6, STM32G471VCI6, STM32G471VCT6, STM32G471VEH3, STM32G471VEH6, STM32G471VEI3, STM32G471VEI6, STM32G471VET3, STM32G471VET6, STM32G473QET3Z, STM32G473RET3Z, STM32G474CCT6, STM32G491RET3Z, STM32H503CBT6, STM32H503CBU6, STM32H503EBY6TR, STM32H503KBU6, STM32H503RBT6, STM32H523CCT6, STM32H523CCU6, STM32H523CET6, STM32H523CEU6, STM32H523HEY6TR, STM32H523RCT6, STM32H523RET6, STM32H523VCI6, STM32H523VCT6, STM32H523VEI6, STM32H523VET6, STM32H523ZCJ6, STM32H523ZCT6, STM32H523ZEJ6, STM32H523ZET6, STM32H533CET6, STM32H533CEU6, STM32H533HEY6TR, STM32H533RET6, STM32H533VEI6, STM32H533VET6, STM32H533ZEJ6, STM32H533ZET6, STM32H562AGI6, STM32H562AII6, STM32H562IGK6, STM32H562IGT6, STM32H562IIK6, STM32H562IIT6, STM32H562RGT6, STM32H562RGV6, STM32H562RIT6, STM32H562RIV6, STM32H562VGT6, STM32H562VIT6, STM32H562ZGT6, STM32H562ZIT6, STM32H563AGI6, STM32H563AII3Q, STM32H563AII6, STM32H563IGK6, STM32H563IGT6, STM32H563IIK3Q, STM32H563IIK6, STM32H563IIT3Q, STM32H563IIT6, STM32H563MIY3QTR, STM32H563RGT6, STM32H563RGV6, STM32H563RIT6, STM32H563RIV6, STM32H563VGT6, STM32H563VIT3Q, STM32H563VIT6, STM32H563ZGT6, STM32H563ZIT3Q, STM32H563ZIT6, STM32H573AII3Q, STM32H573AII6, STM32H573I-DK, STM32H573IIK3Q, STM32H573IIK6, STM32H573IIT3Q, STM32H573IIT6, STM32H573MIY3QTR, STM32H573RIT6, STM32H573RIV6, STM32H573VIT3Q, STM32H573VIT6, STM32H573ZIT3Q, STM32H573ZIT6, STM32H7R3A8I6, STM32H7R3I8K6, STM32H7R3I8T6, STM32H7R3L8H6, STM32H7R3L8H6H, STM32H7R3R8V6, STM32H7R3V8H6, STM32H7R3V8T6, STM32H7R3V8Y6TR, STM32H7R3Z8J6, STM32H7R3Z8T6, STM32H7R7A8I6, STM32H7R7I8K6, STM32H7R7I8T6, STM32H7R7L8H6, STM32H7R7L8H6H, STM32H7R7Z8J6, STM32H7S3A8I6, STM32H7S3I8K6, STM32H7S3I8T6, STM32H7S3L8H6, STM32H7S3L8H6H, STM32H7S3R8V6, STM32H7S3V8H6, STM32H7S3V8T6, STM32H7S3V8Y6TR, STM32H7S3Z8J6, STM32H7S3Z8T6, STM32H7S78-DK, STM32H7S7A8I6, STM32H7S7I8K6, STM32H7S7I8T6, STM32H7S7L8H6, STM32H7S7L8H6H, STM32H7S7Z8J6, STM32L4R5QGI6STR, STM32MP131AAE3, STM32MP131AAF3, STM32MP131AAG3, STM32MP131CAE3, STM32MP131CAF3, STM32MP131CAG3, STM32MP131DAE7, STM32MP131DAF7, STM32MP131DAG7, STM32MP131FAE7, STM32MP131FAF7, STM32MP131FAG7, STM32MP133AAE3, STM32MP133AAF3, STM32MP133AAG3, STM32MP133CAE3, STM32MP133CAF3, STM32MP133CAG3, STM32MP133DAE7, STM32MP133DAF7, STM32MP133DAG7, STM32MP133FAE7, STM32MP133FAF7, STM32MP133FAG7, STM32MP135AAE3, STM32MP135AAF3, STM32MP135AAG3, STM32MP135CAE3, STM32MP135CAF3, STM32MP135CAG3, STM32MP135DAE7, STM32MP135DAF7, STM32MP135DAG7, STM32MP135F-DK, STM32MP135FAE7, STM32MP135FAF7, STM32MP135FAF7T, STM32MP135FAF7U, STM32MP135FAG7, STM32MP231AAJ3, STM32MP231AAK3, STM32MP231AAL3, STM32MP231CAJ3, STM32MP231CAK3, STM32MP231CAL3, STM32MP231DAJ3, STM32MP231DAK3, STM32MP231DAL3, STM32MP231FAJ3, STM32MP231FAK3, STM32MP231FAL3, STM32MP233AAJ3, STM32MP233AAK3, STM32MP233AAL3, STM32MP233CAJ3, STM32MP233CAK3, STM32MP233CAL3, STM32MP233DAJ3, STM32MP233DAK3, STM32MP233DAL3, STM32MP233FAJ3, STM32MP233FAK3, STM32MP233FAL3, STM32MP235AAJ3, STM32MP235AAK3, STM32MP235AAL3, STM32MP235CAJ3, STM32MP235CAK3, STM32MP235CAL3, STM32MP235DAJ3, STM32MP235DAK3, STM32MP235DAL3, STM32MP235FAJ3, STM32MP235FAK3, STM32MP235FAL3, STM32MP251AAI3, STM32MP251AAJ3, STM32MP251AAK3, STM32MP251AAL3, STM32MP251CAI3, STM32MP251CAJ3, STM32MP251CAK3, STM32MP251CAL3, STM32MP251DAI3, STM32MP251DAJ3, STM32MP251DAK3, STM32MP251DAL3, STM32MP251FAI3, STM32MP251FAJ3, STM32MP251FAK3, STM32MP251FAL3, STM32MP253AAI3, STM32MP253AAJ3, STM32MP253AAK3, STM32MP253AAL3, STM32MP253CAI3, STM32MP253CAJ3, STM32MP253CAK3, STM32MP253CAL3, STM32MP253DAI3, STM32MP253DAJ3, STM32MP253DAK3, STM32MP253DAL3, STM32MP253FAI3, STM32MP253FAJ3, STM32MP253FAK3, STM32MP253FAL3, STM32MP255AAI3, STM32MP255AAJ3, STM32MP255AAK3, STM32MP255AAL3, STM32MP255CAI3, STM32MP255CAJ3, STM32MP255CAK3, STM32MP255CAL3, STM32MP255DAI3, STM32MP255DAJ3, STM32MP255DAK3, STM32MP255DAL3, STM32MP255FAI3, STM32MP255FAJ3, STM32MP255FAK3, STM32MP255FAL3, STM32MP257AAI3, STM32MP257AAJ3, STM32MP257AAK3, STM32MP257AAL3, STM32MP257CAI3, STM32MP257CAJ3, STM32MP257CAK3, STM32MP257CAL3, STM32MP257DAI3, STM32MP257DAJ3, STM32MP257DAK3, STM32MP257DAL3, STM32MP257F-DK, STM32MP257F-EV1, STM32MP257FAI3, STM32MP257FAJ3, STM32MP257FAK3, STM32MP257FAL3, STM32N645A0H3Q, STM32N645B0H3Q, STM32N645I0H3Q, STM32N645L0H3Q, STM32N645X0H3Q, STM32N645Z0H3Q, STM32N647A0H3Q, STM32N647B0H3Q, STM32N647I0H3Q, STM32N647L0H3Q, STM32N647X0H3Q, STM32N647Z0H3Q, STM32N655A0H3Q, STM32N655B0H3Q, STM32N655I0H3Q, STM32N655L0H3Q, STM32N655X0H3Q, STM32N655Z0H3Q, STM32N6570-DK, STM32N657A0H3Q, STM32N657B0H3Q, STM32N657I0H3Q, STM32N657L0H3Q, STM32N657X0H3Q, STM32N657Z0H3Q, STM32U031C6T6, STM32U031C6U6, STM32U031C8T6, STM32U031C8U6, STM32U031F4P6, STM32U031F6P6, STM32U031F8P6, STM32U031G6Y6TR, STM32U031G8Y6TR, STM32U031K4U6, STM32U031K6U6, STM32U031K8U6, STM32U031R6I6, STM32U031R6T6, STM32U031R8I6, STM32U031R8T6, STM32U073C8T6, STM32U073C8U6, STM32U073CBT6, STM32U073CBU6, STM32U073CCT6, STM32U073CCU6, STM32U073H8Y6TR, STM32U073HBY6TR, STM32U073HCY6TR, STM32U073K8U6, STM32U073KBU6, STM32U073KCU6, STM32U073M8I6, STM32U073M8T6, STM32U073MBI6, STM32U073MBT6, STM32U073MCI6, STM32U073MCT6, STM32U073R8I6, STM32U073R8T6, STM32U073RBI6, STM32U073RBT6, STM32U073RCI6, STM32U073RCT6, STM32U083C-DK, STM32U083CCT6, STM32U083CCU6, STM32U083HCY6TR, STM32U083KCU6, STM32U083MCI6, STM32U083MCT6, STM32U083RCI6, STM32U083RCT6, STM32U375CET6, STM32U375CET6Q, STM32U375CEU6, STM32U375CEU6Q, STM32U375CEY6QTR, STM32U375CGT6, STM32U375CGT6Q, STM32U375CGU6, STM32U375CGU6Q, STM32U375CGY6QTR, STM32U375KEU6, STM32U375KGU6, STM32U375REI6, STM32U375REI6Q, STM32U375RET6, STM32U375RET6Q, STM32U375REY6GTR, STM32U375REY6QTR, STM32U375RGI6, STM32U375RGI6Q, STM32U375RGT6, STM32U375RGT6Q, STM32U375RGY6GTR, STM32U375RGY6QTR, STM32U375VEI6, STM32U375VEI6Q, STM32U375VET6, STM32U375VET6Q, STM32U375VGI6, STM32U375VGI6Q, STM32U375VGT6, STM32U375VGT6Q, STM32U385CGT6, STM32U385CGT6Q, STM32U385CGU6, STM32U385CGU6Q, STM32U385CGY6QTR, STM32U385KGU6, STM32U385RGI6, STM32U385RGI6Q, STM32U385RGT6, STM32U385RGT6Q, STM32U385RGY6GTR, STM32U385RGY6QTR, STM32U385VGI6, STM32U385VGI6Q, STM32U385VGT6, STM32U385VGT6Q, STM32U535CBT6, STM32U535CBT6Q, STM32U535CBU6, STM32U535CBU6Q, STM32U535CCT6, STM32U535CCT6Q, STM32U535CCU6, STM32U535CCU6Q, STM32U535CET6, STM32U535CET6Q, STM32U535CEU6, STM32U535CEU6Q, STM32U535JEY6QTR, STM32U535NCY6QTR, STM32U535NEY6QTR, STM32U535RBI6, STM32U535RBI6Q, STM32U535RBT6, STM32U535RBT6Q, STM32U535RCI6, STM32U535RCI6Q, STM32U535RCT6, STM32U535RCT6Q, STM32U535REI6, STM32U535REI6Q, STM32U535RET6, STM32U535RET6Q, STM32U535VCI6, STM32U535VCI6Q, STM32U535VCT6, STM32U535VCT6Q, STM32U535VEI6, STM32U535VEI6Q, STM32U535VET6, STM32U535VET6Q, STM32U545CET6, STM32U545CET6Q, STM32U545CEU6, STM32U545CEU6Q, STM32U545JEY6QTR, STM32U545NEY6QTR, STM32U545REI6, STM32U545REI6Q, STM32U545RET6, STM32U545RET6Q, STM32U545VEI6, STM32U545VEI6Q, STM32U545VET6, STM32U545VET6Q, STM32U595AIH6, STM32U595AIH6Q, STM32U595AJH6, STM32U595AJH6Q, STM32U595QII6, STM32U595QII6Q, STM32U595QJI6, STM32U595QJI6Q, STM32U595RIT6, STM32U595RIT6Q, STM32U595RJT6, STM32U595RJT6Q, STM32U595VIT6, STM32U595VIT6Q, STM32U595VJT6, STM32U595VJT6Q, STM32U595ZIT6, STM32U595ZIT6Q, STM32U595ZIY6QTR, STM32U595ZJT6, STM32U595ZJT6Q, STM32U595ZJY6QTR, STM32U599BJY6QTR, STM32U599NIH6Q, STM32U599NJH6Q, STM32U599VIT6Q, STM32U599VJT6, STM32U599VJT6Q, STM32U599ZIT6Q, STM32U599ZIY6QTR, STM32U599ZJT6Q, STM32U599ZJY6QTR, STM32U5A5AJH6, STM32U5A5AJH6Q, STM32U5A5QII3Q , STM32U5A5QJI6, STM32U5A5QJI6Q, STM32U5A5RJT6, STM32U5A5RJT6Q, STM32U5A5VJT6, STM32U5A5VJT6Q, STM32U5A5ZJT6, STM32U5A5ZJT6Q, STM32U5A5ZJY6QTR, STM32U5A9BJY6QTR, STM32U5A9J-DK, STM32U5A9NJH6Q, STM32U5A9VJT6Q, STM32U5A9ZJT6Q, STM32U5A9ZJY6QTR, STM32U5F7VIT6, STM32U5F7VIT6Q, STM32U5F7VJT6, STM32U5F7VJT6Q, STM32U5F9BJY6QTR, STM32U5F9NJH6Q, STM32U5F9VIT6Q, STM32U5F9VJT6Q, STM32U5F9ZIJ6QTR, STM32U5F9ZIT6Q, STM32U5F9ZJJ6QTR, STM32U5F9ZJT6Q, STM32U5G7VJT6, STM32U5G7VJT6Q, STM32U5G9BJY6QTR, STM32U5G9J-DK1, STM32U5G9J-DK2, STM32U5G9NJH6Q, STM32U5G9VJT6Q, STM32U5G9ZJJ6QTR, STM32U5G9ZJT6Q, STM32WB05KZV6TR, STM32WB05KZV7TR, STM32WB05TZF6TR, STM32WB05TZF7TR, STM32WB06CCF6TR, STM32WB06CCF7TR, STM32WB06CCV6TR, STM32WB06CCV7TR, STM32WB06KCV6TR, STM32WB06KCV7TR, STM32WB07CCF6TR, STM32WB07CCF7TR, STM32WB07CCV6TR, STM32WB07CCV7TR, STM32WB07KCV6TR, STM32WB07KCV7TR, STM32WB09KEV6TR, STM32WB09KEV7TR, STM32WB09TEF6TR, STM32WB09TEF7TR, STM32WB1MMCH6, STM32WBA50KGU6, STM32WBA50KGU6TR, STM32WBA52CEU6, STM32WBA52CEU6TR, STM32WBA52CEU7, STM32WBA52CEU7TR, STM32WBA52CGU6, STM32WBA52CGU6TR, STM32WBA52CGU6U, STM32WBA52CGU7, STM32WBA52CGU7TR, STM32WBA52KEU6, STM32WBA52KEU6TR, STM32WBA52KGU6, STM32WBA52KGU6TR, STM32WBA54CEU6, STM32WBA54CEU6TR, STM32WBA54CEU7, STM32WBA54CEU7TR, STM32WBA54CGU6, STM32WBA54CGU6TR, STM32WBA54CGU7, STM32WBA54CGU7TR, STM32WBA54KEU6, STM32WBA54KEU6TR, STM32WBA54KEU7, STM32WBA54KEU7TR, STM32WBA54KGU6, STM32WBA54KGU6TR, STM32WBA54KGU7, STM32WBA54KGU7TR, STM32WBA55CEU6, STM32WBA55CEU6TR, STM32WBA55CEU7, STM32WBA55CEU7TR, STM32WBA55CGU6, STM32WBA55CGU6TR, STM32WBA55CGU6U, STM32WBA55CGU7, STM32WBA55CGU7TR, STM32WBA55G-DK1, STM32WBA55HEF6, STM32WBA55HEF7, STM32WBA55HGF6, STM32WBA55HGF7, STM32WBA55UEI6, STM32WBA55UEI6TR, STM32WBA55UEI7, STM32WBA55UEI7TR, STM32WBA55UGI6, STM32WBA55UGI6TR, STM32WBA55UGI7, STM32WBA55UGI7TR, STM32WBA5MJGH6TR, STM32WBA5MJGH6U, STM32WL33C8V6, STM32WL33C8V6TR, STM32WL33C8V7, STM32WL33C8V7TR, STM32WL33CBV6, STM32WL33CBV6TR, STM32WL33CBV7, STM32WL33CBV7TR, STM32WL33CCV6, STM32WL33CCV6TR, STM32WL33CCV7, STM32WL33CCV7A, STM32WL33CCV7ATR, STM32WL33CCV7TR, STM32WL33K8V6, STM32WL33K8V6TR, STM32WL33K8V7, STM32WL33K8V7TR, STM32WL33KBV6, STM32WL33KBV6TR, STM32WL33KBV7, STM32WL33KBV7TR, STM32WL33KCV6, STM32WL33KCV6TR, STM32WL33KCV7, STM32WL33KCV7TR, STM32WL5MOCH6, STM32WL5MOCH6TR]
2024-12-09 09:28:39,059 [INFO] DbMcus:218 - Found 4542 MCUs, 4542 are supported
2024-12-09 09:28:39,059 [INFO] ApiDb:423 - Load user favorites file C:\Users\ZOJOLDRI/.stm32cubeide/favorites.mcus.txt: 0 item(s)
2024-12-09 09:28:39,059 [INFO] ApiDb:427 - User favorites MCUs=[]
2024-12-09 09:28:39,059 [INFO] DbMcus:224 - Set 0 / 0 favorites MCUs
2024-12-09 09:28:39,319 [INFO] ApiDb:423 - Load user favorites file C:\Users\ZOJOLDRI/.stm32cubeide/favorites.boards.txt: 1 item(s)
2024-12-09 09:28:39,319 [INFO] ApiDb:427 - User favorites Boards=[NUCLEO-L496ZG-P]
2024-12-09 09:28:39,320 [INFO] DbBoards:198 - Set 1 / 1 favorites Boards
2024-12-09 09:28:39,405 [INFO] UtilMem:75 - End LoadConfig() Used Memory: 944537976 Bytes (1073741824)
2024-12-09 09:28:39,511 [WARN] ThirdParty:833 - waiting for thirdparty lock release [change project]
2024-12-09 09:28:39,511 [INFO] ThirdParty:835 - entering critical section [change project]
2024-12-09 09:28:39,511 [INFO] ThirdParty:1030 - CMSIS Pack Vendor :STMicroelectronics USBPD 4.1
2024-12-09 09:28:39,511 [INFO] ThirdParty:1030 - CMSIS Pack Vendor :STMicroelectronics X-CUBE-AZRTOS-H7 3.3.0
2024-12-09 09:28:39,511 [INFO] ThirdParty:1030 - CMSIS Pack Vendor :STMicroelectronics X-CUBE-NFC9 1.0.0
2024-12-09 09:28:39,511 [INFO] ThirdParty:1030 - CMSIS Pack Vendor :STMicroelectronics USB_HOST 2.0.0
2024-12-09 09:28:39,511 [INFO] ThirdParty:1030 - CMSIS Pack Vendor :STMicroelectronics FP-SNS-MOTENVWB1 1.4.0
2024-12-09 09:28:39,511 [INFO] ThirdParty:1030 - CMSIS Pack Vendor :STMicroelectronics X-CUBE-AZRTOS-F4 1.1.0
2024-12-09 09:28:39,511 [INFO] ThirdParty:1030 - CMSIS Pack Vendor :STMicroelectronics LIBJPEG 8.0.0
2024-12-09 09:28:39,511 [INFO] ThirdParty:1030 - CMSIS Pack Vendor :STMicroelectronics FP-ATR-ASTRA1 2.0.1
2024-12-09 09:28:39,511 [INFO] ThirdParty:1030 - CMSIS Pack Vendor :STMicroelectronics X-CUBE-SMBUS 2.1.0
2024-12-09 09:28:39,511 [INFO] ThirdParty:1030 - CMSIS Pack Vendor :STMicroelectronics X-CUBE-WB05N 1.1.0
2024-12-09 09:28:39,511 [INFO] ThirdParty:1030 - CMSIS Pack Vendor :STMicroelectronics USB_DEVICE 3.0.0
2024-12-09 09:28:39,511 [INFO] ThirdParty:1030 - CMSIS Pack Vendor :STMicroelectronics X-CUBE-TCPP 4.1.0
2024-12-09 09:28:39,511 [INFO] ThirdParty:1030 - CMSIS Pack Vendor :STMicroelectronics X-CUBE-ISPU 2.1.0
2024-12-09 09:28:39,511 [INFO] ThirdParty:1030 - CMSIS Pack Vendor :STMicroelectronics X-CUBE-FREERTOS 1.2.0
2024-12-09 09:28:39,511 [INFO] ThirdParty:1030 - CMSIS Pack Vendor :STMicroelectronics X-CUBE-IPS 3.0.0
2024-12-09 09:28:39,511 [INFO] ThirdParty:1030 - CMSIS Pack Vendor :STMicroelectronics X-CUBE-AZRTOS-WB 2.0.0
2024-12-09 09:28:39,512 [INFO] ThirdParty:1030 - CMSIS Pack Vendor :STMicroelectronics X-CUBE-GNSS1 7.0.0
2024-12-09 09:28:39,512 [INFO] ThirdParty:1030 - CMSIS Pack Vendor :STMicroelectronics X-CUBE-AZRTOS-F7 1.1.0
2024-12-09 09:28:39,512 [INFO] ThirdParty:1030 - CMSIS Pack Vendor :STMicroelectronics X-CUBE-AZRTOS-L5 2.0.0
2024-12-09 09:28:39,512 [INFO] ThirdParty:1030 - CMSIS Pack Vendor :STMicroelectronics USB_DEVICE 2.0.0
2024-12-09 09:28:39,512 [INFO] ThirdParty:1030 - CMSIS Pack Vendor :STMicroelectronics X-CUBE-NFC6 3.1.0
2024-12-09 09:28:39,512 [INFO] ThirdParty:1030 - CMSIS Pack Vendor :STMicroelectronics FP-SNS-STBOX1 2.0.0
2024-12-09 09:28:39,512 [INFO] ThirdParty:1030 - CMSIS Pack Vendor :STMicroelectronics X-CUBE-MEMS1 11.0.0
2024-12-09 09:28:39,512 [INFO] ThirdParty:1030 - CMSIS Pack Vendor :STMicroelectronics FreeRTOS 0.0.1
2024-12-09 09:28:39,512 [INFO] ThirdParty:1030 - CMSIS Pack Vendor :STMicroelectronics X-CUBE-AZRTOS-G0 1.1.0
2024-12-09 09:28:39,512 [INFO] ThirdParty:1030 - CMSIS Pack Vendor :STMicroelectronics X-CUBE-SAFEA1 1.2.2
2024-12-09 09:28:39,512 [INFO] ThirdParty:1030 - CMSIS Pack Vendor :STMicroelectronics X-CUBE-NFC4 3.0.0
2024-12-09 09:28:39,512 [INFO] ThirdParty:1030 - CMSIS Pack Vendor :STMicroelectronics X-CUBE-DPower 1.2.0
2024-12-09 09:28:39,512 [INFO] ThirdParty:1030 - CMSIS Pack Vendor :STMicroelectronics X-CUBE-SUBG2 5.0.0
2024-12-09 09:28:39,512 [INFO] ThirdParty:1030 - CMSIS Pack Vendor :STMicroelectronics STM32_WPAN 1.0.0
2024-12-09 09:28:39,512 [INFO] ThirdParty:1030 - CMSIS Pack Vendor :EmbeddedOffice I-CUBE-FS-RTOS 1.0.1
2024-12-09 09:28:39,512 [INFO] ThirdParty:1030 - CMSIS Pack Vendor :STMicroelectronics lwIP 2.0.3
2024-12-09 09:28:39,512 [INFO] ThirdParty:1030 - CMSIS Pack Vendor :STMicroelectronics FP-SNS-FLIGHT1 5.0.2
2024-12-09 09:28:39,512 [INFO] ThirdParty:1030 - CMSIS Pack Vendor :Cesanta I-CUBE-Mongoose 7.13.0
2024-12-09 09:28:39,512 [INFO] ThirdParty:1030 - CMSIS Pack Vendor :STMicroelectronics USB_HOST 1.0.0
2024-12-09 09:28:39,512 [INFO] ThirdParty:1030 - CMSIS Pack Vendor :Infineon AIROC-Wi-Fi-Bluetooth-STM32 1.7.0
2024-12-09 09:28:39,512 [INFO] ThirdParty:1030 - CMSIS Pack Vendor :STMicroelectronics X-CUBE-AZRTOS-G4 2.0.0
2024-12-09 09:28:39,512 [INFO] ThirdParty:1030 - CMSIS Pack Vendor :STMicroelectronics PDM2PCM 3.1.0
2024-12-09 09:28:39,512 [INFO] ThirdParty:1030 - CMSIS Pack Vendor :STMicroelectronics PDM2PCM 3.3.0
2024-12-09 09:28:39,512 [INFO] ThirdParty:1030 - CMSIS Pack Vendor :STMicroelectronics X-CUBE-DISPLAY 3.0.0
2024-12-09 09:28:39,512 [INFO] ThirdParty:1030 - CMSIS Pack Vendor :RealThread X-CUBE-RT-Thread_Nano 4.1.1
2024-12-09 09:28:39,512 [INFO] ThirdParty:1030 - CMSIS Pack Vendor :STMicroelectronics X-CUBE-BLE1 7.0.0
2024-12-09 09:28:39,512 [INFO] ThirdParty:1030 - CMSIS Pack Vendor :STMicroelectronics FP-ATR-SIGFOX1 3.2.0
2024-12-09 09:28:39,512 [INFO] ThirdParty:1030 - CMSIS Pack Vendor :STMicroelectronics X-CUBE-NFC10 1.0.0
2024-12-09 09:28:39,512 [INFO] ThirdParty:1030 - CMSIS Pack Vendor :quantropi X-CUBE-qispace-sdk-base 1.9.3
2024-12-09 09:28:39,512 [INFO] ThirdParty:1030 - CMSIS Pack Vendor :STMicroelectronics X-CUBE-BLEMGR 4.0.0
2024-12-09 09:28:39,512 [INFO] ThirdParty:1030 - CMSIS Pack Vendor :STMicroelectronics X-CUBE-EEPRMA1 5.1.0
2024-12-09 09:28:39,512 [INFO] ThirdParty:1030 - CMSIS Pack Vendor :STMicroelectronics HAL Drivers 0.0.0
2024-12-09 09:28:39,512 [INFO] ThirdParty:1030 - CMSIS Pack Vendor :STMicroelectronics MBEDTLS 2.16.2
2024-12-09 09:28:39,512 [INFO] ThirdParty:1030 - CMSIS Pack Vendor :STMicroelectronics X-CUBE-ALS 1.0.2
2024-12-09 09:28:39,513 [INFO] ThirdParty:1030 - CMSIS Pack Vendor :emotas I-CUBE-CANOPEN 1.3.0
2024-12-09 09:28:39,513 [INFO] ThirdParty:1030 - CMSIS Pack Vendor :wolfSSL I-CUBE-wolfSSL 5.7.4
2024-12-09 09:28:39,513 [INFO] ThirdParty:1030 - CMSIS Pack Vendor :STMicroelectronics X-CUBE-NFC7 1.0.1
2024-12-09 09:28:39,513 [INFO] ThirdParty:1030 - CMSIS Pack Vendor :STMicroelectronics MBEDTLS 2.14.1
2024-12-09 09:28:39,513 [INFO] ThirdParty:1030 - CMSIS Pack Vendor :ITTIA_DB I-CUBE-ITTIADB 8.9.0
2024-12-09 09:28:39,513 [INFO] ThirdParty:1030 - CMSIS Pack Vendor :STMicroelectronics X-CUBE-TOUCHGFX 4.24.1
2024-12-09 09:28:39,513 [INFO] ThirdParty:1030 - CMSIS Pack Vendor :wolfSSL I-CUBE-wolfTPM 3.4.0
2024-12-09 09:28:39,513 [INFO] ThirdParty:1030 - CMSIS Pack Vendor :portGmbH I-Cube-SoM-uGOAL 1.1.0
2024-12-09 09:28:39,513 [INFO] ThirdParty:1030 - CMSIS Pack Vendor :STMicroelectronics X-CUBE-BLEMGR 3.1.0
2024-12-09 09:28:39,513 [INFO] ThirdParty:1030 - CMSIS Pack Vendor :STMicroelectronics ThreadX 1.0.0
2024-12-09 09:28:39,513 [INFO] ThirdParty:1030 - CMSIS Pack Vendor :STMicroelectronics FP-SNS-SMARTAG2 1.2.0
2024-12-09 09:28:39,513 [INFO] ThirdParty:1030 - CMSIS Pack Vendor :STMicroelectronics X-CUBE-AZRTOS-WL 2.0.0
2024-12-09 09:28:39,513 [INFO] ThirdParty:1030 - CMSIS Pack Vendor :SEGGER I-CUBE-embOS 1.3.1
2024-12-09 09:28:39,513 [INFO] ThirdParty:1030 - CMSIS Pack Vendor :STMicroelectronics X-CUBE-ALGOBUILD 1.4.0
2024-12-09 09:28:39,513 [INFO] ThirdParty:1030 - CMSIS Pack Vendor :STMicroelectronics FP-SNS-MOTENV1 5.0.0
2024-12-09 09:28:39,513 [INFO] ThirdParty:1030 - CMSIS Pack Vendor :STMicroelectronics USB_DEVICE 1.0.0
2024-12-09 09:28:39,513 [INFO] ThirdParty:1030 - CMSIS Pack Vendor :STMicroelectronics X-CUBE-AZRTOS-H7RS 1.0.0
2024-12-09 09:28:39,513 [INFO] ThirdParty:1030 - CMSIS Pack Vendor :wolfSSL I-CUBE-wolfMQTT 1.19.0
2024-12-09 09:28:39,513 [INFO] ThirdParty:1030 - CMSIS Pack Vendor :STMicroelectronics X-CUBE-AZRTOS-L4 2.0.0
2024-12-09 09:28:39,513 [INFO] ThirdParty:1030 - CMSIS Pack Vendor :STMicroelectronics ThreadX 0.0.2
2024-12-09 09:28:39,513 [INFO] ThirdParty:1030 - CMSIS Pack Vendor :WES I-CUBE-Cesium 1.3.0
2024-12-09 09:28:39,513 [INFO] ThirdParty:1030 - CMSIS Pack Vendor :STMicroelectronics lwIP 2.1.2
2024-12-09 09:28:39,513 [INFO] ThirdParty:1030 - CMSIS Pack Vendor :STMicroelectronics X-CUBE-SFXS2LP1 4.0.0
2024-12-09 09:28:39,513 [INFO] ThirdParty:1030 - CMSIS Pack Vendor :STMicroelectronics X-CUBE-BLE2 3.3.0
2024-12-09 09:28:39,513 [INFO] ThirdParty:1030 - CMSIS Pack Vendor :STMicroelectronics X-CUBE-TOF1 3.4.2
2024-12-09 09:28:39,513 [INFO] ThirdParty:1030 - CMSIS Pack Vendor :STMicroelectronics X-CUBE-AI 9.1.0
2024-12-09 09:28:39,513 [INFO] ThirdParty:1030 - CMSIS Pack Vendor :STMicroelectronics PDM2PCM 3.2.0
2024-12-09 09:28:39,513 [INFO] ThirdParty:1030 - CMSIS Pack Vendor :wolfSSL I-CUBE-wolfSSH 1.4.17
2024-12-09 09:28:39,513 [INFO] ThirdParty:841 - exiting critical section [change project]
2024-12-09 09:28:40,022 [INFO] PinOutPanel:1589 - setPackage(No Configuration,No Configuration)
2024-12-09 09:28:40,024 [INFO] PinOutPanel:1589 - setPackage(STM32L496ZGTxP,LQFP144)
2024-12-09 09:28:40,663 [INFO] UtilMem:75 - Before build in PCC Used Memory: 648350208 Bytes (1073741824)
2024-12-09 09:28:41,666 [INFO] UtilMem:75 - After build in PCC Used Memory: 780470784 Bytes (1073741824)
2024-12-09 09:28:41,699 [INFO] IPUIPlugin:80 - create IPUIPlugin
2024-12-09 09:28:41,699 [INFO] IPUIPlugin:80 - create IPUIPlugin
2024-12-09 09:28:41,699 [INFO] IPUIPlugin:80 - create IPUIPlugin
2024-12-09 09:28:41,699 [INFO] IPUIPlugin:80 - create IPUIPlugin
2024-12-09 09:28:41,699 [INFO] IPUIPlugin:80 - create IPUIPlugin
2024-12-09 09:28:41,699 [INFO] IPUIPlugin:80 - create IPUIPlugin
2024-12-09 09:28:41,699 [INFO] IPUIPlugin:80 - create IPUIPlugin
2024-12-09 09:28:41,700 [INFO] IPUIPlugin:80 - create IPUIPlugin
2024-12-09 09:28:41,700 [INFO] IPUIPlugin:80 - create IPUIPlugin
2024-12-09 09:28:41,700 [INFO] IPUIPlugin:80 - create IPUIPlugin
2024-12-09 09:28:41,700 [INFO] IPUIPlugin:80 - create IPUIPlugin
2024-12-09 09:28:41,700 [INFO] IPUIPlugin:80 - create IPUIPlugin
2024-12-09 09:28:41,700 [INFO] IPUIPlugin:80 - create IPUIPlugin
2024-12-09 09:28:41,700 [INFO] IPUIPlugin:80 - create IPUIPlugin
2024-12-09 09:28:41,701 [INFO] IPUIPlugin:80 - create IPUIPlugin
2024-12-09 09:28:41,701 [INFO] IPUIPlugin:80 - create IPUIPlugin
2024-12-09 09:28:41,701 [INFO] IPUIPlugin:80 - create IPUIPlugin
2024-12-09 09:28:41,701 [INFO] IPUIPlugin:80 - create IPUIPlugin
2024-12-09 09:28:41,701 [INFO] IPUIPlugin:80 - create IPUIPlugin
2024-12-09 09:28:41,701 [INFO] IPUIPlugin:80 - create IPUIPlugin
2024-12-09 09:28:41,701 [INFO] IPUIPlugin:80 - create IPUIPlugin
2024-12-09 09:28:41,701 [INFO] IPUIPlugin:80 - create IPUIPlugin
2024-12-09 09:28:41,701 [INFO] IPUIPlugin:80 - create IPUIPlugin
2024-12-09 09:28:41,701 [INFO] IPUIPlugin:80 - create IPUIPlugin
2024-12-09 09:28:41,702 [INFO] IPUIPlugin:80 - create IPUIPlugin
2024-12-09 09:28:41,702 [INFO] IPUIPlugin:80 - create IPUIPlugin
2024-12-09 09:28:41,702 [INFO] IPUIPlugin:80 - create IPUIPlugin
2024-12-09 09:28:41,702 [INFO] IPUIPlugin:80 - create IPUIPlugin
2024-12-09 09:28:41,702 [INFO] IPUIPlugin:80 - create IPUIPlugin
2024-12-09 09:28:41,702 [INFO] IPUIPlugin:80 - create IPUIPlugin
2024-12-09 09:28:41,702 [INFO] IPUIPlugin:80 - create IPUIPlugin
2024-12-09 09:28:41,703 [INFO] IPUIPlugin:80 - create IPUIPlugin
2024-12-09 09:28:41,703 [INFO] IPUIPlugin:80 - create IPUIPlugin
2024-12-09 09:28:41,703 [INFO] IPUIPlugin:80 - create IPUIPlugin
2024-12-09 09:28:41,703 [INFO] IPUIPlugin:80 - create IPUIPlugin
2024-12-09 09:28:41,703 [INFO] IPUIPlugin:80 - create IPUIPlugin
2024-12-09 09:28:41,703 [INFO] IPUIPlugin:80 - create IPUIPlugin
2024-12-09 09:28:41,703 [INFO] IPUIPlugin:80 - create IPUIPlugin
2024-12-09 09:28:41,703 [INFO] IPUIPlugin:80 - create IPUIPlugin
2024-12-09 09:28:41,704 [INFO] IPUIPlugin:80 - create IPUIPlugin
2024-12-09 09:28:41,704 [INFO] IPUIPlugin:80 - create IPUIPlugin
2024-12-09 09:28:41,704 [INFO] IPUIPlugin:80 - create IPUIPlugin
2024-12-09 09:28:41,704 [INFO] IPUIPlugin:80 - create IPUIPlugin
2024-12-09 09:28:41,704 [INFO] IPUIPlugin:80 - create IPUIPlugin
2024-12-09 09:28:41,704 [INFO] IPUIPlugin:80 - create IPUIPlugin
2024-12-09 09:28:41,705 [INFO] IPUIPlugin:80 - create IPUIPlugin
2024-12-09 09:28:41,705 [INFO] IPUIPlugin:80 - create IPUIPlugin
2024-12-09 09:28:41,705 [INFO] IPUIPlugin:80 - create IPUIPlugin
2024-12-09 09:28:41,705 [INFO] IPUIPlugin:80 - create IPUIPlugin
2024-12-09 09:28:41,705 [INFO] IPUIPlugin:80 - create IPUIPlugin
2024-12-09 09:28:41,705 [INFO] IPUIPlugin:80 - create IPUIPlugin
2024-12-09 09:28:41,705 [INFO] IPUIPlugin:80 - create IPUIPlugin
2024-12-09 09:28:41,706 [INFO] IPUIPlugin:80 - create IPUIPlugin
2024-12-09 09:28:41,706 [INFO] IPUIPlugin:80 - create IPUIPlugin
2024-12-09 09:28:41,706 [INFO] IPUIPlugin:80 - create IPUIPlugin
2024-12-09 09:28:41,706 [INFO] IPUIPlugin:80 - create IPUIPlugin
2024-12-09 09:28:41,706 [INFO] IPUIPlugin:80 - create IPUIPlugin
2024-12-09 09:28:41,706 [INFO] IPUIPlugin:80 - create IPUIPlugin
2024-12-09 09:28:41,706 [INFO] IPUIPlugin:80 - create IPUIPlugin
2024-12-09 09:28:41,707 [INFO] IPUIPlugin:80 - create IPUIPlugin
2024-12-09 09:28:41,707 [INFO] IPUIPlugin:80 - create IPUIPlugin
2024-12-09 09:28:41,707 [INFO] IPUIPlugin:80 - create IPUIPlugin
2024-12-09 09:28:41,707 [INFO] IPUIPlugin:80 - create IPUIPlugin
2024-12-09 09:28:41,707 [INFO] IPUIPlugin:80 - create IPUIPlugin
2024-12-09 09:28:41,708 [INFO] IPUIPlugin:80 - create IPUIPlugin
2024-12-09 09:28:41,967 [INFO] CADModel:165 - CPN selected for project levelSTM32L496ZGT6P
2024-12-09 09:28:41,967 [INFO] CADModel:114 - Register for checkConnection events
2024-12-09 09:28:42,005 [INFO] OpenFileManager:363 - Restore cursor
2024-12-09 09:28:50,101 [INFO] Gpio:277 - dependency for GPIO [SPI1, USART1]
2024-12-09 09:36:59,059 [INFO] UtilMem:75 - End SaveConfig() Used Memory: 531302736 Bytes (748683264)
2024-12-09 09:37:11,025 [INFO] UtilMem:75 - End SaveConfig() Used Memory: 348921936 Bytes (671088640)
2024-12-09 09:37:12,065 [INFO] UtilMem:75 - End SaveConfig() Used Memory: 387192912 Bytes (671088640)
2024-12-09 09:37:13,910 [INFO] UtilMem:75 - End SaveConfig() Used Memory: 493625416 Bytes (671088640)
2024-12-09 09:37:14,529 [INFO] BlockDiagram:2766 - set Specific Code input for plugin: SPI
2024-12-09 09:37:14,529 [INFO] BlockDiagram:2766 - set Specific Code input for plugin: SYS
2024-12-09 09:37:14,529 [INFO] BlockDiagram:2766 - set Specific Code input for plugin: RCC
2024-12-09 09:37:14,530 [INFO] BlockDiagram:2766 - set Specific Code input for plugin: NVIC
2024-12-09 09:37:14,530 [INFO] BlockDiagram:2766 - set Specific Code input for plugin: USART
2024-12-09 09:37:14,530 [INFO] BlockDiagram:2766 - set Specific Code input for plugin: DMA
2024-12-09 09:37:14,531 [INFO] BlockDiagram:2766 - set Specific Code input for plugin: GPIO
2024-12-09 09:37:14,532 [INFO] CodeGenerator:896 - code generatio: config db path: C:\ST\STM32CubeIDE_1.17.0\STM32CubeIDE\plugins\com.st.stm32cube.common.mx_6.13.0.202411220809\\db\
2024-12-09 09:37:14,751 [INFO] CodeEngine:255 - oldGeneratedFile, C:\Users\ZOJOLDRI\STM32CubeIDE\workspace_InProgress\ADIN1110\MXTmpFiles\license.tmp_save
2024-12-09 09:37:15,511 [INFO] CodeEngine:279 - Generated code: C:\Users\ZOJOLDRI\STM32CubeIDE\workspace_InProgress\ADIN1110\MXTmpFiles\license.tmp
2024-12-09 09:37:15,775 [INFO] CodeEngine:255 - oldGeneratedFile, C:\Users\ZOJOLDRI\STM32CubeIDE\workspace_InProgress\ADIN1110\Core\Src\gpio.c_save
2024-12-09 09:37:15,950 [INFO] CodeEngine:279 - Generated code: C:\Users\ZOJOLDRI\STM32CubeIDE\workspace_InProgress\ADIN1110\Core\Src\gpio.c
2024-12-09 09:37:15,983 [INFO] CodeEngine:255 - oldGeneratedFile, C:\Users\ZOJOLDRI\STM32CubeIDE\workspace_InProgress\ADIN1110\Core\Inc\gpio.h_save
2024-12-09 09:37:16,096 [INFO] CodeEngine:279 - Generated code: C:\Users\ZOJOLDRI\STM32CubeIDE\workspace_InProgress\ADIN1110\Core\Inc\gpio.h
2024-12-09 09:37:16,739 [INFO] CodeEngine:255 - oldGeneratedFile, C:\Users\ZOJOLDRI\STM32CubeIDE\workspace_InProgress\ADIN1110\Core\Src\dma.c_save
2024-12-09 09:37:16,846 [INFO] CodeEngine:279 - Generated code: C:\Users\ZOJOLDRI\STM32CubeIDE\workspace_InProgress\ADIN1110\Core\Src\dma.c
2024-12-09 09:37:16,871 [INFO] CodeEngine:255 - oldGeneratedFile, C:\Users\ZOJOLDRI\STM32CubeIDE\workspace_InProgress\ADIN1110\Core\Inc\dma.h_save
2024-12-09 09:37:16,947 [INFO] CodeEngine:279 - Generated code: C:\Users\ZOJOLDRI\STM32CubeIDE\workspace_InProgress\ADIN1110\Core\Inc\dma.h
2024-12-09 09:37:16,981 [INFO] CodeEngine:255 - oldGeneratedFile, C:\Users\ZOJOLDRI\STM32CubeIDE\workspace_InProgress\ADIN1110\Core\Src\spi.c_save
2024-12-09 09:37:17,127 [INFO] CodeEngine:279 - Generated code: C:\Users\ZOJOLDRI\STM32CubeIDE\workspace_InProgress\ADIN1110\Core\Src\spi.c
2024-12-09 09:37:17,143 [INFO] CodeEngine:255 - oldGeneratedFile, C:\Users\ZOJOLDRI\STM32CubeIDE\workspace_InProgress\ADIN1110\Core\Inc\spi.h_save
2024-12-09 09:37:17,221 [INFO] CodeEngine:279 - Generated code: C:\Users\ZOJOLDRI\STM32CubeIDE\workspace_InProgress\ADIN1110\Core\Inc\spi.h
2024-12-09 09:37:17,245 [INFO] CodeEngine:255 - oldGeneratedFile, C:\Users\ZOJOLDRI\STM32CubeIDE\workspace_InProgress\ADIN1110\Core\Src\usart.c_save
2024-12-09 09:37:17,343 [INFO] CodeEngine:279 - Generated code: C:\Users\ZOJOLDRI\STM32CubeIDE\workspace_InProgress\ADIN1110\Core\Src\usart.c
2024-12-09 09:37:17,347 [INFO] CodeEngine:255 - oldGeneratedFile, C:\Users\ZOJOLDRI\STM32CubeIDE\workspace_InProgress\ADIN1110\Core\Inc\usart.h_save
2024-12-09 09:37:17,427 [INFO] CodeEngine:279 - Generated code: C:\Users\ZOJOLDRI\STM32CubeIDE\workspace_InProgress\ADIN1110\Core\Inc\usart.h
2024-12-09 09:37:17,450 [INFO] CodeEngine:255 - oldGeneratedFile, C:\Users\ZOJOLDRI\STM32CubeIDE\workspace_InProgress\ADIN1110\Core\Src\stm32l4xx_it.c_save
2024-12-09 09:37:17,589 [INFO] CodeEngine:279 - Generated code: C:\Users\ZOJOLDRI\STM32CubeIDE\workspace_InProgress\ADIN1110\Core\Src\stm32l4xx_it.c
2024-12-09 09:37:17,616 [INFO] CodeEngine:255 - oldGeneratedFile, C:\Users\ZOJOLDRI\STM32CubeIDE\workspace_InProgress\ADIN1110\Core\Inc\stm32l4xx_it.h_save
2024-12-09 09:37:17,687 [INFO] CodeEngine:279 - Generated code: C:\Users\ZOJOLDRI\STM32CubeIDE\workspace_InProgress\ADIN1110\Core\Inc\stm32l4xx_it.h
2024-12-09 09:37:17,714 [INFO] CodeEngine:255 - oldGeneratedFile, C:\Users\ZOJOLDRI\STM32CubeIDE\workspace_InProgress\ADIN1110\Core\Src\stm32l4xx_hal_msp.c_save
2024-12-09 09:37:17,784 [INFO] CodeEngine:279 - Generated code: C:\Users\ZOJOLDRI\STM32CubeIDE\workspace_InProgress\ADIN1110\Core\Src\stm32l4xx_hal_msp.c
2024-12-09 09:37:17,792 [INFO] CodeEngine:255 - oldGeneratedFile, C:\Users\ZOJOLDRI\STM32CubeIDE\workspace_InProgress\ADIN1110\MXTmpFiles\system.tmp_save
2024-12-09 09:37:17,836 [INFO] CodeEngine:279 - Generated code: C:\Users\ZOJOLDRI\STM32CubeIDE\workspace_InProgress\ADIN1110\MXTmpFiles\system.tmp
2024-12-09 09:37:17,859 [INFO] CodeEngine:311 - oldGeneratedFile, C:\Users\ZOJOLDRI\STM32CubeIDE\workspace_InProgress\ADIN1110\Core\Inc\stm32l4xx_hal_conf.h_save
2024-12-09 09:37:17,924 [INFO] CodeEngine:335 - Generated code: C:\Users\ZOJOLDRI\STM32CubeIDE\workspace_InProgress\ADIN1110\Core\Inc\stm32l4xx_hal_conf.h
2024-12-09 09:37:17,974 [INFO] ApiDbMcu:508 - Load IP Config File for SPI1
2024-12-09 09:37:17,985 [INFO] ApiDbMcu:508 - Load IP Config File for USART1
2024-12-09 09:37:17,990 [INFO] ApiDbMcu:508 - Load IP Config File for RCC
2024-12-09 09:37:18,020 [INFO] CodeEngine:255 - oldGeneratedFile, C:\Users\ZOJOLDRI\STM32CubeIDE\workspace_InProgress\ADIN1110\Core\Inc\main.h_save
2024-12-09 09:37:18,114 [INFO] CodeEngine:279 - Generated code: C:\Users\ZOJOLDRI\STM32CubeIDE\workspace_InProgress\ADIN1110\Core\Inc\main.h
2024-12-09 09:37:18,138 [INFO] CodeEngine:255 - oldGeneratedFile, C:\Users\ZOJOLDRI\STM32CubeIDE\workspace_InProgress\ADIN1110\Core\Src\main.c_save
2024-12-09 09:37:18,275 [INFO] CodeEngine:279 - Generated code: C:\Users\ZOJOLDRI\STM32CubeIDE\workspace_InProgress\ADIN1110\Core\Src\main.c
2024-12-09 09:37:18,606 [INFO] ProjectBuilder:3289 - Time for Copy HAL[1] : 134mS.
2024-12-09 09:37:18,612 [INFO] ProjectBuilder:4876 - Project Generator version: 4.5.0-RC5
2024-12-09 09:37:18,668 [INFO] ConfigFileManager:1579 - The Die is : DIE461
2024-12-09 09:37:18,680 [INFO] ApiDbMcu:508 - Load IP Config File for FATFS
2024-12-09 09:37:18,691 [INFO] ApiDbMcu:508 - Load IP Config File for FREERTOS
2024-12-09 09:37:18,708 [INFO] ApiDbMcu:508 - Load IP Config File for TOUCHSENSING
2024-12-09 09:37:18,723 [INFO] ApiDbMcu:508 - Load IP Config File for USB_DEVICE
2024-12-09 09:37:18,736 [INFO] ApiDbMcu:508 - Load IP Config File for USB_HOST
2024-12-09 09:37:19,473 [INFO] LogOutputStream:77 - [STDOUT_REDIRECT] 
2024-12-09 09:37:22,343 [INFO] ProjectBuilder:5154 - Time for Generating toolchain IDE Files: 3731mS.
2024-12-09 09:37:22,344 [INFO] ProjectBuilder:3146 - Time for Copy CMSIS : 0mS.
2024-12-09 09:37:22,347 [INFO] ProjectBuilder:3146 - Time for Copy CMSIS : 0mS.
2024-12-09 09:40:10,722 [INFO] NvicIntPanel:101 - NVIC parent = com.st.microxplorer.plugins.ip.nvic.MultiNvicIntPanel[,2,27,474x760,layout=javax.swing.BoxLayout,alignmentX=0.0,alignmentY=0.0,border=,flags=9,maximumSize=,minimumSize=,preferredSize=]
2024-12-09 09:40:32,929 [INFO] UtilMem:75 - End SaveConfig() Used Memory: 451357760 Bytes (689963008)
2024-12-09 09:40:33,963 [INFO] UtilMem:75 - End SaveConfig() Used Memory: 489611080 Bytes (689963008)
2024-12-09 09:40:35,491 [INFO] UtilMem:75 - End SaveConfig() Used Memory: 547302520 Bytes (689963008)
2024-12-09 09:40:35,924 [INFO] BlockDiagram:2766 - set Specific Code input for plugin: SPI
2024-12-09 09:40:35,924 [INFO] BlockDiagram:2766 - set Specific Code input for plugin: SYS
2024-12-09 09:40:35,924 [INFO] BlockDiagram:2766 - set Specific Code input for plugin: RCC
2024-12-09 09:40:35,924 [INFO] BlockDiagram:2766 - set Specific Code input for plugin: NVIC
2024-12-09 09:40:35,924 [INFO] BlockDiagram:2766 - set Specific Code input for plugin: USART
2024-12-09 09:40:35,924 [INFO] BlockDiagram:2766 - set Specific Code input for plugin: DMA
2024-12-09 09:40:35,925 [INFO] BlockDiagram:2766 - set Specific Code input for plugin: GPIO
2024-12-09 09:40:35,927 [INFO] CodeGenerator:896 - code generatio: config db path: C:\ST\STM32CubeIDE_1.17.0\STM32CubeIDE\plugins\com.st.stm32cube.common.mx_6.13.0.202411220809\\db\
2024-12-09 09:40:35,943 [INFO] Argument:325 - Argument : hdmavalue: null
2024-12-09 09:40:35,944 [INFO] Argument:327 - 	 sub Args: 
2024-12-09 09:40:35,944 [INFO] Argument:325 - Argument : Instancevalue: DMA1_Channel2
2024-12-09 09:40:35,944 [INFO] Argument:335 - Argument : Instancevalue: DMA1_Channel2
2024-12-09 09:40:35,944 [INFO] Argument:325 - Argument : Initvalue: null
2024-12-09 09:40:35,944 [INFO] Argument:327 - 	 sub Args: 
2024-12-09 09:40:35,944 [INFO] Argument:325 - Argument : Requestvalue: DMA_REQUEST_1
2024-12-09 09:40:35,944 [INFO] Argument:335 - Argument : Requestvalue: DMA_REQUEST_1
2024-12-09 09:40:35,944 [INFO] Argument:325 - Argument : Directionvalue: DMA_PERIPH_TO_MEMORY
2024-12-09 09:40:35,944 [INFO] Argument:335 - Argument : Directionvalue: DMA_PERIPH_TO_MEMORY
2024-12-09 09:40:35,944 [INFO] Argument:325 - Argument : PeriphIncvalue: DMA_PINC_DISABLE
2024-12-09 09:40:35,944 [INFO] Argument:335 - Argument : PeriphIncvalue: DMA_PINC_DISABLE
2024-12-09 09:40:35,944 [INFO] Argument:325 - Argument : MemIncvalue: DMA_MINC_ENABLE
2024-12-09 09:40:35,944 [INFO] Argument:335 - Argument : MemIncvalue: DMA_MINC_ENABLE
2024-12-09 09:40:35,944 [INFO] Argument:325 - Argument : PeriphDataAlignmentvalue: DMA_PDATAALIGN_BYTE
2024-12-09 09:40:35,944 [INFO] Argument:335 - Argument : PeriphDataAlignmentvalue: DMA_PDATAALIGN_BYTE
2024-12-09 09:40:35,944 [INFO] Argument:325 - Argument : MemDataAlignmentvalue: DMA_MDATAALIGN_BYTE
2024-12-09 09:40:35,944 [INFO] Argument:335 - Argument : MemDataAlignmentvalue: DMA_MDATAALIGN_BYTE
2024-12-09 09:40:35,944 [INFO] Argument:325 - Argument : Modevalue: DMA_NORMAL
2024-12-09 09:40:35,944 [INFO] Argument:335 - Argument : Modevalue: DMA_NORMAL
2024-12-09 09:40:35,944 [INFO] Argument:325 - Argument : Priorityvalue: DMA_PRIORITY_LOW
2024-12-09 09:40:35,944 [INFO] Argument:335 - Argument : Priorityvalue: DMA_PRIORITY_LOW
2024-12-09 09:40:35,945 [INFO] Argument:325 - Argument : Lockvalue: null
2024-12-09 09:40:35,945 [INFO] Argument:335 - Argument : Lockvalue: null
2024-12-09 09:40:35,945 [INFO] Argument:325 - Argument : Statevalue: null
2024-12-09 09:40:35,945 [INFO] Argument:335 - Argument : Statevalue: null
2024-12-09 09:40:35,945 [INFO] Argument:325 - Argument : Parentvalue: null
2024-12-09 09:40:35,945 [INFO] Argument:335 - Argument : Parentvalue: null
2024-12-09 09:40:35,945 [INFO] Argument:325 - Argument : XferCpltCallbackvalue: null
2024-12-09 09:40:35,945 [INFO] Argument:335 - Argument : XferCpltCallbackvalue: null
2024-12-09 09:40:35,945 [INFO] Argument:325 - Argument : XferHalfCpltCallbackvalue: null
2024-12-09 09:40:35,945 [INFO] Argument:335 - Argument : XferHalfCpltCallbackvalue: null
2024-12-09 09:40:35,945 [INFO] Argument:325 - Argument : XferErrorCallbackvalue: null
2024-12-09 09:40:35,945 [INFO] Argument:335 - Argument : XferErrorCallbackvalue: null
2024-12-09 09:40:35,945 [INFO] Argument:325 - Argument : XferAbortCallbackvalue: null
2024-12-09 09:40:35,945 [INFO] Argument:335 - Argument : XferAbortCallbackvalue: null
2024-12-09 09:40:35,945 [INFO] Argument:325 - Argument : ErrorCodevalue: null
2024-12-09 09:40:35,945 [INFO] Argument:335 - Argument : ErrorCodevalue: null
2024-12-09 09:40:35,945 [INFO] Argument:325 - Argument : DmaBaseAddressvalue: null
2024-12-09 09:40:35,945 [INFO] Argument:335 - Argument : DmaBaseAddressvalue: null
2024-12-09 09:40:35,945 [INFO] Argument:325 - Argument : ChannelIndexvalue: null
2024-12-09 09:40:35,945 [INFO] Argument:335 - Argument : ChannelIndexvalue: null
2024-12-09 09:40:35,945 [INFO] Argument:325 - Argument : hdmavalue: null
2024-12-09 09:40:35,945 [INFO] Argument:327 - 	 sub Args: 
2024-12-09 09:40:35,945 [INFO] Argument:325 - Argument : Instancevalue: DMA1_Channel2
2024-12-09 09:40:35,945 [INFO] Argument:335 - Argument : Instancevalue: DMA1_Channel2
2024-12-09 09:40:35,945 [INFO] Argument:325 - Argument : Initvalue: null
2024-12-09 09:40:35,945 [INFO] Argument:327 - 	 sub Args: 
2024-12-09 09:40:35,945 [INFO] Argument:325 - Argument : Requestvalue: DMA_REQUEST_1
2024-12-09 09:40:35,945 [INFO] Argument:335 - Argument : Requestvalue: DMA_REQUEST_1
2024-12-09 09:40:35,945 [INFO] Argument:325 - Argument : Directionvalue: DMA_PERIPH_TO_MEMORY
2024-12-09 09:40:35,945 [INFO] Argument:335 - Argument : Directionvalue: DMA_PERIPH_TO_MEMORY
2024-12-09 09:40:35,945 [INFO] Argument:325 - Argument : PeriphIncvalue: DMA_PINC_DISABLE
2024-12-09 09:40:35,945 [INFO] Argument:335 - Argument : PeriphIncvalue: DMA_PINC_DISABLE
2024-12-09 09:40:35,945 [INFO] Argument:325 - Argument : MemIncvalue: DMA_MINC_ENABLE
2024-12-09 09:40:35,946 [INFO] Argument:335 - Argument : MemIncvalue: DMA_MINC_ENABLE
2024-12-09 09:40:35,946 [INFO] Argument:325 - Argument : PeriphDataAlignmentvalue: DMA_PDATAALIGN_BYTE
2024-12-09 09:40:35,946 [INFO] Argument:335 - Argument : PeriphDataAlignmentvalue: DMA_PDATAALIGN_BYTE
2024-12-09 09:40:35,946 [INFO] Argument:325 - Argument : MemDataAlignmentvalue: DMA_MDATAALIGN_BYTE
2024-12-09 09:40:35,946 [INFO] Argument:335 - Argument : MemDataAlignmentvalue: DMA_MDATAALIGN_BYTE
2024-12-09 09:40:35,946 [INFO] Argument:325 - Argument : Modevalue: DMA_NORMAL
2024-12-09 09:40:35,946 [INFO] Argument:335 - Argument : Modevalue: DMA_NORMAL
2024-12-09 09:40:35,946 [INFO] Argument:325 - Argument : Priorityvalue: DMA_PRIORITY_LOW
2024-12-09 09:40:35,946 [INFO] Argument:335 - Argument : Priorityvalue: DMA_PRIORITY_LOW
2024-12-09 09:40:35,946 [INFO] Argument:325 - Argument : Lockvalue: null
2024-12-09 09:40:35,946 [INFO] Argument:335 - Argument : Lockvalue: null
2024-12-09 09:40:35,946 [INFO] Argument:325 - Argument : Statevalue: null
2024-12-09 09:40:35,946 [INFO] Argument:335 - Argument : Statevalue: null
2024-12-09 09:40:35,946 [INFO] Argument:325 - Argument : Parentvalue: null
2024-12-09 09:40:35,946 [INFO] Argument:335 - Argument : Parentvalue: null
2024-12-09 09:40:35,946 [INFO] Argument:325 - Argument : XferCpltCallbackvalue: null
2024-12-09 09:40:35,946 [INFO] Argument:335 - Argument : XferCpltCallbackvalue: null
2024-12-09 09:40:35,946 [INFO] Argument:325 - Argument : XferHalfCpltCallbackvalue: null
2024-12-09 09:40:35,946 [INFO] Argument:335 - Argument : XferHalfCpltCallbackvalue: null
2024-12-09 09:40:35,946 [INFO] Argument:325 - Argument : XferErrorCallbackvalue: null
2024-12-09 09:40:35,946 [INFO] Argument:335 - Argument : XferErrorCallbackvalue: null
2024-12-09 09:40:35,946 [INFO] Argument:325 - Argument : XferAbortCallbackvalue: null
2024-12-09 09:40:35,946 [INFO] Argument:335 - Argument : XferAbortCallbackvalue: null
2024-12-09 09:40:35,946 [INFO] Argument:325 - Argument : ErrorCodevalue: null
2024-12-09 09:40:35,946 [INFO] Argument:335 - Argument : ErrorCodevalue: null
2024-12-09 09:40:35,946 [INFO] Argument:325 - Argument : DmaBaseAddressvalue: null
2024-12-09 09:40:35,946 [INFO] Argument:335 - Argument : DmaBaseAddressvalue: null
2024-12-09 09:40:35,946 [INFO] Argument:325 - Argument : ChannelIndexvalue: null
2024-12-09 09:40:35,946 [INFO] Argument:335 - Argument : ChannelIndexvalue: null
2024-12-09 09:40:35,947 [INFO] Argument:325 - Argument : pSyncConfigvalue: null
2024-12-09 09:40:35,947 [INFO] Argument:327 - 	 sub Args: 
2024-12-09 09:40:35,947 [INFO] Argument:325 - Argument : SyncSignalIDvalue: null
2024-12-09 09:40:35,947 [INFO] Argument:335 - Argument : SyncSignalIDvalue: null
2024-12-09 09:40:35,947 [INFO] Argument:325 - Argument : SyncPolarityvalue: null
2024-12-09 09:40:35,947 [INFO] Argument:335 - Argument : SyncPolarityvalue: null
2024-12-09 09:40:35,947 [INFO] Argument:325 - Argument : SyncEnablevalue: null
2024-12-09 09:40:35,947 [INFO] Argument:335 - Argument : SyncEnablevalue: null
2024-12-09 09:40:35,947 [INFO] Argument:325 - Argument : EventEnablevalue: null
2024-12-09 09:40:35,947 [INFO] Argument:335 - Argument : EventEnablevalue: null
2024-12-09 09:40:35,947 [INFO] Argument:325 - Argument : RequestNumbervalue: null
2024-12-09 09:40:35,947 [INFO] Argument:335 - Argument : RequestNumbervalue: null
2024-12-09 09:40:35,948 [INFO] Argument:325 - Argument : hdmavalue: null
2024-12-09 09:40:35,948 [INFO] Argument:327 - 	 sub Args: 
2024-12-09 09:40:35,948 [INFO] Argument:325 - Argument : Instancevalue: DMA1_Channel3
2024-12-09 09:40:35,948 [INFO] Argument:335 - Argument : Instancevalue: DMA1_Channel3
2024-12-09 09:40:35,948 [INFO] Argument:325 - Argument : Initvalue: null
2024-12-09 09:40:35,948 [INFO] Argument:327 - 	 sub Args: 
2024-12-09 09:40:35,948 [INFO] Argument:325 - Argument : Requestvalue: DMA_REQUEST_1
2024-12-09 09:40:35,948 [INFO] Argument:335 - Argument : Requestvalue: DMA_REQUEST_1
2024-12-09 09:40:35,948 [INFO] Argument:325 - Argument : Directionvalue: DMA_MEMORY_TO_PERIPH
2024-12-09 09:40:35,948 [INFO] Argument:335 - Argument : Directionvalue: DMA_MEMORY_TO_PERIPH
2024-12-09 09:40:35,948 [INFO] Argument:325 - Argument : PeriphIncvalue: DMA_PINC_DISABLE
2024-12-09 09:40:35,948 [INFO] Argument:335 - Argument : PeriphIncvalue: DMA_PINC_DISABLE
2024-12-09 09:40:35,948 [INFO] Argument:325 - Argument : MemIncvalue: DMA_MINC_ENABLE
2024-12-09 09:40:35,948 [INFO] Argument:335 - Argument : MemIncvalue: DMA_MINC_ENABLE
2024-12-09 09:40:35,948 [INFO] Argument:325 - Argument : PeriphDataAlignmentvalue: DMA_PDATAALIGN_BYTE
2024-12-09 09:40:35,949 [INFO] Argument:335 - Argument : PeriphDataAlignmentvalue: DMA_PDATAALIGN_BYTE
2024-12-09 09:40:35,949 [INFO] Argument:325 - Argument : MemDataAlignmentvalue: DMA_MDATAALIGN_BYTE
2024-12-09 09:40:35,949 [INFO] Argument:335 - Argument : MemDataAlignmentvalue: DMA_MDATAALIGN_BYTE
2024-12-09 09:40:35,949 [INFO] Argument:325 - Argument : Modevalue: DMA_NORMAL
2024-12-09 09:40:35,949 [INFO] Argument:335 - Argument : Modevalue: DMA_NORMAL
2024-12-09 09:40:35,949 [INFO] Argument:325 - Argument : Priorityvalue: DMA_PRIORITY_LOW
2024-12-09 09:40:35,949 [INFO] Argument:335 - Argument : Priorityvalue: DMA_PRIORITY_LOW
2024-12-09 09:40:35,949 [INFO] Argument:325 - Argument : Lockvalue: null
2024-12-09 09:40:35,949 [INFO] Argument:335 - Argument : Lockvalue: null
2024-12-09 09:40:35,949 [INFO] Argument:325 - Argument : Statevalue: null
2024-12-09 09:40:35,949 [INFO] Argument:335 - Argument : Statevalue: null
2024-12-09 09:40:35,949 [INFO] Argument:325 - Argument : Parentvalue: null
2024-12-09 09:40:35,949 [INFO] Argument:335 - Argument : Parentvalue: null
2024-12-09 09:40:35,949 [INFO] Argument:325 - Argument : XferCpltCallbackvalue: null
2024-12-09 09:40:35,949 [INFO] Argument:335 - Argument : XferCpltCallbackvalue: null
2024-12-09 09:40:35,949 [INFO] Argument:325 - Argument : XferHalfCpltCallbackvalue: null
2024-12-09 09:40:35,949 [INFO] Argument:335 - Argument : XferHalfCpltCallbackvalue: null
2024-12-09 09:40:35,949 [INFO] Argument:325 - Argument : XferErrorCallbackvalue: null
2024-12-09 09:40:35,949 [INFO] Argument:335 - Argument : XferErrorCallbackvalue: null
2024-12-09 09:40:35,949 [INFO] Argument:325 - Argument : XferAbortCallbackvalue: null
2024-12-09 09:40:35,949 [INFO] Argument:335 - Argument : XferAbortCallbackvalue: null
2024-12-09 09:40:35,949 [INFO] Argument:325 - Argument : ErrorCodevalue: null
2024-12-09 09:40:35,949 [INFO] Argument:335 - Argument : ErrorCodevalue: null
2024-12-09 09:40:35,949 [INFO] Argument:325 - Argument : DmaBaseAddressvalue: null
2024-12-09 09:40:35,950 [INFO] Argument:335 - Argument : DmaBaseAddressvalue: null
2024-12-09 09:40:35,950 [INFO] Argument:325 - Argument : ChannelIndexvalue: null
2024-12-09 09:40:35,950 [INFO] Argument:335 - Argument : ChannelIndexvalue: null
2024-12-09 09:40:35,950 [INFO] Argument:325 - Argument : hdmavalue: null
2024-12-09 09:40:35,950 [INFO] Argument:327 - 	 sub Args: 
2024-12-09 09:40:35,950 [INFO] Argument:325 - Argument : Instancevalue: DMA1_Channel3
2024-12-09 09:40:35,950 [INFO] Argument:335 - Argument : Instancevalue: DMA1_Channel3
2024-12-09 09:40:35,950 [INFO] Argument:325 - Argument : Initvalue: null
2024-12-09 09:40:35,950 [INFO] Argument:327 - 	 sub Args: 
2024-12-09 09:40:35,950 [INFO] Argument:325 - Argument : Requestvalue: DMA_REQUEST_1
2024-12-09 09:40:35,950 [INFO] Argument:335 - Argument : Requestvalue: DMA_REQUEST_1
2024-12-09 09:40:35,950 [INFO] Argument:325 - Argument : Directionvalue: DMA_MEMORY_TO_PERIPH
2024-12-09 09:40:35,950 [INFO] Argument:335 - Argument : Directionvalue: DMA_MEMORY_TO_PERIPH
2024-12-09 09:40:35,950 [INFO] Argument:325 - Argument : PeriphIncvalue: DMA_PINC_DISABLE
2024-12-09 09:40:35,950 [INFO] Argument:335 - Argument : PeriphIncvalue: DMA_PINC_DISABLE
2024-12-09 09:40:35,950 [INFO] Argument:325 - Argument : MemIncvalue: DMA_MINC_ENABLE
2024-12-09 09:40:35,950 [INFO] Argument:335 - Argument : MemIncvalue: DMA_MINC_ENABLE
2024-12-09 09:40:35,950 [INFO] Argument:325 - Argument : PeriphDataAlignmentvalue: DMA_PDATAALIGN_BYTE
2024-12-09 09:40:35,950 [INFO] Argument:335 - Argument : PeriphDataAlignmentvalue: DMA_PDATAALIGN_BYTE
2024-12-09 09:40:35,950 [INFO] Argument:325 - Argument : MemDataAlignmentvalue: DMA_MDATAALIGN_BYTE
2024-12-09 09:40:35,950 [INFO] Argument:335 - Argument : MemDataAlignmentvalue: DMA_MDATAALIGN_BYTE
2024-12-09 09:40:35,950 [INFO] Argument:325 - Argument : Modevalue: DMA_NORMAL
2024-12-09 09:40:35,950 [INFO] Argument:335 - Argument : Modevalue: DMA_NORMAL
2024-12-09 09:40:35,950 [INFO] Argument:325 - Argument : Priorityvalue: DMA_PRIORITY_LOW
2024-12-09 09:40:35,950 [INFO] Argument:335 - Argument : Priorityvalue: DMA_PRIORITY_LOW
2024-12-09 09:40:35,951 [INFO] Argument:325 - Argument : Lockvalue: null
2024-12-09 09:40:35,951 [INFO] Argument:335 - Argument : Lockvalue: null
2024-12-09 09:40:35,951 [INFO] Argument:325 - Argument : Statevalue: null
2024-12-09 09:40:35,951 [INFO] Argument:335 - Argument : Statevalue: null
2024-12-09 09:40:35,951 [INFO] Argument:325 - Argument : Parentvalue: null
2024-12-09 09:40:35,951 [INFO] Argument:335 - Argument : Parentvalue: null
2024-12-09 09:40:35,951 [INFO] Argument:325 - Argument : XferCpltCallbackvalue: null
2024-12-09 09:40:35,951 [INFO] Argument:335 - Argument : XferCpltCallbackvalue: null
2024-12-09 09:40:35,951 [INFO] Argument:325 - Argument : XferHalfCpltCallbackvalue: null
2024-12-09 09:40:35,951 [INFO] Argument:335 - Argument : XferHalfCpltCallbackvalue: null
2024-12-09 09:40:35,951 [INFO] Argument:325 - Argument : XferErrorCallbackvalue: null
2024-12-09 09:40:35,951 [INFO] Argument:335 - Argument : XferErrorCallbackvalue: null
2024-12-09 09:40:35,951 [INFO] Argument:325 - Argument : XferAbortCallbackvalue: null
2024-12-09 09:40:35,951 [INFO] Argument:335 - Argument : XferAbortCallbackvalue: null
2024-12-09 09:40:35,951 [INFO] Argument:325 - Argument : ErrorCodevalue: null
2024-12-09 09:40:35,951 [INFO] Argument:335 - Argument : ErrorCodevalue: null
2024-12-09 09:40:35,951 [INFO] Argument:325 - Argument : DmaBaseAddressvalue: null
2024-12-09 09:40:35,951 [INFO] Argument:335 - Argument : DmaBaseAddressvalue: null
2024-12-09 09:40:35,951 [INFO] Argument:325 - Argument : ChannelIndexvalue: null
2024-12-09 09:40:35,951 [INFO] Argument:335 - Argument : ChannelIndexvalue: null
2024-12-09 09:40:35,951 [INFO] Argument:325 - Argument : pSyncConfigvalue: null
2024-12-09 09:40:35,951 [INFO] Argument:327 - 	 sub Args: 
2024-12-09 09:40:35,951 [INFO] Argument:325 - Argument : SyncSignalIDvalue: null
2024-12-09 09:40:35,951 [INFO] Argument:335 - Argument : SyncSignalIDvalue: null
2024-12-09 09:40:35,951 [INFO] Argument:325 - Argument : SyncPolarityvalue: null
2024-12-09 09:40:35,951 [INFO] Argument:335 - Argument : SyncPolarityvalue: null
2024-12-09 09:40:35,951 [INFO] Argument:325 - Argument : SyncEnablevalue: null
2024-12-09 09:40:35,951 [INFO] Argument:335 - Argument : SyncEnablevalue: null
2024-12-09 09:40:35,952 [INFO] Argument:325 - Argument : EventEnablevalue: null
2024-12-09 09:40:35,952 [INFO] Argument:335 - Argument : EventEnablevalue: null
2024-12-09 09:40:35,952 [INFO] Argument:325 - Argument : RequestNumbervalue: null
2024-12-09 09:40:35,952 [INFO] Argument:335 - Argument : RequestNumbervalue: null
2024-12-09 09:40:35,954 [INFO] Argument:325 - Argument : hdmavalue: null
2024-12-09 09:40:35,954 [INFO] Argument:327 - 	 sub Args: 
2024-12-09 09:40:35,954 [INFO] Argument:325 - Argument : Instancevalue: DMA1_Channel5
2024-12-09 09:40:35,954 [INFO] Argument:335 - Argument : Instancevalue: DMA1_Channel5
2024-12-09 09:40:35,954 [INFO] Argument:325 - Argument : Initvalue: null
2024-12-09 09:40:35,955 [INFO] Argument:327 - 	 sub Args: 
2024-12-09 09:40:35,955 [INFO] Argument:325 - Argument : Requestvalue: DMA_REQUEST_2
2024-12-09 09:40:35,955 [INFO] Argument:335 - Argument : Requestvalue: DMA_REQUEST_2
2024-12-09 09:40:35,955 [INFO] Argument:325 - Argument : Directionvalue: DMA_PERIPH_TO_MEMORY
2024-12-09 09:40:35,955 [INFO] Argument:335 - Argument : Directionvalue: DMA_PERIPH_TO_MEMORY
2024-12-09 09:40:35,955 [INFO] Argument:325 - Argument : PeriphIncvalue: DMA_PINC_DISABLE
2024-12-09 09:40:35,955 [INFO] Argument:335 - Argument : PeriphIncvalue: DMA_PINC_DISABLE
2024-12-09 09:40:35,955 [INFO] Argument:325 - Argument : MemIncvalue: DMA_MINC_ENABLE
2024-12-09 09:40:35,955 [INFO] Argument:335 - Argument : MemIncvalue: DMA_MINC_ENABLE
2024-12-09 09:40:35,955 [INFO] Argument:325 - Argument : PeriphDataAlignmentvalue: DMA_PDATAALIGN_BYTE
2024-12-09 09:40:35,955 [INFO] Argument:335 - Argument : PeriphDataAlignmentvalue: DMA_PDATAALIGN_BYTE
2024-12-09 09:40:35,955 [INFO] Argument:325 - Argument : MemDataAlignmentvalue: DMA_MDATAALIGN_BYTE
2024-12-09 09:40:35,955 [INFO] Argument:335 - Argument : MemDataAlignmentvalue: DMA_MDATAALIGN_BYTE
2024-12-09 09:40:35,955 [INFO] Argument:325 - Argument : Modevalue: DMA_NORMAL
2024-12-09 09:40:35,955 [INFO] Argument:335 - Argument : Modevalue: DMA_NORMAL
2024-12-09 09:40:35,955 [INFO] Argument:325 - Argument : Priorityvalue: DMA_PRIORITY_LOW
2024-12-09 09:40:35,955 [INFO] Argument:335 - Argument : Priorityvalue: DMA_PRIORITY_LOW
2024-12-09 09:40:35,955 [INFO] Argument:325 - Argument : Lockvalue: null
2024-12-09 09:40:35,955 [INFO] Argument:335 - Argument : Lockvalue: null
2024-12-09 09:40:35,955 [INFO] Argument:325 - Argument : Statevalue: null
2024-12-09 09:40:35,955 [INFO] Argument:335 - Argument : Statevalue: null
2024-12-09 09:40:35,955 [INFO] Argument:325 - Argument : Parentvalue: null
2024-12-09 09:40:35,955 [INFO] Argument:335 - Argument : Parentvalue: null
2024-12-09 09:40:35,955 [INFO] Argument:325 - Argument : XferCpltCallbackvalue: null
2024-12-09 09:40:35,955 [INFO] Argument:335 - Argument : XferCpltCallbackvalue: null
2024-12-09 09:40:35,955 [INFO] Argument:325 - Argument : XferHalfCpltCallbackvalue: null
2024-12-09 09:40:35,955 [INFO] Argument:335 - Argument : XferHalfCpltCallbackvalue: null
2024-12-09 09:40:35,955 [INFO] Argument:325 - Argument : XferErrorCallbackvalue: null
2024-12-09 09:40:35,955 [INFO] Argument:335 - Argument : XferErrorCallbackvalue: null
2024-12-09 09:40:35,955 [INFO] Argument:325 - Argument : XferAbortCallbackvalue: null
2024-12-09 09:40:35,956 [INFO] Argument:335 - Argument : XferAbortCallbackvalue: null
2024-12-09 09:40:35,956 [INFO] Argument:325 - Argument : ErrorCodevalue: null
2024-12-09 09:40:35,956 [INFO] Argument:335 - Argument : ErrorCodevalue: null
2024-12-09 09:40:35,956 [INFO] Argument:325 - Argument : DmaBaseAddressvalue: null
2024-12-09 09:40:35,956 [INFO] Argument:335 - Argument : DmaBaseAddressvalue: null
2024-12-09 09:40:35,956 [INFO] Argument:325 - Argument : ChannelIndexvalue: null
2024-12-09 09:40:35,956 [INFO] Argument:335 - Argument : ChannelIndexvalue: null
2024-12-09 09:40:35,956 [INFO] Argument:325 - Argument : hdmavalue: null
2024-12-09 09:40:35,956 [INFO] Argument:327 - 	 sub Args: 
2024-12-09 09:40:35,956 [INFO] Argument:325 - Argument : Instancevalue: DMA1_Channel5
2024-12-09 09:40:35,956 [INFO] Argument:335 - Argument : Instancevalue: DMA1_Channel5
2024-12-09 09:40:35,956 [INFO] Argument:325 - Argument : Initvalue: null
2024-12-09 09:40:35,956 [INFO] Argument:327 - 	 sub Args: 
2024-12-09 09:40:35,956 [INFO] Argument:325 - Argument : Requestvalue: DMA_REQUEST_2
2024-12-09 09:40:35,956 [INFO] Argument:335 - Argument : Requestvalue: DMA_REQUEST_2
2024-12-09 09:40:35,956 [INFO] Argument:325 - Argument : Directionvalue: DMA_PERIPH_TO_MEMORY
2024-12-09 09:40:35,956 [INFO] Argument:335 - Argument : Directionvalue: DMA_PERIPH_TO_MEMORY
2024-12-09 09:40:35,956 [INFO] Argument:325 - Argument : PeriphIncvalue: DMA_PINC_DISABLE
2024-12-09 09:40:35,956 [INFO] Argument:335 - Argument : PeriphIncvalue: DMA_PINC_DISABLE
2024-12-09 09:40:35,956 [INFO] Argument:325 - Argument : MemIncvalue: DMA_MINC_ENABLE
2024-12-09 09:40:35,956 [INFO] Argument:335 - Argument : MemIncvalue: DMA_MINC_ENABLE
2024-12-09 09:40:35,956 [INFO] Argument:325 - Argument : PeriphDataAlignmentvalue: DMA_PDATAALIGN_BYTE
2024-12-09 09:40:35,956 [INFO] Argument:335 - Argument : PeriphDataAlignmentvalue: DMA_PDATAALIGN_BYTE
2024-12-09 09:40:35,956 [INFO] Argument:325 - Argument : MemDataAlignmentvalue: DMA_MDATAALIGN_BYTE
2024-12-09 09:40:35,956 [INFO] Argument:335 - Argument : MemDataAlignmentvalue: DMA_MDATAALIGN_BYTE
2024-12-09 09:40:35,956 [INFO] Argument:325 - Argument : Modevalue: DMA_NORMAL
2024-12-09 09:40:35,956 [INFO] Argument:335 - Argument : Modevalue: DMA_NORMAL
2024-12-09 09:40:35,956 [INFO] Argument:325 - Argument : Priorityvalue: DMA_PRIORITY_LOW
2024-12-09 09:40:35,957 [INFO] Argument:335 - Argument : Priorityvalue: DMA_PRIORITY_LOW
2024-12-09 09:40:35,957 [INFO] Argument:325 - Argument : Lockvalue: null
2024-12-09 09:40:35,957 [INFO] Argument:335 - Argument : Lockvalue: null
2024-12-09 09:40:35,957 [INFO] Argument:325 - Argument : Statevalue: null
2024-12-09 09:40:35,957 [INFO] Argument:335 - Argument : Statevalue: null
2024-12-09 09:40:35,957 [INFO] Argument:325 - Argument : Parentvalue: null
2024-12-09 09:40:35,957 [INFO] Argument:335 - Argument : Parentvalue: null
2024-12-09 09:40:35,957 [INFO] Argument:325 - Argument : XferCpltCallbackvalue: null
2024-12-09 09:40:35,957 [INFO] Argument:335 - Argument : XferCpltCallbackvalue: null
2024-12-09 09:40:35,957 [INFO] Argument:325 - Argument : XferHalfCpltCallbackvalue: null
2024-12-09 09:40:35,957 [INFO] Argument:335 - Argument : XferHalfCpltCallbackvalue: null
2024-12-09 09:40:35,957 [INFO] Argument:325 - Argument : XferErrorCallbackvalue: null
2024-12-09 09:40:35,957 [INFO] Argument:335 - Argument : XferErrorCallbackvalue: null
2024-12-09 09:40:35,957 [INFO] Argument:325 - Argument : XferAbortCallbackvalue: null
2024-12-09 09:40:35,957 [INFO] Argument:335 - Argument : XferAbortCallbackvalue: null
2024-12-09 09:40:35,957 [INFO] Argument:325 - Argument : ErrorCodevalue: null
2024-12-09 09:40:35,957 [INFO] Argument:335 - Argument : ErrorCodevalue: null
2024-12-09 09:40:35,957 [INFO] Argument:325 - Argument : DmaBaseAddressvalue: null
2024-12-09 09:40:35,957 [INFO] Argument:335 - Argument : DmaBaseAddressvalue: null
2024-12-09 09:40:35,957 [INFO] Argument:325 - Argument : ChannelIndexvalue: null
2024-12-09 09:40:35,958 [INFO] Argument:335 - Argument : ChannelIndexvalue: null
2024-12-09 09:40:35,958 [INFO] Argument:325 - Argument : pSyncConfigvalue: null
2024-12-09 09:40:35,958 [INFO] Argument:327 - 	 sub Args: 
2024-12-09 09:40:35,958 [INFO] Argument:325 - Argument : SyncSignalIDvalue: null
2024-12-09 09:40:35,958 [INFO] Argument:335 - Argument : SyncSignalIDvalue: null
2024-12-09 09:40:35,958 [INFO] Argument:325 - Argument : SyncPolarityvalue: null
2024-12-09 09:40:35,958 [INFO] Argument:335 - Argument : SyncPolarityvalue: null
2024-12-09 09:40:35,958 [INFO] Argument:325 - Argument : SyncEnablevalue: null
2024-12-09 09:40:35,958 [INFO] Argument:335 - Argument : SyncEnablevalue: null
2024-12-09 09:40:35,958 [INFO] Argument:325 - Argument : EventEnablevalue: null
2024-12-09 09:40:35,958 [INFO] Argument:335 - Argument : EventEnablevalue: null
2024-12-09 09:40:35,958 [INFO] Argument:325 - Argument : RequestNumbervalue: null
2024-12-09 09:40:35,958 [INFO] Argument:335 - Argument : RequestNumbervalue: null
2024-12-09 09:40:35,958 [INFO] Argument:325 - Argument : hdmavalue: null
2024-12-09 09:40:35,958 [INFO] Argument:327 - 	 sub Args: 
2024-12-09 09:40:35,959 [INFO] Argument:325 - Argument : Instancevalue: DMA1_Channel4
2024-12-09 09:40:35,959 [INFO] Argument:335 - Argument : Instancevalue: DMA1_Channel4
2024-12-09 09:40:35,959 [INFO] Argument:325 - Argument : Initvalue: null
2024-12-09 09:40:35,959 [INFO] Argument:327 - 	 sub Args: 
2024-12-09 09:40:35,959 [INFO] Argument:325 - Argument : Requestvalue: DMA_REQUEST_2
2024-12-09 09:40:35,959 [INFO] Argument:335 - Argument : Requestvalue: DMA_REQUEST_2
2024-12-09 09:40:35,959 [INFO] Argument:325 - Argument : Directionvalue: DMA_MEMORY_TO_PERIPH
2024-12-09 09:40:35,959 [INFO] Argument:335 - Argument : Directionvalue: DMA_MEMORY_TO_PERIPH
2024-12-09 09:40:35,959 [INFO] Argument:325 - Argument : PeriphIncvalue: DMA_PINC_DISABLE
2024-12-09 09:40:35,959 [INFO] Argument:335 - Argument : PeriphIncvalue: DMA_PINC_DISABLE
2024-12-09 09:40:35,959 [INFO] Argument:325 - Argument : MemIncvalue: DMA_MINC_ENABLE
2024-12-09 09:40:35,959 [INFO] Argument:335 - Argument : MemIncvalue: DMA_MINC_ENABLE
2024-12-09 09:40:35,959 [INFO] Argument:325 - Argument : PeriphDataAlignmentvalue: DMA_PDATAALIGN_BYTE
2024-12-09 09:40:35,959 [INFO] Argument:335 - Argument : PeriphDataAlignmentvalue: DMA_PDATAALIGN_BYTE
2024-12-09 09:40:35,959 [INFO] Argument:325 - Argument : MemDataAlignmentvalue: DMA_MDATAALIGN_BYTE
2024-12-09 09:40:35,959 [INFO] Argument:335 - Argument : MemDataAlignmentvalue: DMA_MDATAALIGN_BYTE
2024-12-09 09:40:35,959 [INFO] Argument:325 - Argument : Modevalue: DMA_NORMAL
2024-12-09 09:40:35,959 [INFO] Argument:335 - Argument : Modevalue: DMA_NORMAL
2024-12-09 09:40:35,959 [INFO] Argument:325 - Argument : Priorityvalue: DMA_PRIORITY_LOW
2024-12-09 09:40:35,959 [INFO] Argument:335 - Argument : Priorityvalue: DMA_PRIORITY_LOW
2024-12-09 09:40:35,959 [INFO] Argument:325 - Argument : Lockvalue: null
2024-12-09 09:40:35,959 [INFO] Argument:335 - Argument : Lockvalue: null
2024-12-09 09:40:35,959 [INFO] Argument:325 - Argument : Statevalue: null
2024-12-09 09:40:35,959 [INFO] Argument:335 - Argument : Statevalue: null
2024-12-09 09:40:35,959 [INFO] Argument:325 - Argument : Parentvalue: null
2024-12-09 09:40:35,959 [INFO] Argument:335 - Argument : Parentvalue: null
2024-12-09 09:40:35,959 [INFO] Argument:325 - Argument : XferCpltCallbackvalue: null
2024-12-09 09:40:35,959 [INFO] Argument:335 - Argument : XferCpltCallbackvalue: null
2024-12-09 09:40:35,959 [INFO] Argument:325 - Argument : XferHalfCpltCallbackvalue: null
2024-12-09 09:40:35,959 [INFO] Argument:335 - Argument : XferHalfCpltCallbackvalue: null
2024-12-09 09:40:35,959 [INFO] Argument:325 - Argument : XferErrorCallbackvalue: null
2024-12-09 09:40:35,959 [INFO] Argument:335 - Argument : XferErrorCallbackvalue: null
2024-12-09 09:40:35,959 [INFO] Argument:325 - Argument : XferAbortCallbackvalue: null
2024-12-09 09:40:35,959 [INFO] Argument:335 - Argument : XferAbortCallbackvalue: null
2024-12-09 09:40:35,959 [INFO] Argument:325 - Argument : ErrorCodevalue: null
2024-12-09 09:40:35,959 [INFO] Argument:335 - Argument : ErrorCodevalue: null
2024-12-09 09:40:35,960 [INFO] Argument:325 - Argument : DmaBaseAddressvalue: null
2024-12-09 09:40:35,960 [INFO] Argument:335 - Argument : DmaBaseAddressvalue: null
2024-12-09 09:40:35,960 [INFO] Argument:325 - Argument : ChannelIndexvalue: null
2024-12-09 09:40:35,960 [INFO] Argument:335 - Argument : ChannelIndexvalue: null
2024-12-09 09:40:35,960 [INFO] Argument:325 - Argument : hdmavalue: null
2024-12-09 09:40:35,960 [INFO] Argument:327 - 	 sub Args: 
2024-12-09 09:40:35,960 [INFO] Argument:325 - Argument : Instancevalue: DMA1_Channel4
2024-12-09 09:40:35,960 [INFO] Argument:335 - Argument : Instancevalue: DMA1_Channel4
2024-12-09 09:40:35,960 [INFO] Argument:325 - Argument : Initvalue: null
2024-12-09 09:40:35,960 [INFO] Argument:327 - 	 sub Args: 
2024-12-09 09:40:35,960 [INFO] Argument:325 - Argument : Requestvalue: DMA_REQUEST_2
2024-12-09 09:40:35,960 [INFO] Argument:335 - Argument : Requestvalue: DMA_REQUEST_2
2024-12-09 09:40:35,960 [INFO] Argument:325 - Argument : Directionvalue: DMA_MEMORY_TO_PERIPH
2024-12-09 09:40:35,960 [INFO] Argument:335 - Argument : Directionvalue: DMA_MEMORY_TO_PERIPH
2024-12-09 09:40:35,960 [INFO] Argument:325 - Argument : PeriphIncvalue: DMA_PINC_DISABLE
2024-12-09 09:40:35,960 [INFO] Argument:335 - Argument : PeriphIncvalue: DMA_PINC_DISABLE
2024-12-09 09:40:35,960 [INFO] Argument:325 - Argument : MemIncvalue: DMA_MINC_ENABLE
2024-12-09 09:40:35,960 [INFO] Argument:335 - Argument : MemIncvalue: DMA_MINC_ENABLE
2024-12-09 09:40:35,960 [INFO] Argument:325 - Argument : PeriphDataAlignmentvalue: DMA_PDATAALIGN_BYTE
2024-12-09 09:40:35,960 [INFO] Argument:335 - Argument : PeriphDataAlignmentvalue: DMA_PDATAALIGN_BYTE
2024-12-09 09:40:35,960 [INFO] Argument:325 - Argument : MemDataAlignmentvalue: DMA_MDATAALIGN_BYTE
2024-12-09 09:40:35,960 [INFO] Argument:335 - Argument : MemDataAlignmentvalue: DMA_MDATAALIGN_BYTE
2024-12-09 09:40:35,960 [INFO] Argument:325 - Argument : Modevalue: DMA_NORMAL
2024-12-09 09:40:35,960 [INFO] Argument:335 - Argument : Modevalue: DMA_NORMAL
2024-12-09 09:40:35,960 [INFO] Argument:325 - Argument : Priorityvalue: DMA_PRIORITY_LOW
2024-12-09 09:40:35,960 [INFO] Argument:335 - Argument : Priorityvalue: DMA_PRIORITY_LOW
2024-12-09 09:40:35,960 [INFO] Argument:325 - Argument : Lockvalue: null
2024-12-09 09:40:35,960 [INFO] Argument:335 - Argument : Lockvalue: null
2024-12-09 09:40:35,960 [INFO] Argument:325 - Argument : Statevalue: null
2024-12-09 09:40:35,960 [INFO] Argument:335 - Argument : Statevalue: null
2024-12-09 09:40:35,960 [INFO] Argument:325 - Argument : Parentvalue: null
2024-12-09 09:40:35,960 [INFO] Argument:335 - Argument : Parentvalue: null
2024-12-09 09:40:35,960 [INFO] Argument:325 - Argument : XferCpltCallbackvalue: null
2024-12-09 09:40:35,960 [INFO] Argument:335 - Argument : XferCpltCallbackvalue: null
2024-12-09 09:40:35,960 [INFO] Argument:325 - Argument : XferHalfCpltCallbackvalue: null
2024-12-09 09:40:35,960 [INFO] Argument:335 - Argument : XferHalfCpltCallbackvalue: null
2024-12-09 09:40:35,960 [INFO] Argument:325 - Argument : XferErrorCallbackvalue: null
2024-12-09 09:40:35,961 [INFO] Argument:335 - Argument : XferErrorCallbackvalue: null
2024-12-09 09:40:35,961 [INFO] Argument:325 - Argument : XferAbortCallbackvalue: null
2024-12-09 09:40:35,961 [INFO] Argument:335 - Argument : XferAbortCallbackvalue: null
2024-12-09 09:40:35,961 [INFO] Argument:325 - Argument : ErrorCodevalue: null
2024-12-09 09:40:35,961 [INFO] Argument:335 - Argument : ErrorCodevalue: null
2024-12-09 09:40:35,961 [INFO] Argument:325 - Argument : DmaBaseAddressvalue: null
2024-12-09 09:40:35,961 [INFO] Argument:335 - Argument : DmaBaseAddressvalue: null
2024-12-09 09:40:35,961 [INFO] Argument:325 - Argument : ChannelIndexvalue: null
2024-12-09 09:40:35,961 [INFO] Argument:335 - Argument : ChannelIndexvalue: null
2024-12-09 09:40:35,961 [INFO] Argument:325 - Argument : pSyncConfigvalue: null
2024-12-09 09:40:35,961 [INFO] Argument:327 - 	 sub Args: 
2024-12-09 09:40:35,961 [INFO] Argument:325 - Argument : SyncSignalIDvalue: null
2024-12-09 09:40:35,961 [INFO] Argument:335 - Argument : SyncSignalIDvalue: null
2024-12-09 09:40:35,961 [INFO] Argument:325 - Argument : SyncPolarityvalue: null
2024-12-09 09:40:35,961 [INFO] Argument:335 - Argument : SyncPolarityvalue: null
2024-12-09 09:40:35,961 [INFO] Argument:325 - Argument : SyncEnablevalue: null
2024-12-09 09:40:35,961 [INFO] Argument:335 - Argument : SyncEnablevalue: null
2024-12-09 09:40:35,961 [INFO] Argument:325 - Argument : EventEnablevalue: null
2024-12-09 09:40:35,961 [INFO] Argument:335 - Argument : EventEnablevalue: null
2024-12-09 09:40:35,961 [INFO] Argument:325 - Argument : RequestNumbervalue: null
2024-12-09 09:40:35,961 [INFO] Argument:335 - Argument : RequestNumbervalue: null
2024-12-09 09:40:36,016 [INFO] CodeEngine:255 - oldGeneratedFile, C:\Users\ZOJOLDRI\STM32CubeIDE\workspace_InProgress\ADIN1110\MXTmpFiles\license.tmp_save
2024-12-09 09:40:36,149 [INFO] CodeEngine:279 - Generated code: C:\Users\ZOJOLDRI\STM32CubeIDE\workspace_InProgress\ADIN1110\MXTmpFiles\license.tmp
2024-12-09 09:40:36,193 [INFO] CodeEngine:255 - oldGeneratedFile, C:\Users\ZOJOLDRI\STM32CubeIDE\workspace_InProgress\ADIN1110\Core\Src\gpio.c_save
2024-12-09 09:40:36,317 [INFO] CodeEngine:279 - Generated code: C:\Users\ZOJOLDRI\STM32CubeIDE\workspace_InProgress\ADIN1110\Core\Src\gpio.c
2024-12-09 09:40:36,339 [INFO] CodeEngine:255 - oldGeneratedFile, C:\Users\ZOJOLDRI\STM32CubeIDE\workspace_InProgress\ADIN1110\Core\Inc\gpio.h_save
2024-12-09 09:40:36,435 [INFO] CodeEngine:279 - Generated code: C:\Users\ZOJOLDRI\STM32CubeIDE\workspace_InProgress\ADIN1110\Core\Inc\gpio.h
2024-12-09 09:40:36,869 [INFO] CodeEngine:255 - oldGeneratedFile, C:\Users\ZOJOLDRI\STM32CubeIDE\workspace_InProgress\ADIN1110\Core\Src\dma.c_save
2024-12-09 09:40:36,947 [INFO] CodeEngine:279 - Generated code: C:\Users\ZOJOLDRI\STM32CubeIDE\workspace_InProgress\ADIN1110\Core\Src\dma.c
2024-12-09 09:40:36,955 [INFO] CodeEngine:255 - oldGeneratedFile, C:\Users\ZOJOLDRI\STM32CubeIDE\workspace_InProgress\ADIN1110\Core\Inc\dma.h_save
2024-12-09 09:40:37,014 [INFO] CodeEngine:279 - Generated code: C:\Users\ZOJOLDRI\STM32CubeIDE\workspace_InProgress\ADIN1110\Core\Inc\dma.h
2024-12-09 09:40:37,034 [INFO] CodeEngine:255 - oldGeneratedFile, C:\Users\ZOJOLDRI\STM32CubeIDE\workspace_InProgress\ADIN1110\Core\Src\spi.c_save
2024-12-09 09:40:37,125 [INFO] CodeEngine:279 - Generated code: C:\Users\ZOJOLDRI\STM32CubeIDE\workspace_InProgress\ADIN1110\Core\Src\spi.c
2024-12-09 09:40:37,132 [INFO] CodeEngine:255 - oldGeneratedFile, C:\Users\ZOJOLDRI\STM32CubeIDE\workspace_InProgress\ADIN1110\Core\Inc\spi.h_save
2024-12-09 09:40:37,191 [INFO] CodeEngine:279 - Generated code: C:\Users\ZOJOLDRI\STM32CubeIDE\workspace_InProgress\ADIN1110\Core\Inc\spi.h
2024-12-09 09:40:37,210 [INFO] CodeEngine:255 - oldGeneratedFile, C:\Users\ZOJOLDRI\STM32CubeIDE\workspace_InProgress\ADIN1110\Core\Src\usart.c_save
2024-12-09 09:40:37,301 [INFO] CodeEngine:279 - Generated code: C:\Users\ZOJOLDRI\STM32CubeIDE\workspace_InProgress\ADIN1110\Core\Src\usart.c
2024-12-09 09:40:37,307 [INFO] CodeEngine:255 - oldGeneratedFile, C:\Users\ZOJOLDRI\STM32CubeIDE\workspace_InProgress\ADIN1110\Core\Inc\usart.h_save
2024-12-09 09:40:37,389 [INFO] CodeEngine:279 - Generated code: C:\Users\ZOJOLDRI\STM32CubeIDE\workspace_InProgress\ADIN1110\Core\Inc\usart.h
2024-12-09 09:40:37,415 [INFO] CodeEngine:255 - oldGeneratedFile, C:\Users\ZOJOLDRI\STM32CubeIDE\workspace_InProgress\ADIN1110\Core\Src\stm32l4xx_it.c_save
2024-12-09 09:40:37,487 [INFO] CodeEngine:279 - Generated code: C:\Users\ZOJOLDRI\STM32CubeIDE\workspace_InProgress\ADIN1110\Core\Src\stm32l4xx_it.c
2024-12-09 09:40:37,492 [INFO] CodeEngine:255 - oldGeneratedFile, C:\Users\ZOJOLDRI\STM32CubeIDE\workspace_InProgress\ADIN1110\Core\Inc\stm32l4xx_it.h_save
2024-12-09 09:40:37,543 [INFO] CodeEngine:279 - Generated code: C:\Users\ZOJOLDRI\STM32CubeIDE\workspace_InProgress\ADIN1110\Core\Inc\stm32l4xx_it.h
2024-12-09 09:40:37,571 [INFO] CodeEngine:255 - oldGeneratedFile, C:\Users\ZOJOLDRI\STM32CubeIDE\workspace_InProgress\ADIN1110\Core\Src\stm32l4xx_hal_msp.c_save
2024-12-09 09:40:37,648 [INFO] CodeEngine:279 - Generated code: C:\Users\ZOJOLDRI\STM32CubeIDE\workspace_InProgress\ADIN1110\Core\Src\stm32l4xx_hal_msp.c
2024-12-09 09:40:37,654 [INFO] CodeEngine:255 - oldGeneratedFile, C:\Users\ZOJOLDRI\STM32CubeIDE\workspace_InProgress\ADIN1110\MXTmpFiles\system.tmp_save
2024-12-09 09:40:37,694 [INFO] CodeEngine:279 - Generated code: C:\Users\ZOJOLDRI\STM32CubeIDE\workspace_InProgress\ADIN1110\MXTmpFiles\system.tmp
2024-12-09 09:40:37,714 [INFO] CodeEngine:311 - oldGeneratedFile, C:\Users\ZOJOLDRI\STM32CubeIDE\workspace_InProgress\ADIN1110\Core\Inc\stm32l4xx_hal_conf.h_save
2024-12-09 09:40:37,797 [INFO] CodeEngine:335 - Generated code: C:\Users\ZOJOLDRI\STM32CubeIDE\workspace_InProgress\ADIN1110\Core\Inc\stm32l4xx_hal_conf.h
2024-12-09 09:40:37,839 [INFO] CodeEngine:255 - oldGeneratedFile, C:\Users\ZOJOLDRI\STM32CubeIDE\workspace_InProgress\ADIN1110\Core\Inc\main.h_save
2024-12-09 09:40:37,913 [INFO] CodeEngine:279 - Generated code: C:\Users\ZOJOLDRI\STM32CubeIDE\workspace_InProgress\ADIN1110\Core\Inc\main.h
2024-12-09 09:40:37,936 [INFO] CodeEngine:255 - oldGeneratedFile, C:\Users\ZOJOLDRI\STM32CubeIDE\workspace_InProgress\ADIN1110\Core\Src\main.c_save
2024-12-09 09:40:38,015 [INFO] CodeEngine:279 - Generated code: C:\Users\ZOJOLDRI\STM32CubeIDE\workspace_InProgress\ADIN1110\Core\Src\main.c
2024-12-09 09:40:38,345 [INFO] ProjectBuilder:3289 - Time for Copy HAL[1] : 176mS.
2024-12-09 09:40:38,349 [INFO] ProjectBuilder:4876 - Project Generator version: 4.5.0-RC5
2024-12-09 09:40:38,402 [INFO] ConfigFileManager:1579 - The Die is : DIE461
2024-12-09 09:40:39,361 [INFO] ProjectBuilder:5154 - Time for Generating toolchain IDE Files: 1012mS.
2024-12-09 09:40:39,363 [INFO] ProjectBuilder:3146 - Time for Copy CMSIS : 0mS.
2024-12-09 09:40:39,370 [INFO] ProjectBuilder:3146 - Time for Copy CMSIS : 0mS.
2024-12-09 09:41:45,870 [INFO] UtilMem:75 - End SaveConfig() Used Memory: 589019024 Bytes (689963008)
2024-12-09 09:41:46,921 [INFO] UtilMem:75 - End SaveConfig() Used Memory: 625719184 Bytes (689963008)
2024-12-09 09:41:48,221 [INFO] UtilMem:75 - End SaveConfig() Used Memory: 332088808 Bytes (689963008)
2024-12-09 09:41:48,375 [INFO] BlockDiagram:2766 - set Specific Code input for plugin: SPI
2024-12-09 09:41:48,375 [INFO] BlockDiagram:2766 - set Specific Code input for plugin: SYS
2024-12-09 09:41:48,375 [INFO] BlockDiagram:2766 - set Specific Code input for plugin: RCC
2024-12-09 09:41:48,375 [INFO] BlockDiagram:2766 - set Specific Code input for plugin: NVIC
2024-12-09 09:41:48,376 [INFO] BlockDiagram:2766 - set Specific Code input for plugin: USART
2024-12-09 09:41:48,376 [INFO] BlockDiagram:2766 - set Specific Code input for plugin: DMA
2024-12-09 09:41:48,376 [INFO] BlockDiagram:2766 - set Specific Code input for plugin: GPIO
2024-12-09 09:41:48,377 [INFO] CodeGenerator:896 - code generatio: config db path: C:\ST\STM32CubeIDE_1.17.0\STM32CubeIDE\plugins\com.st.stm32cube.common.mx_6.13.0.202411220809\\db\
2024-12-09 09:41:48,387 [INFO] Argument:325 - Argument : hdmavalue: null
2024-12-09 09:41:48,387 [INFO] Argument:327 - 	 sub Args: 
2024-12-09 09:41:48,387 [INFO] Argument:325 - Argument : Instancevalue: DMA1_Channel2
2024-12-09 09:41:48,387 [INFO] Argument:335 - Argument : Instancevalue: DMA1_Channel2
2024-12-09 09:41:48,387 [INFO] Argument:325 - Argument : Initvalue: null
2024-12-09 09:41:48,387 [INFO] Argument:327 - 	 sub Args: 
2024-12-09 09:41:48,387 [INFO] Argument:325 - Argument : Requestvalue: DMA_REQUEST_1
2024-12-09 09:41:48,387 [INFO] Argument:335 - Argument : Requestvalue: DMA_REQUEST_1
2024-12-09 09:41:48,387 [INFO] Argument:325 - Argument : Directionvalue: DMA_PERIPH_TO_MEMORY
2024-12-09 09:41:48,387 [INFO] Argument:335 - Argument : Directionvalue: DMA_PERIPH_TO_MEMORY
2024-12-09 09:41:48,387 [INFO] Argument:325 - Argument : PeriphIncvalue: DMA_PINC_DISABLE
2024-12-09 09:41:48,387 [INFO] Argument:335 - Argument : PeriphIncvalue: DMA_PINC_DISABLE
2024-12-09 09:41:48,387 [INFO] Argument:325 - Argument : MemIncvalue: DMA_MINC_ENABLE
2024-12-09 09:41:48,387 [INFO] Argument:335 - Argument : MemIncvalue: DMA_MINC_ENABLE
2024-12-09 09:41:48,388 [INFO] Argument:325 - Argument : PeriphDataAlignmentvalue: DMA_PDATAALIGN_BYTE
2024-12-09 09:41:48,388 [INFO] Argument:335 - Argument : PeriphDataAlignmentvalue: DMA_PDATAALIGN_BYTE
2024-12-09 09:41:48,388 [INFO] Argument:325 - Argument : MemDataAlignmentvalue: DMA_MDATAALIGN_BYTE
2024-12-09 09:41:48,388 [INFO] Argument:335 - Argument : MemDataAlignmentvalue: DMA_MDATAALIGN_BYTE
2024-12-09 09:41:48,388 [INFO] Argument:325 - Argument : Modevalue: DMA_NORMAL
2024-12-09 09:41:48,388 [INFO] Argument:335 - Argument : Modevalue: DMA_NORMAL
2024-12-09 09:41:48,388 [INFO] Argument:325 - Argument : Priorityvalue: DMA_PRIORITY_LOW
2024-12-09 09:41:48,388 [INFO] Argument:335 - Argument : Priorityvalue: DMA_PRIORITY_LOW
2024-12-09 09:41:48,388 [INFO] Argument:325 - Argument : Lockvalue: null
2024-12-09 09:41:48,388 [INFO] Argument:335 - Argument : Lockvalue: null
2024-12-09 09:41:48,389 [INFO] Argument:325 - Argument : Statevalue: null
2024-12-09 09:41:48,389 [INFO] Argument:335 - Argument : Statevalue: null
2024-12-09 09:41:48,389 [INFO] Argument:325 - Argument : Parentvalue: null
2024-12-09 09:41:48,389 [INFO] Argument:335 - Argument : Parentvalue: null
2024-12-09 09:41:48,389 [INFO] Argument:325 - Argument : XferCpltCallbackvalue: null
2024-12-09 09:41:48,389 [INFO] Argument:335 - Argument : XferCpltCallbackvalue: null
2024-12-09 09:41:48,389 [INFO] Argument:325 - Argument : XferHalfCpltCallbackvalue: null
2024-12-09 09:41:48,389 [INFO] Argument:335 - Argument : XferHalfCpltCallbackvalue: null
2024-12-09 09:41:48,389 [INFO] Argument:325 - Argument : XferErrorCallbackvalue: null
2024-12-09 09:41:48,389 [INFO] Argument:335 - Argument : XferErrorCallbackvalue: null
2024-12-09 09:41:48,389 [INFO] Argument:325 - Argument : XferAbortCallbackvalue: null
2024-12-09 09:41:48,389 [INFO] Argument:335 - Argument : XferAbortCallbackvalue: null
2024-12-09 09:41:48,389 [INFO] Argument:325 - Argument : ErrorCodevalue: null
2024-12-09 09:41:48,389 [INFO] Argument:335 - Argument : ErrorCodevalue: null
2024-12-09 09:41:48,389 [INFO] Argument:325 - Argument : DmaBaseAddressvalue: null
2024-12-09 09:41:48,389 [INFO] Argument:335 - Argument : DmaBaseAddressvalue: null
2024-12-09 09:41:48,389 [INFO] Argument:325 - Argument : ChannelIndexvalue: null
2024-12-09 09:41:48,389 [INFO] Argument:335 - Argument : ChannelIndexvalue: null
2024-12-09 09:41:48,389 [INFO] Argument:325 - Argument : hdmavalue: null
2024-12-09 09:41:48,389 [INFO] Argument:327 - 	 sub Args: 
2024-12-09 09:41:48,389 [INFO] Argument:325 - Argument : Instancevalue: DMA1_Channel2
2024-12-09 09:41:48,389 [INFO] Argument:335 - Argument : Instancevalue: DMA1_Channel2
2024-12-09 09:41:48,389 [INFO] Argument:325 - Argument : Initvalue: null
2024-12-09 09:41:48,389 [INFO] Argument:327 - 	 sub Args: 
2024-12-09 09:41:48,389 [INFO] Argument:325 - Argument : Requestvalue: DMA_REQUEST_1
2024-12-09 09:41:48,389 [INFO] Argument:335 - Argument : Requestvalue: DMA_REQUEST_1
2024-12-09 09:41:48,389 [INFO] Argument:325 - Argument : Directionvalue: DMA_PERIPH_TO_MEMORY
2024-12-09 09:41:48,389 [INFO] Argument:335 - Argument : Directionvalue: DMA_PERIPH_TO_MEMORY
2024-12-09 09:41:48,389 [INFO] Argument:325 - Argument : PeriphIncvalue: DMA_PINC_DISABLE
2024-12-09 09:41:48,389 [INFO] Argument:335 - Argument : PeriphIncvalue: DMA_PINC_DISABLE
2024-12-09 09:41:48,389 [INFO] Argument:325 - Argument : MemIncvalue: DMA_MINC_ENABLE
2024-12-09 09:41:48,389 [INFO] Argument:335 - Argument : MemIncvalue: DMA_MINC_ENABLE
2024-12-09 09:41:48,389 [INFO] Argument:325 - Argument : PeriphDataAlignmentvalue: DMA_PDATAALIGN_BYTE
2024-12-09 09:41:48,389 [INFO] Argument:335 - Argument : PeriphDataAlignmentvalue: DMA_PDATAALIGN_BYTE
2024-12-09 09:41:48,389 [INFO] Argument:325 - Argument : MemDataAlignmentvalue: DMA_MDATAALIGN_BYTE
2024-12-09 09:41:48,389 [INFO] Argument:335 - Argument : MemDataAlignmentvalue: DMA_MDATAALIGN_BYTE
2024-12-09 09:41:48,389 [INFO] Argument:325 - Argument : Modevalue: DMA_NORMAL
2024-12-09 09:41:48,390 [INFO] Argument:335 - Argument : Modevalue: DMA_NORMAL
2024-12-09 09:41:48,390 [INFO] Argument:325 - Argument : Priorityvalue: DMA_PRIORITY_LOW
2024-12-09 09:41:48,390 [INFO] Argument:335 - Argument : Priorityvalue: DMA_PRIORITY_LOW
2024-12-09 09:41:48,390 [INFO] Argument:325 - Argument : Lockvalue: null
2024-12-09 09:41:48,391 [INFO] Argument:335 - Argument : Lockvalue: null
2024-12-09 09:41:48,391 [INFO] Argument:325 - Argument : Statevalue: null
2024-12-09 09:41:48,391 [INFO] Argument:335 - Argument : Statevalue: null
2024-12-09 09:41:48,391 [INFO] Argument:325 - Argument : Parentvalue: null
2024-12-09 09:41:48,391 [INFO] Argument:335 - Argument : Parentvalue: null
2024-12-09 09:41:48,391 [INFO] Argument:325 - Argument : XferCpltCallbackvalue: null
2024-12-09 09:41:48,391 [INFO] Argument:335 - Argument : XferCpltCallbackvalue: null
2024-12-09 09:41:48,391 [INFO] Argument:325 - Argument : XferHalfCpltCallbackvalue: null
2024-12-09 09:41:48,391 [INFO] Argument:335 - Argument : XferHalfCpltCallbackvalue: null
2024-12-09 09:41:48,391 [INFO] Argument:325 - Argument : XferErrorCallbackvalue: null
2024-12-09 09:41:48,391 [INFO] Argument:335 - Argument : XferErrorCallbackvalue: null
2024-12-09 09:41:48,391 [INFO] Argument:325 - Argument : XferAbortCallbackvalue: null
2024-12-09 09:41:48,391 [INFO] Argument:335 - Argument : XferAbortCallbackvalue: null
2024-12-09 09:41:48,391 [INFO] Argument:325 - Argument : ErrorCodevalue: null
2024-12-09 09:41:48,391 [INFO] Argument:335 - Argument : ErrorCodevalue: null
2024-12-09 09:41:48,391 [INFO] Argument:325 - Argument : DmaBaseAddressvalue: null
2024-12-09 09:41:48,391 [INFO] Argument:335 - Argument : DmaBaseAddressvalue: null
2024-12-09 09:41:48,391 [INFO] Argument:325 - Argument : ChannelIndexvalue: null
2024-12-09 09:41:48,391 [INFO] Argument:335 - Argument : ChannelIndexvalue: null
2024-12-09 09:41:48,391 [INFO] Argument:325 - Argument : pSyncConfigvalue: null
2024-12-09 09:41:48,391 [INFO] Argument:327 - 	 sub Args: 
2024-12-09 09:41:48,391 [INFO] Argument:325 - Argument : SyncSignalIDvalue: null
2024-12-09 09:41:48,391 [INFO] Argument:335 - Argument : SyncSignalIDvalue: null
2024-12-09 09:41:48,391 [INFO] Argument:325 - Argument : SyncPolarityvalue: null
2024-12-09 09:41:48,391 [INFO] Argument:335 - Argument : SyncPolarityvalue: null
2024-12-09 09:41:48,392 [INFO] Argument:325 - Argument : SyncEnablevalue: null
2024-12-09 09:41:48,392 [INFO] Argument:335 - Argument : SyncEnablevalue: null
2024-12-09 09:41:48,392 [INFO] Argument:325 - Argument : EventEnablevalue: null
2024-12-09 09:41:48,392 [INFO] Argument:335 - Argument : EventEnablevalue: null
2024-12-09 09:41:48,392 [INFO] Argument:325 - Argument : RequestNumbervalue: null
2024-12-09 09:41:48,392 [INFO] Argument:335 - Argument : RequestNumbervalue: null
2024-12-09 09:41:48,392 [INFO] Argument:325 - Argument : hdmavalue: null
2024-12-09 09:41:48,392 [INFO] Argument:327 - 	 sub Args: 
2024-12-09 09:41:48,392 [INFO] Argument:325 - Argument : Instancevalue: DMA1_Channel3
2024-12-09 09:41:48,392 [INFO] Argument:335 - Argument : Instancevalue: DMA1_Channel3
2024-12-09 09:41:48,394 [INFO] Argument:325 - Argument : Initvalue: null
2024-12-09 09:41:48,394 [INFO] Argument:327 - 	 sub Args: 
2024-12-09 09:41:48,394 [INFO] Argument:325 - Argument : Requestvalue: DMA_REQUEST_1
2024-12-09 09:41:48,394 [INFO] Argument:335 - Argument : Requestvalue: DMA_REQUEST_1
2024-12-09 09:41:48,394 [INFO] Argument:325 - Argument : Directionvalue: DMA_MEMORY_TO_PERIPH
2024-12-09 09:41:48,394 [INFO] Argument:335 - Argument : Directionvalue: DMA_MEMORY_TO_PERIPH
2024-12-09 09:41:48,394 [INFO] Argument:325 - Argument : PeriphIncvalue: DMA_PINC_DISABLE
2024-12-09 09:41:48,394 [INFO] Argument:335 - Argument : PeriphIncvalue: DMA_PINC_DISABLE
2024-12-09 09:41:48,394 [INFO] Argument:325 - Argument : MemIncvalue: DMA_MINC_ENABLE
2024-12-09 09:41:48,394 [INFO] Argument:335 - Argument : MemIncvalue: DMA_MINC_ENABLE
2024-12-09 09:41:48,394 [INFO] Argument:325 - Argument : PeriphDataAlignmentvalue: DMA_PDATAALIGN_BYTE
2024-12-09 09:41:48,394 [INFO] Argument:335 - Argument : PeriphDataAlignmentvalue: DMA_PDATAALIGN_BYTE
2024-12-09 09:41:48,394 [INFO] Argument:325 - Argument : MemDataAlignmentvalue: DMA_MDATAALIGN_BYTE
2024-12-09 09:41:48,394 [INFO] Argument:335 - Argument : MemDataAlignmentvalue: DMA_MDATAALIGN_BYTE
2024-12-09 09:41:48,394 [INFO] Argument:325 - Argument : Modevalue: DMA_NORMAL
2024-12-09 09:41:48,394 [INFO] Argument:335 - Argument : Modevalue: DMA_NORMAL
2024-12-09 09:41:48,394 [INFO] Argument:325 - Argument : Priorityvalue: DMA_PRIORITY_LOW
2024-12-09 09:41:48,394 [INFO] Argument:335 - Argument : Priorityvalue: DMA_PRIORITY_LOW
2024-12-09 09:41:48,394 [INFO] Argument:325 - Argument : Lockvalue: null
2024-12-09 09:41:48,394 [INFO] Argument:335 - Argument : Lockvalue: null
2024-12-09 09:41:48,394 [INFO] Argument:325 - Argument : Statevalue: null
2024-12-09 09:41:48,394 [INFO] Argument:335 - Argument : Statevalue: null
2024-12-09 09:41:48,394 [INFO] Argument:325 - Argument : Parentvalue: null
2024-12-09 09:41:48,394 [INFO] Argument:335 - Argument : Parentvalue: null
2024-12-09 09:41:48,394 [INFO] Argument:325 - Argument : XferCpltCallbackvalue: null
2024-12-09 09:41:48,394 [INFO] Argument:335 - Argument : XferCpltCallbackvalue: null
2024-12-09 09:41:48,394 [INFO] Argument:325 - Argument : XferHalfCpltCallbackvalue: null
2024-12-09 09:41:48,394 [INFO] Argument:335 - Argument : XferHalfCpltCallbackvalue: null
2024-12-09 09:41:48,394 [INFO] Argument:325 - Argument : XferErrorCallbackvalue: null
2024-12-09 09:41:48,394 [INFO] Argument:335 - Argument : XferErrorCallbackvalue: null
2024-12-09 09:41:48,394 [INFO] Argument:325 - Argument : XferAbortCallbackvalue: null
2024-12-09 09:41:48,394 [INFO] Argument:335 - Argument : XferAbortCallbackvalue: null
2024-12-09 09:41:48,395 [INFO] Argument:325 - Argument : ErrorCodevalue: null
2024-12-09 09:41:48,395 [INFO] Argument:335 - Argument : ErrorCodevalue: null
2024-12-09 09:41:48,395 [INFO] Argument:325 - Argument : DmaBaseAddressvalue: null
2024-12-09 09:41:48,395 [INFO] Argument:335 - Argument : DmaBaseAddressvalue: null
2024-12-09 09:41:48,395 [INFO] Argument:325 - Argument : ChannelIndexvalue: null
2024-12-09 09:41:48,395 [INFO] Argument:335 - Argument : ChannelIndexvalue: null
2024-12-09 09:41:48,395 [INFO] Argument:325 - Argument : hdmavalue: null
2024-12-09 09:41:48,395 [INFO] Argument:327 - 	 sub Args: 
2024-12-09 09:41:48,395 [INFO] Argument:325 - Argument : Instancevalue: DMA1_Channel3
2024-12-09 09:41:48,395 [INFO] Argument:335 - Argument : Instancevalue: DMA1_Channel3
2024-12-09 09:41:48,395 [INFO] Argument:325 - Argument : Initvalue: null
2024-12-09 09:41:48,395 [INFO] Argument:327 - 	 sub Args: 
2024-12-09 09:41:48,395 [INFO] Argument:325 - Argument : Requestvalue: DMA_REQUEST_1
2024-12-09 09:41:48,395 [INFO] Argument:335 - Argument : Requestvalue: DMA_REQUEST_1
2024-12-09 09:41:48,395 [INFO] Argument:325 - Argument : Directionvalue: DMA_MEMORY_TO_PERIPH
2024-12-09 09:41:48,395 [INFO] Argument:335 - Argument : Directionvalue: DMA_MEMORY_TO_PERIPH
2024-12-09 09:41:48,395 [INFO] Argument:325 - Argument : PeriphIncvalue: DMA_PINC_DISABLE
2024-12-09 09:41:48,395 [INFO] Argument:335 - Argument : PeriphIncvalue: DMA_PINC_DISABLE
2024-12-09 09:41:48,395 [INFO] Argument:325 - Argument : MemIncvalue: DMA_MINC_ENABLE
2024-12-09 09:41:48,395 [INFO] Argument:335 - Argument : MemIncvalue: DMA_MINC_ENABLE
2024-12-09 09:41:48,395 [INFO] Argument:325 - Argument : PeriphDataAlignmentvalue: DMA_PDATAALIGN_BYTE
2024-12-09 09:41:48,395 [INFO] Argument:335 - Argument : PeriphDataAlignmentvalue: DMA_PDATAALIGN_BYTE
2024-12-09 09:41:48,395 [INFO] Argument:325 - Argument : MemDataAlignmentvalue: DMA_MDATAALIGN_BYTE
2024-12-09 09:41:48,395 [INFO] Argument:335 - Argument : MemDataAlignmentvalue: DMA_MDATAALIGN_BYTE
2024-12-09 09:41:48,395 [INFO] Argument:325 - Argument : Modevalue: DMA_NORMAL
2024-12-09 09:41:48,395 [INFO] Argument:335 - Argument : Modevalue: DMA_NORMAL
2024-12-09 09:41:48,395 [INFO] Argument:325 - Argument : Priorityvalue: DMA_PRIORITY_LOW
2024-12-09 09:41:48,395 [INFO] Argument:335 - Argument : Priorityvalue: DMA_PRIORITY_LOW
2024-12-09 09:41:48,395 [INFO] Argument:325 - Argument : Lockvalue: null
2024-12-09 09:41:48,395 [INFO] Argument:335 - Argument : Lockvalue: null
2024-12-09 09:41:48,395 [INFO] Argument:325 - Argument : Statevalue: null
2024-12-09 09:41:48,395 [INFO] Argument:335 - Argument : Statevalue: null
2024-12-09 09:41:48,395 [INFO] Argument:325 - Argument : Parentvalue: null
2024-12-09 09:41:48,395 [INFO] Argument:335 - Argument : Parentvalue: null
2024-12-09 09:41:48,395 [INFO] Argument:325 - Argument : XferCpltCallbackvalue: null
2024-12-09 09:41:48,395 [INFO] Argument:335 - Argument : XferCpltCallbackvalue: null
2024-12-09 09:41:48,395 [INFO] Argument:325 - Argument : XferHalfCpltCallbackvalue: null
2024-12-09 09:41:48,395 [INFO] Argument:335 - Argument : XferHalfCpltCallbackvalue: null
2024-12-09 09:41:48,395 [INFO] Argument:325 - Argument : XferErrorCallbackvalue: null
2024-12-09 09:41:48,395 [INFO] Argument:335 - Argument : XferErrorCallbackvalue: null
2024-12-09 09:41:48,395 [INFO] Argument:325 - Argument : XferAbortCallbackvalue: null
2024-12-09 09:41:48,395 [INFO] Argument:335 - Argument : XferAbortCallbackvalue: null
2024-12-09 09:41:48,395 [INFO] Argument:325 - Argument : ErrorCodevalue: null
2024-12-09 09:41:48,395 [INFO] Argument:335 - Argument : ErrorCodevalue: null
2024-12-09 09:41:48,395 [INFO] Argument:325 - Argument : DmaBaseAddressvalue: null
2024-12-09 09:41:48,395 [INFO] Argument:335 - Argument : DmaBaseAddressvalue: null
2024-12-09 09:41:48,396 [INFO] Argument:325 - Argument : ChannelIndexvalue: null
2024-12-09 09:41:48,396 [INFO] Argument:335 - Argument : ChannelIndexvalue: null
2024-12-09 09:41:48,396 [INFO] Argument:325 - Argument : pSyncConfigvalue: null
2024-12-09 09:41:48,396 [INFO] Argument:327 - 	 sub Args: 
2024-12-09 09:41:48,396 [INFO] Argument:325 - Argument : SyncSignalIDvalue: null
2024-12-09 09:41:48,396 [INFO] Argument:335 - Argument : SyncSignalIDvalue: null
2024-12-09 09:41:48,396 [INFO] Argument:325 - Argument : SyncPolarityvalue: null
2024-12-09 09:41:48,396 [INFO] Argument:335 - Argument : SyncPolarityvalue: null
2024-12-09 09:41:48,396 [INFO] Argument:325 - Argument : SyncEnablevalue: null
2024-12-09 09:41:48,396 [INFO] Argument:335 - Argument : SyncEnablevalue: null
2024-12-09 09:41:48,396 [INFO] Argument:325 - Argument : EventEnablevalue: null
2024-12-09 09:41:48,396 [INFO] Argument:335 - Argument : EventEnablevalue: null
2024-12-09 09:41:48,396 [INFO] Argument:325 - Argument : RequestNumbervalue: null
2024-12-09 09:41:48,396 [INFO] Argument:335 - Argument : RequestNumbervalue: null
2024-12-09 09:41:48,398 [INFO] Argument:325 - Argument : hdmavalue: null
2024-12-09 09:41:48,399 [INFO] Argument:327 - 	 sub Args: 
2024-12-09 09:41:48,399 [INFO] Argument:325 - Argument : Instancevalue: DMA1_Channel5
2024-12-09 09:41:48,399 [INFO] Argument:335 - Argument : Instancevalue: DMA1_Channel5
2024-12-09 09:41:48,399 [INFO] Argument:325 - Argument : Initvalue: null
2024-12-09 09:41:48,399 [INFO] Argument:327 - 	 sub Args: 
2024-12-09 09:41:48,399 [INFO] Argument:325 - Argument : Requestvalue: DMA_REQUEST_2
2024-12-09 09:41:48,399 [INFO] Argument:335 - Argument : Requestvalue: DMA_REQUEST_2
2024-12-09 09:41:48,399 [INFO] Argument:325 - Argument : Directionvalue: DMA_PERIPH_TO_MEMORY
2024-12-09 09:41:48,399 [INFO] Argument:335 - Argument : Directionvalue: DMA_PERIPH_TO_MEMORY
2024-12-09 09:41:48,399 [INFO] Argument:325 - Argument : PeriphIncvalue: DMA_PINC_DISABLE
2024-12-09 09:41:48,399 [INFO] Argument:335 - Argument : PeriphIncvalue: DMA_PINC_DISABLE
2024-12-09 09:41:48,399 [INFO] Argument:325 - Argument : MemIncvalue: DMA_MINC_ENABLE
2024-12-09 09:41:48,399 [INFO] Argument:335 - Argument : MemIncvalue: DMA_MINC_ENABLE
2024-12-09 09:41:48,399 [INFO] Argument:325 - Argument : PeriphDataAlignmentvalue: DMA_PDATAALIGN_BYTE
2024-12-09 09:41:48,399 [INFO] Argument:335 - Argument : PeriphDataAlignmentvalue: DMA_PDATAALIGN_BYTE
2024-12-09 09:41:48,399 [INFO] Argument:325 - Argument : MemDataAlignmentvalue: DMA_MDATAALIGN_BYTE
2024-12-09 09:41:48,399 [INFO] Argument:335 - Argument : MemDataAlignmentvalue: DMA_MDATAALIGN_BYTE
2024-12-09 09:41:48,400 [INFO] Argument:325 - Argument : Modevalue: DMA_NORMAL
2024-12-09 09:41:48,400 [INFO] Argument:335 - Argument : Modevalue: DMA_NORMAL
2024-12-09 09:41:48,400 [INFO] Argument:325 - Argument : Priorityvalue: DMA_PRIORITY_LOW
2024-12-09 09:41:48,400 [INFO] Argument:335 - Argument : Priorityvalue: DMA_PRIORITY_LOW
2024-12-09 09:41:48,400 [INFO] Argument:325 - Argument : Lockvalue: null
2024-12-09 09:41:48,400 [INFO] Argument:335 - Argument : Lockvalue: null
2024-12-09 09:41:48,400 [INFO] Argument:325 - Argument : Statevalue: null
2024-12-09 09:41:48,400 [INFO] Argument:335 - Argument : Statevalue: null
2024-12-09 09:41:48,400 [INFO] Argument:325 - Argument : Parentvalue: null
2024-12-09 09:41:48,400 [INFO] Argument:335 - Argument : Parentvalue: null
2024-12-09 09:41:48,400 [INFO] Argument:325 - Argument : XferCpltCallbackvalue: null
2024-12-09 09:41:48,400 [INFO] Argument:335 - Argument : XferCpltCallbackvalue: null
2024-12-09 09:41:48,400 [INFO] Argument:325 - Argument : XferHalfCpltCallbackvalue: null
2024-12-09 09:41:48,400 [INFO] Argument:335 - Argument : XferHalfCpltCallbackvalue: null
2024-12-09 09:41:48,400 [INFO] Argument:325 - Argument : XferErrorCallbackvalue: null
2024-12-09 09:41:48,400 [INFO] Argument:335 - Argument : XferErrorCallbackvalue: null
2024-12-09 09:41:48,400 [INFO] Argument:325 - Argument : XferAbortCallbackvalue: null
2024-12-09 09:41:48,400 [INFO] Argument:335 - Argument : XferAbortCallbackvalue: null
2024-12-09 09:41:48,400 [INFO] Argument:325 - Argument : ErrorCodevalue: null
2024-12-09 09:41:48,400 [INFO] Argument:335 - Argument : ErrorCodevalue: null
2024-12-09 09:41:48,400 [INFO] Argument:325 - Argument : DmaBaseAddressvalue: null
2024-12-09 09:41:48,400 [INFO] Argument:335 - Argument : DmaBaseAddressvalue: null
2024-12-09 09:41:48,400 [INFO] Argument:325 - Argument : ChannelIndexvalue: null
2024-12-09 09:41:48,400 [INFO] Argument:335 - Argument : ChannelIndexvalue: null
2024-12-09 09:41:48,400 [INFO] Argument:325 - Argument : hdmavalue: null
2024-12-09 09:41:48,400 [INFO] Argument:327 - 	 sub Args: 
2024-12-09 09:41:48,400 [INFO] Argument:325 - Argument : Instancevalue: DMA1_Channel5
2024-12-09 09:41:48,400 [INFO] Argument:335 - Argument : Instancevalue: DMA1_Channel5
2024-12-09 09:41:48,400 [INFO] Argument:325 - Argument : Initvalue: null
2024-12-09 09:41:48,400 [INFO] Argument:327 - 	 sub Args: 
2024-12-09 09:41:48,400 [INFO] Argument:325 - Argument : Requestvalue: DMA_REQUEST_2
2024-12-09 09:41:48,400 [INFO] Argument:335 - Argument : Requestvalue: DMA_REQUEST_2
2024-12-09 09:41:48,400 [INFO] Argument:325 - Argument : Directionvalue: DMA_PERIPH_TO_MEMORY
2024-12-09 09:41:48,400 [INFO] Argument:335 - Argument : Directionvalue: DMA_PERIPH_TO_MEMORY
2024-12-09 09:41:48,400 [INFO] Argument:325 - Argument : PeriphIncvalue: DMA_PINC_DISABLE
2024-12-09 09:41:48,400 [INFO] Argument:335 - Argument : PeriphIncvalue: DMA_PINC_DISABLE
2024-12-09 09:41:48,400 [INFO] Argument:325 - Argument : MemIncvalue: DMA_MINC_ENABLE
2024-12-09 09:41:48,400 [INFO] Argument:335 - Argument : MemIncvalue: DMA_MINC_ENABLE
2024-12-09 09:41:48,400 [INFO] Argument:325 - Argument : PeriphDataAlignmentvalue: DMA_PDATAALIGN_BYTE
2024-12-09 09:41:48,400 [INFO] Argument:335 - Argument : PeriphDataAlignmentvalue: DMA_PDATAALIGN_BYTE
2024-12-09 09:41:48,400 [INFO] Argument:325 - Argument : MemDataAlignmentvalue: DMA_MDATAALIGN_BYTE
2024-12-09 09:41:48,400 [INFO] Argument:335 - Argument : MemDataAlignmentvalue: DMA_MDATAALIGN_BYTE
2024-12-09 09:41:48,401 [INFO] Argument:325 - Argument : Modevalue: DMA_NORMAL
2024-12-09 09:41:48,401 [INFO] Argument:335 - Argument : Modevalue: DMA_NORMAL
2024-12-09 09:41:48,401 [INFO] Argument:325 - Argument : Priorityvalue: DMA_PRIORITY_LOW
2024-12-09 09:41:48,401 [INFO] Argument:335 - Argument : Priorityvalue: DMA_PRIORITY_LOW
2024-12-09 09:41:48,401 [INFO] Argument:325 - Argument : Lockvalue: null
2024-12-09 09:41:48,401 [INFO] Argument:335 - Argument : Lockvalue: null
2024-12-09 09:41:48,401 [INFO] Argument:325 - Argument : Statevalue: null
2024-12-09 09:41:48,401 [INFO] Argument:335 - Argument : Statevalue: null
2024-12-09 09:41:48,401 [INFO] Argument:325 - Argument : Parentvalue: null
2024-12-09 09:41:48,401 [INFO] Argument:335 - Argument : Parentvalue: null
2024-12-09 09:41:48,401 [INFO] Argument:325 - Argument : XferCpltCallbackvalue: null
2024-12-09 09:41:48,401 [INFO] Argument:335 - Argument : XferCpltCallbackvalue: null
2024-12-09 09:41:48,401 [INFO] Argument:325 - Argument : XferHalfCpltCallbackvalue: null
2024-12-09 09:41:48,401 [INFO] Argument:335 - Argument : XferHalfCpltCallbackvalue: null
2024-12-09 09:41:48,401 [INFO] Argument:325 - Argument : XferErrorCallbackvalue: null
2024-12-09 09:41:48,401 [INFO] Argument:335 - Argument : XferErrorCallbackvalue: null
2024-12-09 09:41:48,401 [INFO] Argument:325 - Argument : XferAbortCallbackvalue: null
2024-12-09 09:41:48,401 [INFO] Argument:335 - Argument : XferAbortCallbackvalue: null
2024-12-09 09:41:48,401 [INFO] Argument:325 - Argument : ErrorCodevalue: null
2024-12-09 09:41:48,401 [INFO] Argument:335 - Argument : ErrorCodevalue: null
2024-12-09 09:41:48,401 [INFO] Argument:325 - Argument : DmaBaseAddressvalue: null
2024-12-09 09:41:48,401 [INFO] Argument:335 - Argument : DmaBaseAddressvalue: null
2024-12-09 09:41:48,401 [INFO] Argument:325 - Argument : ChannelIndexvalue: null
2024-12-09 09:41:48,401 [INFO] Argument:335 - Argument : ChannelIndexvalue: null
2024-12-09 09:41:48,401 [INFO] Argument:325 - Argument : pSyncConfigvalue: null
2024-12-09 09:41:48,401 [INFO] Argument:327 - 	 sub Args: 
2024-12-09 09:41:48,401 [INFO] Argument:325 - Argument : SyncSignalIDvalue: null
2024-12-09 09:41:48,401 [INFO] Argument:335 - Argument : SyncSignalIDvalue: null
2024-12-09 09:41:48,401 [INFO] Argument:325 - Argument : SyncPolarityvalue: null
2024-12-09 09:41:48,401 [INFO] Argument:335 - Argument : SyncPolarityvalue: null
2024-12-09 09:41:48,401 [INFO] Argument:325 - Argument : SyncEnablevalue: null
2024-12-09 09:41:48,401 [INFO] Argument:335 - Argument : SyncEnablevalue: null
2024-12-09 09:41:48,401 [INFO] Argument:325 - Argument : EventEnablevalue: null
2024-12-09 09:41:48,401 [INFO] Argument:335 - Argument : EventEnablevalue: null
2024-12-09 09:41:48,401 [INFO] Argument:325 - Argument : RequestNumbervalue: null
2024-12-09 09:41:48,401 [INFO] Argument:335 - Argument : RequestNumbervalue: null
2024-12-09 09:41:48,402 [INFO] Argument:325 - Argument : hdmavalue: null
2024-12-09 09:41:48,402 [INFO] Argument:327 - 	 sub Args: 
2024-12-09 09:41:48,402 [INFO] Argument:325 - Argument : Instancevalue: DMA1_Channel4
2024-12-09 09:41:48,402 [INFO] Argument:335 - Argument : Instancevalue: DMA1_Channel4
2024-12-09 09:41:48,402 [INFO] Argument:325 - Argument : Initvalue: null
2024-12-09 09:41:48,402 [INFO] Argument:327 - 	 sub Args: 
2024-12-09 09:41:48,402 [INFO] Argument:325 - Argument : Requestvalue: DMA_REQUEST_2
2024-12-09 09:41:48,402 [INFO] Argument:335 - Argument : Requestvalue: DMA_REQUEST_2
2024-12-09 09:41:48,402 [INFO] Argument:325 - Argument : Directionvalue: DMA_MEMORY_TO_PERIPH
2024-12-09 09:41:48,402 [INFO] Argument:335 - Argument : Directionvalue: DMA_MEMORY_TO_PERIPH
2024-12-09 09:41:48,402 [INFO] Argument:325 - Argument : PeriphIncvalue: DMA_PINC_DISABLE
2024-12-09 09:41:48,402 [INFO] Argument:335 - Argument : PeriphIncvalue: DMA_PINC_DISABLE
2024-12-09 09:41:48,402 [INFO] Argument:325 - Argument : MemIncvalue: DMA_MINC_ENABLE
2024-12-09 09:41:48,402 [INFO] Argument:335 - Argument : MemIncvalue: DMA_MINC_ENABLE
2024-12-09 09:41:48,402 [INFO] Argument:325 - Argument : PeriphDataAlignmentvalue: DMA_PDATAALIGN_BYTE
2024-12-09 09:41:48,402 [INFO] Argument:335 - Argument : PeriphDataAlignmentvalue: DMA_PDATAALIGN_BYTE
2024-12-09 09:41:48,402 [INFO] Argument:325 - Argument : MemDataAlignmentvalue: DMA_MDATAALIGN_BYTE
2024-12-09 09:41:48,402 [INFO] Argument:335 - Argument : MemDataAlignmentvalue: DMA_MDATAALIGN_BYTE
2024-12-09 09:41:48,402 [INFO] Argument:325 - Argument : Modevalue: DMA_NORMAL
2024-12-09 09:41:48,402 [INFO] Argument:335 - Argument : Modevalue: DMA_NORMAL
2024-12-09 09:41:48,403 [INFO] Argument:325 - Argument : Priorityvalue: DMA_PRIORITY_LOW
2024-12-09 09:41:48,403 [INFO] Argument:335 - Argument : Priorityvalue: DMA_PRIORITY_LOW
2024-12-09 09:41:48,403 [INFO] Argument:325 - Argument : Lockvalue: null
2024-12-09 09:41:48,403 [INFO] Argument:335 - Argument : Lockvalue: null
2024-12-09 09:41:48,403 [INFO] Argument:325 - Argument : Statevalue: null
2024-12-09 09:41:48,403 [INFO] Argument:335 - Argument : Statevalue: null
2024-12-09 09:41:48,403 [INFO] Argument:325 - Argument : Parentvalue: null
2024-12-09 09:41:48,403 [INFO] Argument:335 - Argument : Parentvalue: null
2024-12-09 09:41:48,403 [INFO] Argument:325 - Argument : XferCpltCallbackvalue: null
2024-12-09 09:41:48,403 [INFO] Argument:335 - Argument : XferCpltCallbackvalue: null
2024-12-09 09:41:48,403 [INFO] Argument:325 - Argument : XferHalfCpltCallbackvalue: null
2024-12-09 09:41:48,403 [INFO] Argument:335 - Argument : XferHalfCpltCallbackvalue: null
2024-12-09 09:41:48,403 [INFO] Argument:325 - Argument : XferErrorCallbackvalue: null
2024-12-09 09:41:48,403 [INFO] Argument:335 - Argument : XferErrorCallbackvalue: null
2024-12-09 09:41:48,403 [INFO] Argument:325 - Argument : XferAbortCallbackvalue: null
2024-12-09 09:41:48,403 [INFO] Argument:335 - Argument : XferAbortCallbackvalue: null
2024-12-09 09:41:48,403 [INFO] Argument:325 - Argument : ErrorCodevalue: null
2024-12-09 09:41:48,403 [INFO] Argument:335 - Argument : ErrorCodevalue: null
2024-12-09 09:41:48,403 [INFO] Argument:325 - Argument : DmaBaseAddressvalue: null
2024-12-09 09:41:48,403 [INFO] Argument:335 - Argument : DmaBaseAddressvalue: null
2024-12-09 09:41:48,403 [INFO] Argument:325 - Argument : ChannelIndexvalue: null
2024-12-09 09:41:48,403 [INFO] Argument:335 - Argument : ChannelIndexvalue: null
2024-12-09 09:41:48,404 [INFO] Argument:325 - Argument : hdmavalue: null
2024-12-09 09:41:48,404 [INFO] Argument:327 - 	 sub Args: 
2024-12-09 09:41:48,404 [INFO] Argument:325 - Argument : Instancevalue: DMA1_Channel4
2024-12-09 09:41:48,404 [INFO] Argument:335 - Argument : Instancevalue: DMA1_Channel4
2024-12-09 09:41:48,404 [INFO] Argument:325 - Argument : Initvalue: null
2024-12-09 09:41:48,404 [INFO] Argument:327 - 	 sub Args: 
2024-12-09 09:41:48,404 [INFO] Argument:325 - Argument : Requestvalue: DMA_REQUEST_2
2024-12-09 09:41:48,404 [INFO] Argument:335 - Argument : Requestvalue: DMA_REQUEST_2
2024-12-09 09:41:48,404 [INFO] Argument:325 - Argument : Directionvalue: DMA_MEMORY_TO_PERIPH
2024-12-09 09:41:48,404 [INFO] Argument:335 - Argument : Directionvalue: DMA_MEMORY_TO_PERIPH
2024-12-09 09:41:48,404 [INFO] Argument:325 - Argument : PeriphIncvalue: DMA_PINC_DISABLE
2024-12-09 09:41:48,404 [INFO] Argument:335 - Argument : PeriphIncvalue: DMA_PINC_DISABLE
2024-12-09 09:41:48,404 [INFO] Argument:325 - Argument : MemIncvalue: DMA_MINC_ENABLE
2024-12-09 09:41:48,404 [INFO] Argument:335 - Argument : MemIncvalue: DMA_MINC_ENABLE
2024-12-09 09:41:48,404 [INFO] Argument:325 - Argument : PeriphDataAlignmentvalue: DMA_PDATAALIGN_BYTE
2024-12-09 09:41:48,404 [INFO] Argument:335 - Argument : PeriphDataAlignmentvalue: DMA_PDATAALIGN_BYTE
2024-12-09 09:41:48,404 [INFO] Argument:325 - Argument : MemDataAlignmentvalue: DMA_MDATAALIGN_BYTE
2024-12-09 09:41:48,404 [INFO] Argument:335 - Argument : MemDataAlignmentvalue: DMA_MDATAALIGN_BYTE
2024-12-09 09:41:48,404 [INFO] Argument:325 - Argument : Modevalue: DMA_NORMAL
2024-12-09 09:41:48,404 [INFO] Argument:335 - Argument : Modevalue: DMA_NORMAL
2024-12-09 09:41:48,404 [INFO] Argument:325 - Argument : Priorityvalue: DMA_PRIORITY_LOW
2024-12-09 09:41:48,404 [INFO] Argument:335 - Argument : Priorityvalue: DMA_PRIORITY_LOW
2024-12-09 09:41:48,404 [INFO] Argument:325 - Argument : Lockvalue: null
2024-12-09 09:41:48,404 [INFO] Argument:335 - Argument : Lockvalue: null
2024-12-09 09:41:48,404 [INFO] Argument:325 - Argument : Statevalue: null
2024-12-09 09:41:48,404 [INFO] Argument:335 - Argument : Statevalue: null
2024-12-09 09:41:48,404 [INFO] Argument:325 - Argument : Parentvalue: null
2024-12-09 09:41:48,404 [INFO] Argument:335 - Argument : Parentvalue: null
2024-12-09 09:41:48,404 [INFO] Argument:325 - Argument : XferCpltCallbackvalue: null
2024-12-09 09:41:48,404 [INFO] Argument:335 - Argument : XferCpltCallbackvalue: null
2024-12-09 09:41:48,404 [INFO] Argument:325 - Argument : XferHalfCpltCallbackvalue: null
2024-12-09 09:41:48,404 [INFO] Argument:335 - Argument : XferHalfCpltCallbackvalue: null
2024-12-09 09:41:48,404 [INFO] Argument:325 - Argument : XferErrorCallbackvalue: null
2024-12-09 09:41:48,404 [INFO] Argument:335 - Argument : XferErrorCallbackvalue: null
2024-12-09 09:41:48,404 [INFO] Argument:325 - Argument : XferAbortCallbackvalue: null
2024-12-09 09:41:48,404 [INFO] Argument:335 - Argument : XferAbortCallbackvalue: null
2024-12-09 09:41:48,404 [INFO] Argument:325 - Argument : ErrorCodevalue: null
2024-12-09 09:41:48,404 [INFO] Argument:335 - Argument : ErrorCodevalue: null
2024-12-09 09:41:48,404 [INFO] Argument:325 - Argument : DmaBaseAddressvalue: null
2024-12-09 09:41:48,404 [INFO] Argument:335 - Argument : DmaBaseAddressvalue: null
2024-12-09 09:41:48,404 [INFO] Argument:325 - Argument : ChannelIndexvalue: null
2024-12-09 09:41:48,404 [INFO] Argument:335 - Argument : ChannelIndexvalue: null
2024-12-09 09:41:48,404 [INFO] Argument:325 - Argument : pSyncConfigvalue: null
2024-12-09 09:41:48,404 [INFO] Argument:327 - 	 sub Args: 
2024-12-09 09:41:48,404 [INFO] Argument:325 - Argument : SyncSignalIDvalue: null
2024-12-09 09:41:48,404 [INFO] Argument:335 - Argument : SyncSignalIDvalue: null
2024-12-09 09:41:48,404 [INFO] Argument:325 - Argument : SyncPolarityvalue: null
2024-12-09 09:41:48,404 [INFO] Argument:335 - Argument : SyncPolarityvalue: null
2024-12-09 09:41:48,404 [INFO] Argument:325 - Argument : SyncEnablevalue: null
2024-12-09 09:41:48,404 [INFO] Argument:335 - Argument : SyncEnablevalue: null
2024-12-09 09:41:48,404 [INFO] Argument:325 - Argument : EventEnablevalue: null
2024-12-09 09:41:48,404 [INFO] Argument:335 - Argument : EventEnablevalue: null
2024-12-09 09:41:48,404 [INFO] Argument:325 - Argument : RequestNumbervalue: null
2024-12-09 09:41:48,404 [INFO] Argument:335 - Argument : RequestNumbervalue: null
2024-12-09 09:41:48,465 [INFO] CodeEngine:255 - oldGeneratedFile, C:\Users\ZOJOLDRI\STM32CubeIDE\workspace_InProgress\ADIN1110\MXTmpFiles\license.tmp_save
2024-12-09 09:41:48,536 [INFO] CodeEngine:279 - Generated code: C:\Users\ZOJOLDRI\STM32CubeIDE\workspace_InProgress\ADIN1110\MXTmpFiles\license.tmp
2024-12-09 09:41:48,581 [INFO] CodeEngine:255 - oldGeneratedFile, C:\Users\ZOJOLDRI\STM32CubeIDE\workspace_InProgress\ADIN1110\Core\Src\gpio.c_save
2024-12-09 09:41:48,657 [INFO] CodeEngine:279 - Generated code: C:\Users\ZOJOLDRI\STM32CubeIDE\workspace_InProgress\ADIN1110\Core\Src\gpio.c
2024-12-09 09:41:48,669 [INFO] CodeEngine:255 - oldGeneratedFile, C:\Users\ZOJOLDRI\STM32CubeIDE\workspace_InProgress\ADIN1110\Core\Inc\gpio.h_save
2024-12-09 09:41:48,716 [INFO] CodeEngine:279 - Generated code: C:\Users\ZOJOLDRI\STM32CubeIDE\workspace_InProgress\ADIN1110\Core\Inc\gpio.h
2024-12-09 09:41:49,069 [INFO] CodeEngine:255 - oldGeneratedFile, C:\Users\ZOJOLDRI\STM32CubeIDE\workspace_InProgress\ADIN1110\Core\Src\dma.c_save
2024-12-09 09:41:49,111 [INFO] CodeEngine:279 - Generated code: C:\Users\ZOJOLDRI\STM32CubeIDE\workspace_InProgress\ADIN1110\Core\Src\dma.c
2024-12-09 09:41:49,116 [INFO] CodeEngine:255 - oldGeneratedFile, C:\Users\ZOJOLDRI\STM32CubeIDE\workspace_InProgress\ADIN1110\Core\Inc\dma.h_save
2024-12-09 09:41:49,150 [INFO] CodeEngine:279 - Generated code: C:\Users\ZOJOLDRI\STM32CubeIDE\workspace_InProgress\ADIN1110\Core\Inc\dma.h
2024-12-09 09:41:49,166 [INFO] CodeEngine:255 - oldGeneratedFile, C:\Users\ZOJOLDRI\STM32CubeIDE\workspace_InProgress\ADIN1110\Core\Src\spi.c_save
2024-12-09 09:41:49,222 [INFO] CodeEngine:279 - Generated code: C:\Users\ZOJOLDRI\STM32CubeIDE\workspace_InProgress\ADIN1110\Core\Src\spi.c
2024-12-09 09:41:49,228 [INFO] CodeEngine:255 - oldGeneratedFile, C:\Users\ZOJOLDRI\STM32CubeIDE\workspace_InProgress\ADIN1110\Core\Inc\spi.h_save
2024-12-09 09:41:49,264 [INFO] CodeEngine:279 - Generated code: C:\Users\ZOJOLDRI\STM32CubeIDE\workspace_InProgress\ADIN1110\Core\Inc\spi.h
2024-12-09 09:41:49,282 [INFO] CodeEngine:255 - oldGeneratedFile, C:\Users\ZOJOLDRI\STM32CubeIDE\workspace_InProgress\ADIN1110\Core\Src\usart.c_save
2024-12-09 09:41:49,350 [INFO] CodeEngine:279 - Generated code: C:\Users\ZOJOLDRI\STM32CubeIDE\workspace_InProgress\ADIN1110\Core\Src\usart.c
2024-12-09 09:41:49,353 [INFO] CodeEngine:255 - oldGeneratedFile, C:\Users\ZOJOLDRI\STM32CubeIDE\workspace_InProgress\ADIN1110\Core\Inc\usart.h_save
2024-12-09 09:41:49,387 [INFO] CodeEngine:279 - Generated code: C:\Users\ZOJOLDRI\STM32CubeIDE\workspace_InProgress\ADIN1110\Core\Inc\usart.h
2024-12-09 09:41:49,403 [INFO] CodeEngine:255 - oldGeneratedFile, C:\Users\ZOJOLDRI\STM32CubeIDE\workspace_InProgress\ADIN1110\Core\Src\stm32l4xx_it.c_save
2024-12-09 09:41:49,461 [INFO] CodeEngine:279 - Generated code: C:\Users\ZOJOLDRI\STM32CubeIDE\workspace_InProgress\ADIN1110\Core\Src\stm32l4xx_it.c
2024-12-09 09:41:49,465 [INFO] CodeEngine:255 - oldGeneratedFile, C:\Users\ZOJOLDRI\STM32CubeIDE\workspace_InProgress\ADIN1110\Core\Inc\stm32l4xx_it.h_save
2024-12-09 09:41:49,498 [INFO] CodeEngine:279 - Generated code: C:\Users\ZOJOLDRI\STM32CubeIDE\workspace_InProgress\ADIN1110\Core\Inc\stm32l4xx_it.h
2024-12-09 09:41:49,514 [INFO] CodeEngine:255 - oldGeneratedFile, C:\Users\ZOJOLDRI\STM32CubeIDE\workspace_InProgress\ADIN1110\Core\Src\stm32l4xx_hal_msp.c_save
2024-12-09 09:41:49,556 [INFO] CodeEngine:279 - Generated code: C:\Users\ZOJOLDRI\STM32CubeIDE\workspace_InProgress\ADIN1110\Core\Src\stm32l4xx_hal_msp.c
2024-12-09 09:41:49,560 [INFO] CodeEngine:255 - oldGeneratedFile, C:\Users\ZOJOLDRI\STM32CubeIDE\workspace_InProgress\ADIN1110\MXTmpFiles\system.tmp_save
2024-12-09 09:41:49,593 [INFO] CodeEngine:279 - Generated code: C:\Users\ZOJOLDRI\STM32CubeIDE\workspace_InProgress\ADIN1110\MXTmpFiles\system.tmp
2024-12-09 09:41:49,607 [INFO] CodeEngine:311 - oldGeneratedFile, C:\Users\ZOJOLDRI\STM32CubeIDE\workspace_InProgress\ADIN1110\Core\Inc\stm32l4xx_hal_conf.h_save
2024-12-09 09:41:49,663 [INFO] CodeEngine:335 - Generated code: C:\Users\ZOJOLDRI\STM32CubeIDE\workspace_InProgress\ADIN1110\Core\Inc\stm32l4xx_hal_conf.h
2024-12-09 09:41:49,692 [INFO] CodeEngine:255 - oldGeneratedFile, C:\Users\ZOJOLDRI\STM32CubeIDE\workspace_InProgress\ADIN1110\Core\Inc\main.h_save
2024-12-09 09:41:49,750 [INFO] CodeEngine:279 - Generated code: C:\Users\ZOJOLDRI\STM32CubeIDE\workspace_InProgress\ADIN1110\Core\Inc\main.h
2024-12-09 09:41:49,766 [INFO] CodeEngine:255 - oldGeneratedFile, C:\Users\ZOJOLDRI\STM32CubeIDE\workspace_InProgress\ADIN1110\Core\Src\main.c_save
2024-12-09 09:41:49,825 [INFO] CodeEngine:279 - Generated code: C:\Users\ZOJOLDRI\STM32CubeIDE\workspace_InProgress\ADIN1110\Core\Src\main.c
2024-12-09 09:41:50,086 [INFO] ProjectBuilder:3289 - Time for Copy HAL[1] : 130mS.
2024-12-09 09:41:50,089 [INFO] ProjectBuilder:4876 - Project Generator version: 4.5.0-RC5
2024-12-09 09:41:50,127 [INFO] ConfigFileManager:1579 - The Die is : DIE461
2024-12-09 09:41:50,681 [INFO] ProjectBuilder:5154 - Time for Generating toolchain IDE Files: 592mS.
2024-12-09 09:41:50,682 [INFO] ProjectBuilder:3146 - Time for Copy CMSIS : 1mS.
2024-12-09 09:41:50,685 [INFO] ProjectBuilder:3146 - Time for Copy CMSIS : 0mS.
2024-12-09 12:13:55,607 [INFO] NvicIntPanel:101 - NVIC parent = com.st.microxplorer.plugins.ip.nvic.MultiNvicIntPanel[,0,0,473x309,layout=javax.swing.BoxLayout,alignmentX=0.0,alignmentY=0.0,border=,flags=9,maximumSize=,minimumSize=,preferredSize=]
2024-12-09 12:20:30,309 [INFO] NvicIntPanel:101 - NVIC parent = com.st.microxplorer.plugins.ip.nvic.MultiNvicIntPanel[,0,0,473x309,layout=javax.swing.BoxLayout,alignmentX=0.0,alignmentY=0.0,border=,flags=9,maximumSize=,minimumSize=,preferredSize=]
2024-12-09 12:22:26,405 [INFO] Gpio:277 - dependency for GPIO [SPI1, USART3]
2024-12-09 12:25:12,062 [INFO] NvicIntPanel:101 - NVIC parent = com.st.microxplorer.plugins.ip.nvic.MultiNvicIntPanel[,0,0,473x309,layout=javax.swing.BoxLayout,alignmentX=0.0,alignmentY=0.0,border=,flags=9,maximumSize=,minimumSize=,preferredSize=]
2024-12-09 12:25:14,941 [INFO] NvicIntPanel:101 - NVIC parent = com.st.microxplorer.plugins.ip.nvic.MultiNvicIntPanel[,0,0,0x0,invalid,layout=javax.swing.BoxLayout,alignmentX=0.0,alignmentY=0.0,border=,flags=9,maximumSize=,minimumSize=,preferredSize=]
2024-12-09 12:25:15,789 [INFO] NvicIntPanel:101 - NVIC parent = com.st.microxplorer.plugins.ip.nvic.MultiNvicIntPanel[,0,0,0x0,invalid,layout=javax.swing.BoxLayout,alignmentX=0.0,alignmentY=0.0,border=,flags=9,maximumSize=,minimumSize=,preferredSize=]
2024-12-09 12:26:21,206 [INFO] UtilMem:75 - End SaveConfig() Used Memory: 635279632 Bytes (836763648)
2024-12-09 12:26:22,284 [INFO] UtilMem:75 - End SaveConfig() Used Memory: 736465168 Bytes (836763648)
2024-12-09 12:26:25,251 [INFO] UtilMem:75 - End SaveConfig() Used Memory: 438196112 Bytes (836763648)
2024-12-09 12:26:25,652 [INFO] BlockDiagram:2766 - set Specific Code input for plugin: SPI
2024-12-09 12:26:25,652 [INFO] BlockDiagram:2766 - set Specific Code input for plugin: SYS
2024-12-09 12:26:25,652 [INFO] BlockDiagram:2766 - set Specific Code input for plugin: RCC
2024-12-09 12:26:25,652 [INFO] BlockDiagram:2766 - set Specific Code input for plugin: NVIC
2024-12-09 12:26:25,652 [INFO] BlockDiagram:2766 - set Specific Code input for plugin: USART
2024-12-09 12:26:25,652 [INFO] BlockDiagram:2766 - set Specific Code input for plugin: DMA
2024-12-09 12:26:25,652 [INFO] BlockDiagram:2766 - set Specific Code input for plugin: GPIO
2024-12-09 12:26:25,653 [INFO] CodeGenerator:896 - code generatio: config db path: C:\ST\STM32CubeIDE_1.17.0\STM32CubeIDE\plugins\com.st.stm32cube.common.mx_6.13.0.202411220809\\db\
2024-12-09 12:26:25,661 [INFO] Argument:325 - Argument : hdmavalue: null
2024-12-09 12:26:25,661 [INFO] Argument:327 - 	 sub Args: 
2024-12-09 12:26:25,662 [INFO] Argument:325 - Argument : Instancevalue: DMA1_Channel2
2024-12-09 12:26:25,662 [INFO] Argument:335 - Argument : Instancevalue: DMA1_Channel2
2024-12-09 12:26:25,662 [INFO] Argument:325 - Argument : Initvalue: null
2024-12-09 12:26:25,662 [INFO] Argument:327 - 	 sub Args: 
2024-12-09 12:26:25,662 [INFO] Argument:325 - Argument : Requestvalue: DMA_REQUEST_1
2024-12-09 12:26:25,662 [INFO] Argument:335 - Argument : Requestvalue: DMA_REQUEST_1
2024-12-09 12:26:25,662 [INFO] Argument:325 - Argument : Directionvalue: DMA_PERIPH_TO_MEMORY
2024-12-09 12:26:25,662 [INFO] Argument:335 - Argument : Directionvalue: DMA_PERIPH_TO_MEMORY
2024-12-09 12:26:25,662 [INFO] Argument:325 - Argument : PeriphIncvalue: DMA_PINC_DISABLE
2024-12-09 12:26:25,662 [INFO] Argument:335 - Argument : PeriphIncvalue: DMA_PINC_DISABLE
2024-12-09 12:26:25,662 [INFO] Argument:325 - Argument : MemIncvalue: DMA_MINC_ENABLE
2024-12-09 12:26:25,662 [INFO] Argument:335 - Argument : MemIncvalue: DMA_MINC_ENABLE
2024-12-09 12:26:25,662 [INFO] Argument:325 - Argument : PeriphDataAlignmentvalue: DMA_PDATAALIGN_BYTE
2024-12-09 12:26:25,662 [INFO] Argument:335 - Argument : PeriphDataAlignmentvalue: DMA_PDATAALIGN_BYTE
2024-12-09 12:26:25,662 [INFO] Argument:325 - Argument : MemDataAlignmentvalue: DMA_MDATAALIGN_BYTE
2024-12-09 12:26:25,662 [INFO] Argument:335 - Argument : MemDataAlignmentvalue: DMA_MDATAALIGN_BYTE
2024-12-09 12:26:25,662 [INFO] Argument:325 - Argument : Modevalue: DMA_NORMAL
2024-12-09 12:26:25,662 [INFO] Argument:335 - Argument : Modevalue: DMA_NORMAL
2024-12-09 12:26:25,662 [INFO] Argument:325 - Argument : Priorityvalue: DMA_PRIORITY_LOW
2024-12-09 12:26:25,662 [INFO] Argument:335 - Argument : Priorityvalue: DMA_PRIORITY_LOW
2024-12-09 12:26:25,662 [INFO] Argument:325 - Argument : Lockvalue: null
2024-12-09 12:26:25,663 [INFO] Argument:335 - Argument : Lockvalue: null
2024-12-09 12:26:25,663 [INFO] Argument:325 - Argument : Statevalue: null
2024-12-09 12:26:25,663 [INFO] Argument:335 - Argument : Statevalue: null
2024-12-09 12:26:25,663 [INFO] Argument:325 - Argument : Parentvalue: null
2024-12-09 12:26:25,663 [INFO] Argument:335 - Argument : Parentvalue: null
2024-12-09 12:26:25,663 [INFO] Argument:325 - Argument : XferCpltCallbackvalue: null
2024-12-09 12:26:25,663 [INFO] Argument:335 - Argument : XferCpltCallbackvalue: null
2024-12-09 12:26:25,663 [INFO] Argument:325 - Argument : XferHalfCpltCallbackvalue: null
2024-12-09 12:26:25,663 [INFO] Argument:335 - Argument : XferHalfCpltCallbackvalue: null
2024-12-09 12:26:25,663 [INFO] Argument:325 - Argument : XferErrorCallbackvalue: null
2024-12-09 12:26:25,663 [INFO] Argument:335 - Argument : XferErrorCallbackvalue: null
2024-12-09 12:26:25,663 [INFO] Argument:325 - Argument : XferAbortCallbackvalue: null
2024-12-09 12:26:25,664 [INFO] Argument:335 - Argument : XferAbortCallbackvalue: null
2024-12-09 12:26:25,664 [INFO] Argument:325 - Argument : ErrorCodevalue: null
2024-12-09 12:26:25,664 [INFO] Argument:335 - Argument : ErrorCodevalue: null
2024-12-09 12:26:25,664 [INFO] Argument:325 - Argument : DmaBaseAddressvalue: null
2024-12-09 12:26:25,664 [INFO] Argument:335 - Argument : DmaBaseAddressvalue: null
2024-12-09 12:26:25,664 [INFO] Argument:325 - Argument : ChannelIndexvalue: null
2024-12-09 12:26:25,664 [INFO] Argument:335 - Argument : ChannelIndexvalue: null
2024-12-09 12:26:25,664 [INFO] Argument:325 - Argument : hdmavalue: null
2024-12-09 12:26:25,664 [INFO] Argument:327 - 	 sub Args: 
2024-12-09 12:26:25,664 [INFO] Argument:325 - Argument : Instancevalue: DMA1_Channel2
2024-12-09 12:26:25,664 [INFO] Argument:335 - Argument : Instancevalue: DMA1_Channel2
2024-12-09 12:26:25,664 [INFO] Argument:325 - Argument : Initvalue: null
2024-12-09 12:26:25,664 [INFO] Argument:327 - 	 sub Args: 
2024-12-09 12:26:25,664 [INFO] Argument:325 - Argument : Requestvalue: DMA_REQUEST_1
2024-12-09 12:26:25,664 [INFO] Argument:335 - Argument : Requestvalue: DMA_REQUEST_1
2024-12-09 12:26:25,664 [INFO] Argument:325 - Argument : Directionvalue: DMA_PERIPH_TO_MEMORY
2024-12-09 12:26:25,664 [INFO] Argument:335 - Argument : Directionvalue: DMA_PERIPH_TO_MEMORY
2024-12-09 12:26:25,664 [INFO] Argument:325 - Argument : PeriphIncvalue: DMA_PINC_DISABLE
2024-12-09 12:26:25,664 [INFO] Argument:335 - Argument : PeriphIncvalue: DMA_PINC_DISABLE
2024-12-09 12:26:25,664 [INFO] Argument:325 - Argument : MemIncvalue: DMA_MINC_ENABLE
2024-12-09 12:26:25,664 [INFO] Argument:335 - Argument : MemIncvalue: DMA_MINC_ENABLE
2024-12-09 12:26:25,665 [INFO] Argument:325 - Argument : PeriphDataAlignmentvalue: DMA_PDATAALIGN_BYTE
2024-12-09 12:26:25,665 [INFO] Argument:335 - Argument : PeriphDataAlignmentvalue: DMA_PDATAALIGN_BYTE
2024-12-09 12:26:25,665 [INFO] Argument:325 - Argument : MemDataAlignmentvalue: DMA_MDATAALIGN_BYTE
2024-12-09 12:26:25,665 [INFO] Argument:335 - Argument : MemDataAlignmentvalue: DMA_MDATAALIGN_BYTE
2024-12-09 12:26:25,665 [INFO] Argument:325 - Argument : Modevalue: DMA_NORMAL
2024-12-09 12:26:25,665 [INFO] Argument:335 - Argument : Modevalue: DMA_NORMAL
2024-12-09 12:26:25,665 [INFO] Argument:325 - Argument : Priorityvalue: DMA_PRIORITY_LOW
2024-12-09 12:26:25,665 [INFO] Argument:335 - Argument : Priorityvalue: DMA_PRIORITY_LOW
2024-12-09 12:26:25,665 [INFO] Argument:325 - Argument : Lockvalue: null
2024-12-09 12:26:25,665 [INFO] Argument:335 - Argument : Lockvalue: null
2024-12-09 12:26:25,665 [INFO] Argument:325 - Argument : Statevalue: null
2024-12-09 12:26:25,665 [INFO] Argument:335 - Argument : Statevalue: null
2024-12-09 12:26:25,665 [INFO] Argument:325 - Argument : Parentvalue: null
2024-12-09 12:26:25,665 [INFO] Argument:335 - Argument : Parentvalue: null
2024-12-09 12:26:25,665 [INFO] Argument:325 - Argument : XferCpltCallbackvalue: null
2024-12-09 12:26:25,665 [INFO] Argument:335 - Argument : XferCpltCallbackvalue: null
2024-12-09 12:26:25,665 [INFO] Argument:325 - Argument : XferHalfCpltCallbackvalue: null
2024-12-09 12:26:25,665 [INFO] Argument:335 - Argument : XferHalfCpltCallbackvalue: null
2024-12-09 12:26:25,665 [INFO] Argument:325 - Argument : XferErrorCallbackvalue: null
2024-12-09 12:26:25,665 [INFO] Argument:335 - Argument : XferErrorCallbackvalue: null
2024-12-09 12:26:25,665 [INFO] Argument:325 - Argument : XferAbortCallbackvalue: null
2024-12-09 12:26:25,666 [INFO] Argument:335 - Argument : XferAbortCallbackvalue: null
2024-12-09 12:26:25,666 [INFO] Argument:325 - Argument : ErrorCodevalue: null
2024-12-09 12:26:25,666 [INFO] Argument:335 - Argument : ErrorCodevalue: null
2024-12-09 12:26:25,666 [INFO] Argument:325 - Argument : DmaBaseAddressvalue: null
2024-12-09 12:26:25,666 [INFO] Argument:335 - Argument : DmaBaseAddressvalue: null
2024-12-09 12:26:25,666 [INFO] Argument:325 - Argument : ChannelIndexvalue: null
2024-12-09 12:26:25,666 [INFO] Argument:335 - Argument : ChannelIndexvalue: null
2024-12-09 12:26:25,666 [INFO] Argument:325 - Argument : pSyncConfigvalue: null
2024-12-09 12:26:25,666 [INFO] Argument:327 - 	 sub Args: 
2024-12-09 12:26:25,666 [INFO] Argument:325 - Argument : SyncSignalIDvalue: null
2024-12-09 12:26:25,666 [INFO] Argument:335 - Argument : SyncSignalIDvalue: null
2024-12-09 12:26:25,666 [INFO] Argument:325 - Argument : SyncPolarityvalue: null
2024-12-09 12:26:25,666 [INFO] Argument:335 - Argument : SyncPolarityvalue: null
2024-12-09 12:26:25,666 [INFO] Argument:325 - Argument : SyncEnablevalue: null
2024-12-09 12:26:25,666 [INFO] Argument:335 - Argument : SyncEnablevalue: null
2024-12-09 12:26:25,666 [INFO] Argument:325 - Argument : EventEnablevalue: null
2024-12-09 12:26:25,666 [INFO] Argument:335 - Argument : EventEnablevalue: null
2024-12-09 12:26:25,667 [INFO] Argument:325 - Argument : RequestNumbervalue: null
2024-12-09 12:26:25,667 [INFO] Argument:335 - Argument : RequestNumbervalue: null
2024-12-09 12:26:25,667 [INFO] Argument:325 - Argument : hdmavalue: null
2024-12-09 12:26:25,667 [INFO] Argument:327 - 	 sub Args: 
2024-12-09 12:26:25,667 [INFO] Argument:325 - Argument : Instancevalue: DMA1_Channel3
2024-12-09 12:26:25,667 [INFO] Argument:335 - Argument : Instancevalue: DMA1_Channel3
2024-12-09 12:26:25,667 [INFO] Argument:325 - Argument : Initvalue: null
2024-12-09 12:26:25,667 [INFO] Argument:327 - 	 sub Args: 
2024-12-09 12:26:25,667 [INFO] Argument:325 - Argument : Requestvalue: DMA_REQUEST_1
2024-12-09 12:26:25,668 [INFO] Argument:335 - Argument : Requestvalue: DMA_REQUEST_1
2024-12-09 12:26:25,668 [INFO] Argument:325 - Argument : Directionvalue: DMA_MEMORY_TO_PERIPH
2024-12-09 12:26:25,668 [INFO] Argument:335 - Argument : Directionvalue: DMA_MEMORY_TO_PERIPH
2024-12-09 12:26:25,668 [INFO] Argument:325 - Argument : PeriphIncvalue: DMA_PINC_DISABLE
2024-12-09 12:26:25,668 [INFO] Argument:335 - Argument : PeriphIncvalue: DMA_PINC_DISABLE
2024-12-09 12:26:25,668 [INFO] Argument:325 - Argument : MemIncvalue: DMA_MINC_ENABLE
2024-12-09 12:26:25,668 [INFO] Argument:335 - Argument : MemIncvalue: DMA_MINC_ENABLE
2024-12-09 12:26:25,668 [INFO] Argument:325 - Argument : PeriphDataAlignmentvalue: DMA_PDATAALIGN_BYTE
2024-12-09 12:26:25,668 [INFO] Argument:335 - Argument : PeriphDataAlignmentvalue: DMA_PDATAALIGN_BYTE
2024-12-09 12:26:25,668 [INFO] Argument:325 - Argument : MemDataAlignmentvalue: DMA_MDATAALIGN_BYTE
2024-12-09 12:26:25,668 [INFO] Argument:335 - Argument : MemDataAlignmentvalue: DMA_MDATAALIGN_BYTE
2024-12-09 12:26:25,668 [INFO] Argument:325 - Argument : Modevalue: DMA_NORMAL
2024-12-09 12:26:25,668 [INFO] Argument:335 - Argument : Modevalue: DMA_NORMAL
2024-12-09 12:26:25,668 [INFO] Argument:325 - Argument : Priorityvalue: DMA_PRIORITY_LOW
2024-12-09 12:26:25,668 [INFO] Argument:335 - Argument : Priorityvalue: DMA_PRIORITY_LOW
2024-12-09 12:26:25,668 [INFO] Argument:325 - Argument : Lockvalue: null
2024-12-09 12:26:25,668 [INFO] Argument:335 - Argument : Lockvalue: null
2024-12-09 12:26:25,668 [INFO] Argument:325 - Argument : Statevalue: null
2024-12-09 12:26:25,668 [INFO] Argument:335 - Argument : Statevalue: null
2024-12-09 12:26:25,668 [INFO] Argument:325 - Argument : Parentvalue: null
2024-12-09 12:26:25,668 [INFO] Argument:335 - Argument : Parentvalue: null
2024-12-09 12:26:25,668 [INFO] Argument:325 - Argument : XferCpltCallbackvalue: null
2024-12-09 12:26:25,669 [INFO] Argument:335 - Argument : XferCpltCallbackvalue: null
2024-12-09 12:26:25,669 [INFO] Argument:325 - Argument : XferHalfCpltCallbackvalue: null
2024-12-09 12:26:25,669 [INFO] Argument:335 - Argument : XferHalfCpltCallbackvalue: null
2024-12-09 12:26:25,669 [INFO] Argument:325 - Argument : XferErrorCallbackvalue: null
2024-12-09 12:26:25,669 [INFO] Argument:335 - Argument : XferErrorCallbackvalue: null
2024-12-09 12:26:25,669 [INFO] Argument:325 - Argument : XferAbortCallbackvalue: null
2024-12-09 12:26:25,669 [INFO] Argument:335 - Argument : XferAbortCallbackvalue: null
2024-12-09 12:26:25,669 [INFO] Argument:325 - Argument : ErrorCodevalue: null
2024-12-09 12:26:25,669 [INFO] Argument:335 - Argument : ErrorCodevalue: null
2024-12-09 12:26:25,669 [INFO] Argument:325 - Argument : DmaBaseAddressvalue: null
2024-12-09 12:26:25,669 [INFO] Argument:335 - Argument : DmaBaseAddressvalue: null
2024-12-09 12:26:25,669 [INFO] Argument:325 - Argument : ChannelIndexvalue: null
2024-12-09 12:26:25,669 [INFO] Argument:335 - Argument : ChannelIndexvalue: null
2024-12-09 12:26:25,669 [INFO] Argument:325 - Argument : hdmavalue: null
2024-12-09 12:26:25,669 [INFO] Argument:327 - 	 sub Args: 
2024-12-09 12:26:25,669 [INFO] Argument:325 - Argument : Instancevalue: DMA1_Channel3
2024-12-09 12:26:25,669 [INFO] Argument:335 - Argument : Instancevalue: DMA1_Channel3
2024-12-09 12:26:25,669 [INFO] Argument:325 - Argument : Initvalue: null
2024-12-09 12:26:25,669 [INFO] Argument:327 - 	 sub Args: 
2024-12-09 12:26:25,669 [INFO] Argument:325 - Argument : Requestvalue: DMA_REQUEST_1
2024-12-09 12:26:25,669 [INFO] Argument:335 - Argument : Requestvalue: DMA_REQUEST_1
2024-12-09 12:26:25,669 [INFO] Argument:325 - Argument : Directionvalue: DMA_MEMORY_TO_PERIPH
2024-12-09 12:26:25,669 [INFO] Argument:335 - Argument : Directionvalue: DMA_MEMORY_TO_PERIPH
2024-12-09 12:26:25,669 [INFO] Argument:325 - Argument : PeriphIncvalue: DMA_PINC_DISABLE
2024-12-09 12:26:25,669 [INFO] Argument:335 - Argument : PeriphIncvalue: DMA_PINC_DISABLE
2024-12-09 12:26:25,669 [INFO] Argument:325 - Argument : MemIncvalue: DMA_MINC_ENABLE
2024-12-09 12:26:25,670 [INFO] Argument:335 - Argument : MemIncvalue: DMA_MINC_ENABLE
2024-12-09 12:26:25,670 [INFO] Argument:325 - Argument : PeriphDataAlignmentvalue: DMA_PDATAALIGN_BYTE
2024-12-09 12:26:25,670 [INFO] Argument:335 - Argument : PeriphDataAlignmentvalue: DMA_PDATAALIGN_BYTE
2024-12-09 12:26:25,670 [INFO] Argument:325 - Argument : MemDataAlignmentvalue: DMA_MDATAALIGN_BYTE
2024-12-09 12:26:25,670 [INFO] Argument:335 - Argument : MemDataAlignmentvalue: DMA_MDATAALIGN_BYTE
2024-12-09 12:26:25,670 [INFO] Argument:325 - Argument : Modevalue: DMA_NORMAL
2024-12-09 12:26:25,670 [INFO] Argument:335 - Argument : Modevalue: DMA_NORMAL
2024-12-09 12:26:25,670 [INFO] Argument:325 - Argument : Priorityvalue: DMA_PRIORITY_LOW
2024-12-09 12:26:25,670 [INFO] Argument:335 - Argument : Priorityvalue: DMA_PRIORITY_LOW
2024-12-09 12:26:25,670 [INFO] Argument:325 - Argument : Lockvalue: null
2024-12-09 12:26:25,670 [INFO] Argument:335 - Argument : Lockvalue: null
2024-12-09 12:26:25,670 [INFO] Argument:325 - Argument : Statevalue: null
2024-12-09 12:26:25,670 [INFO] Argument:335 - Argument : Statevalue: null
2024-12-09 12:26:25,670 [INFO] Argument:325 - Argument : Parentvalue: null
2024-12-09 12:26:25,670 [INFO] Argument:335 - Argument : Parentvalue: null
2024-12-09 12:26:25,670 [INFO] Argument:325 - Argument : XferCpltCallbackvalue: null
2024-12-09 12:26:25,670 [INFO] Argument:335 - Argument : XferCpltCallbackvalue: null
2024-12-09 12:26:25,670 [INFO] Argument:325 - Argument : XferHalfCpltCallbackvalue: null
2024-12-09 12:26:25,670 [INFO] Argument:335 - Argument : XferHalfCpltCallbackvalue: null
2024-12-09 12:26:25,670 [INFO] Argument:325 - Argument : XferErrorCallbackvalue: null
2024-12-09 12:26:25,670 [INFO] Argument:335 - Argument : XferErrorCallbackvalue: null
2024-12-09 12:26:25,670 [INFO] Argument:325 - Argument : XferAbortCallbackvalue: null
2024-12-09 12:26:25,670 [INFO] Argument:335 - Argument : XferAbortCallbackvalue: null
2024-12-09 12:26:25,670 [INFO] Argument:325 - Argument : ErrorCodevalue: null
2024-12-09 12:26:25,670 [INFO] Argument:335 - Argument : ErrorCodevalue: null
2024-12-09 12:26:25,670 [INFO] Argument:325 - Argument : DmaBaseAddressvalue: null
2024-12-09 12:26:25,670 [INFO] Argument:335 - Argument : DmaBaseAddressvalue: null
2024-12-09 12:26:25,670 [INFO] Argument:325 - Argument : ChannelIndexvalue: null
2024-12-09 12:26:25,671 [INFO] Argument:335 - Argument : ChannelIndexvalue: null
2024-12-09 12:26:25,671 [INFO] Argument:325 - Argument : pSyncConfigvalue: null
2024-12-09 12:26:25,671 [INFO] Argument:327 - 	 sub Args: 
2024-12-09 12:26:25,671 [INFO] Argument:325 - Argument : SyncSignalIDvalue: null
2024-12-09 12:26:25,671 [INFO] Argument:335 - Argument : SyncSignalIDvalue: null
2024-12-09 12:26:25,671 [INFO] Argument:325 - Argument : SyncPolarityvalue: null
2024-12-09 12:26:25,671 [INFO] Argument:335 - Argument : SyncPolarityvalue: null
2024-12-09 12:26:25,671 [INFO] Argument:325 - Argument : SyncEnablevalue: null
2024-12-09 12:26:25,671 [INFO] Argument:335 - Argument : SyncEnablevalue: null
2024-12-09 12:26:25,671 [INFO] Argument:325 - Argument : EventEnablevalue: null
2024-12-09 12:26:25,671 [INFO] Argument:335 - Argument : EventEnablevalue: null
2024-12-09 12:26:25,671 [INFO] Argument:325 - Argument : RequestNumbervalue: null
2024-12-09 12:26:25,671 [INFO] Argument:335 - Argument : RequestNumbervalue: null
2024-12-09 12:26:25,771 [INFO] CodeEngine:255 - oldGeneratedFile, C:\Users\ZOJOLDRI\STM32CubeIDE\workspace_InProgress\ADIN1110\MXTmpFiles\license.tmp_save
2024-12-09 12:26:25,963 [INFO] CodeEngine:279 - Generated code: C:\Users\ZOJOLDRI\STM32CubeIDE\workspace_InProgress\ADIN1110\MXTmpFiles\license.tmp
2024-12-09 12:26:26,020 [INFO] CodeEngine:255 - oldGeneratedFile, C:\Users\ZOJOLDRI\STM32CubeIDE\workspace_InProgress\ADIN1110\Core\Src\gpio.c_save
2024-12-09 12:26:26,163 [INFO] CodeEngine:279 - Generated code: C:\Users\ZOJOLDRI\STM32CubeIDE\workspace_InProgress\ADIN1110\Core\Src\gpio.c
2024-12-09 12:26:26,194 [INFO] CodeEngine:255 - oldGeneratedFile, C:\Users\ZOJOLDRI\STM32CubeIDE\workspace_InProgress\ADIN1110\Core\Inc\gpio.h_save
2024-12-09 12:26:26,321 [INFO] CodeEngine:279 - Generated code: C:\Users\ZOJOLDRI\STM32CubeIDE\workspace_InProgress\ADIN1110\Core\Inc\gpio.h
2024-12-09 12:26:26,581 [INFO] CodeEngine:255 - oldGeneratedFile, C:\Users\ZOJOLDRI\STM32CubeIDE\workspace_InProgress\ADIN1110\Core\Src\dma.c_save
2024-12-09 12:26:26,680 [INFO] CodeEngine:279 - Generated code: C:\Users\ZOJOLDRI\STM32CubeIDE\workspace_InProgress\ADIN1110\Core\Src\dma.c
2024-12-09 12:26:26,703 [INFO] CodeEngine:255 - oldGeneratedFile, C:\Users\ZOJOLDRI\STM32CubeIDE\workspace_InProgress\ADIN1110\Core\Inc\dma.h_save
2024-12-09 12:26:26,782 [INFO] CodeEngine:279 - Generated code: C:\Users\ZOJOLDRI\STM32CubeIDE\workspace_InProgress\ADIN1110\Core\Inc\dma.h
2024-12-09 12:26:26,815 [INFO] CodeEngine:255 - oldGeneratedFile, C:\Users\ZOJOLDRI\STM32CubeIDE\workspace_InProgress\ADIN1110\Core\Src\spi.c_save
2024-12-09 12:26:26,957 [INFO] CodeEngine:279 - Generated code: C:\Users\ZOJOLDRI\STM32CubeIDE\workspace_InProgress\ADIN1110\Core\Src\spi.c
2024-12-09 12:26:26,980 [INFO] CodeEngine:255 - oldGeneratedFile, C:\Users\ZOJOLDRI\STM32CubeIDE\workspace_InProgress\ADIN1110\Core\Inc\spi.h_save
2024-12-09 12:26:27,071 [INFO] CodeEngine:279 - Generated code: C:\Users\ZOJOLDRI\STM32CubeIDE\workspace_InProgress\ADIN1110\Core\Inc\spi.h
2024-12-09 12:26:27,092 [INFO] CodeEngine:255 - oldGeneratedFile, C:\Users\ZOJOLDRI\STM32CubeIDE\workspace_InProgress\ADIN1110\Core\Src\usart.c_save
2024-12-09 12:26:27,200 [INFO] CodeEngine:279 - Generated code: C:\Users\ZOJOLDRI\STM32CubeIDE\workspace_InProgress\ADIN1110\Core\Src\usart.c
2024-12-09 12:26:27,213 [INFO] CodeEngine:255 - oldGeneratedFile, C:\Users\ZOJOLDRI\STM32CubeIDE\workspace_InProgress\ADIN1110\Core\Inc\usart.h_save
2024-12-09 12:26:27,303 [INFO] CodeEngine:279 - Generated code: C:\Users\ZOJOLDRI\STM32CubeIDE\workspace_InProgress\ADIN1110\Core\Inc\usart.h
2024-12-09 12:26:27,346 [INFO] CodeEngine:255 - oldGeneratedFile, C:\Users\ZOJOLDRI\STM32CubeIDE\workspace_InProgress\ADIN1110\Core\Src\stm32l4xx_it.c_save
2024-12-09 12:26:27,567 [INFO] CodeEngine:279 - Generated code: C:\Users\ZOJOLDRI\STM32CubeIDE\workspace_InProgress\ADIN1110\Core\Src\stm32l4xx_it.c
2024-12-09 12:26:27,604 [INFO] CodeEngine:255 - oldGeneratedFile, C:\Users\ZOJOLDRI\STM32CubeIDE\workspace_InProgress\ADIN1110\Core\Inc\stm32l4xx_it.h_save
2024-12-09 12:26:27,688 [INFO] CodeEngine:279 - Generated code: C:\Users\ZOJOLDRI\STM32CubeIDE\workspace_InProgress\ADIN1110\Core\Inc\stm32l4xx_it.h
2024-12-09 12:26:27,725 [INFO] CodeEngine:255 - oldGeneratedFile, C:\Users\ZOJOLDRI\STM32CubeIDE\workspace_InProgress\ADIN1110\Core\Src\stm32l4xx_hal_msp.c_save
2024-12-09 12:26:27,819 [INFO] CodeEngine:279 - Generated code: C:\Users\ZOJOLDRI\STM32CubeIDE\workspace_InProgress\ADIN1110\Core\Src\stm32l4xx_hal_msp.c
2024-12-09 12:26:27,831 [INFO] CodeEngine:255 - oldGeneratedFile, C:\Users\ZOJOLDRI\STM32CubeIDE\workspace_InProgress\ADIN1110\MXTmpFiles\system.tmp_save
2024-12-09 12:26:27,888 [INFO] CodeEngine:279 - Generated code: C:\Users\ZOJOLDRI\STM32CubeIDE\workspace_InProgress\ADIN1110\MXTmpFiles\system.tmp
2024-12-09 12:26:27,919 [INFO] CodeEngine:311 - oldGeneratedFile, C:\Users\ZOJOLDRI\STM32CubeIDE\workspace_InProgress\ADIN1110\Core\Inc\stm32l4xx_hal_conf.h_save
2024-12-09 12:26:28,007 [INFO] CodeEngine:335 - Generated code: C:\Users\ZOJOLDRI\STM32CubeIDE\workspace_InProgress\ADIN1110\Core\Inc\stm32l4xx_hal_conf.h
2024-12-09 12:26:28,060 [INFO] ApiDbMcu:508 - Load IP Config File for USART3
2024-12-09 12:26:28,100 [INFO] CodeEngine:255 - oldGeneratedFile, C:\Users\ZOJOLDRI\STM32CubeIDE\workspace_InProgress\ADIN1110\Core\Inc\main.h_save
2024-12-09 12:26:28,221 [INFO] CodeEngine:279 - Generated code: C:\Users\ZOJOLDRI\STM32CubeIDE\workspace_InProgress\ADIN1110\Core\Inc\main.h
2024-12-09 12:26:28,249 [INFO] CodeEngine:255 - oldGeneratedFile, C:\Users\ZOJOLDRI\STM32CubeIDE\workspace_InProgress\ADIN1110\Core\Src\main.c_save
2024-12-09 12:26:28,367 [INFO] CodeEngine:279 - Generated code: C:\Users\ZOJOLDRI\STM32CubeIDE\workspace_InProgress\ADIN1110\Core\Src\main.c
2024-12-09 12:26:28,728 [INFO] ProjectBuilder:3289 - Time for Copy HAL[1] : 248mS.
2024-12-09 12:26:28,733 [INFO] ProjectBuilder:4876 - Project Generator version: 4.5.0-RC5
2024-12-09 12:26:28,808 [INFO] ConfigFileManager:1579 - The Die is : DIE461
2024-12-09 12:26:30,901 [INFO] ProjectBuilder:5154 - Time for Generating toolchain IDE Files: 2169mS.
2024-12-09 12:26:30,902 [INFO] ProjectBuilder:3146 - Time for Copy CMSIS : 1mS.
2024-12-09 12:26:30,908 [INFO] ProjectBuilder:3146 - Time for Copy CMSIS : 0mS.
2024-12-09 13:18:44,894 [INFO] DmaTabbedPanel:205 - Cannot restore the selected Tab for DMA
2024-12-09 13:18:45,965 [INFO] Gpio:277 - dependency for GPIO [SPI1, USART3]
2024-12-09 13:20:19,662 [INFO] NvicIntPanel:101 - NVIC parent = com.st.microxplorer.plugins.ip.nvic.MultiNvicIntPanel[,0,0,0x0,invalid,layout=javax.swing.BoxLayout,alignmentX=0.0,alignmentY=0.0,border=,flags=9,maximumSize=,minimumSize=,preferredSize=]
2024-12-09 13:20:22,425 [INFO] NvicIntPanel:101 - NVIC parent = com.st.microxplorer.plugins.ip.nvic.MultiNvicIntPanel[,0,0,0x0,invalid,layout=javax.swing.BoxLayout,alignmentX=0.0,alignmentY=0.0,border=,flags=9,maximumSize=,minimumSize=,preferredSize=]
2024-12-09 13:20:45,251 [INFO] NvicIntPanel:101 - NVIC parent = com.st.microxplorer.plugins.ip.nvic.MultiNvicIntPanel[,0,0,0x0,invalid,layout=javax.swing.BoxLayout,alignmentX=0.0,alignmentY=0.0,border=,flags=9,maximumSize=,minimumSize=,preferredSize=]
2024-12-09 13:20:45,327 [INFO] NvicIntPanel:101 - NVIC parent = com.st.microxplorer.plugins.ip.nvic.MultiNvicIntPanel[,0,0,0x0,invalid,layout=javax.swing.BoxLayout,alignmentX=0.0,alignmentY=0.0,border=,flags=9,maximumSize=,minimumSize=,preferredSize=]
2024-12-09 13:21:09,730 [INFO] UtilMem:75 - End SaveConfig() Used Memory: 496572248 Bytes (836763648)
2024-12-09 13:21:10,572 [INFO] UtilMem:75 - End SaveConfig() Used Memory: 537993048 Bytes (836763648)
2024-12-09 13:21:12,528 [INFO] UtilMem:75 - End SaveConfig() Used Memory: 668016472 Bytes (836763648)
2024-12-09 13:21:12,792 [INFO] BlockDiagram:2766 - set Specific Code input for plugin: SPI
2024-12-09 13:21:12,792 [INFO] BlockDiagram:2766 - set Specific Code input for plugin: SYS
2024-12-09 13:21:12,793 [INFO] BlockDiagram:2766 - set Specific Code input for plugin: RCC
2024-12-09 13:21:12,793 [INFO] BlockDiagram:2766 - set Specific Code input for plugin: NVIC
2024-12-09 13:21:12,793 [INFO] BlockDiagram:2766 - set Specific Code input for plugin: USART
2024-12-09 13:21:12,793 [INFO] BlockDiagram:2766 - set Specific Code input for plugin: DMA
2024-12-09 13:21:12,794 [INFO] BlockDiagram:2766 - set Specific Code input for plugin: GPIO
2024-12-09 13:21:12,795 [INFO] CodeGenerator:896 - code generatio: config db path: C:\ST\STM32CubeIDE_1.17.0\STM32CubeIDE\plugins\com.st.stm32cube.common.mx_6.13.0.202411220809\\db\
2024-12-09 13:21:12,803 [INFO] Argument:325 - Argument : hdmavalue: null
2024-12-09 13:21:12,803 [INFO] Argument:327 - 	 sub Args: 
2024-12-09 13:21:12,803 [INFO] Argument:325 - Argument : Instancevalue: DMA1_Channel2
2024-12-09 13:21:12,804 [INFO] Argument:335 - Argument : Instancevalue: DMA1_Channel2
2024-12-09 13:21:12,804 [INFO] Argument:325 - Argument : Initvalue: null
2024-12-09 13:21:12,804 [INFO] Argument:327 - 	 sub Args: 
2024-12-09 13:21:12,804 [INFO] Argument:325 - Argument : Requestvalue: DMA_REQUEST_1
2024-12-09 13:21:12,804 [INFO] Argument:335 - Argument : Requestvalue: DMA_REQUEST_1
2024-12-09 13:21:12,804 [INFO] Argument:325 - Argument : Directionvalue: DMA_PERIPH_TO_MEMORY
2024-12-09 13:21:12,804 [INFO] Argument:335 - Argument : Directionvalue: DMA_PERIPH_TO_MEMORY
2024-12-09 13:21:12,804 [INFO] Argument:325 - Argument : PeriphIncvalue: DMA_PINC_DISABLE
2024-12-09 13:21:12,804 [INFO] Argument:335 - Argument : PeriphIncvalue: DMA_PINC_DISABLE
2024-12-09 13:21:12,804 [INFO] Argument:325 - Argument : MemIncvalue: DMA_MINC_ENABLE
2024-12-09 13:21:12,804 [INFO] Argument:335 - Argument : MemIncvalue: DMA_MINC_ENABLE
2024-12-09 13:21:12,804 [INFO] Argument:325 - Argument : PeriphDataAlignmentvalue: DMA_PDATAALIGN_BYTE
2024-12-09 13:21:12,804 [INFO] Argument:335 - Argument : PeriphDataAlignmentvalue: DMA_PDATAALIGN_BYTE
2024-12-09 13:21:12,804 [INFO] Argument:325 - Argument : MemDataAlignmentvalue: DMA_MDATAALIGN_BYTE
2024-12-09 13:21:12,804 [INFO] Argument:335 - Argument : MemDataAlignmentvalue: DMA_MDATAALIGN_BYTE
2024-12-09 13:21:12,804 [INFO] Argument:325 - Argument : Modevalue: DMA_NORMAL
2024-12-09 13:21:12,804 [INFO] Argument:335 - Argument : Modevalue: DMA_NORMAL
2024-12-09 13:21:12,804 [INFO] Argument:325 - Argument : Priorityvalue: DMA_PRIORITY_LOW
2024-12-09 13:21:12,804 [INFO] Argument:335 - Argument : Priorityvalue: DMA_PRIORITY_LOW
2024-12-09 13:21:12,804 [INFO] Argument:325 - Argument : Lockvalue: null
2024-12-09 13:21:12,804 [INFO] Argument:335 - Argument : Lockvalue: null
2024-12-09 13:21:12,804 [INFO] Argument:325 - Argument : Statevalue: null
2024-12-09 13:21:12,805 [INFO] Argument:335 - Argument : Statevalue: null
2024-12-09 13:21:12,805 [INFO] Argument:325 - Argument : Parentvalue: null
2024-12-09 13:21:12,805 [INFO] Argument:335 - Argument : Parentvalue: null
2024-12-09 13:21:12,805 [INFO] Argument:325 - Argument : XferCpltCallbackvalue: null
2024-12-09 13:21:12,805 [INFO] Argument:335 - Argument : XferCpltCallbackvalue: null
2024-12-09 13:21:12,805 [INFO] Argument:325 - Argument : XferHalfCpltCallbackvalue: null
2024-12-09 13:21:12,805 [INFO] Argument:335 - Argument : XferHalfCpltCallbackvalue: null
2024-12-09 13:21:12,805 [INFO] Argument:325 - Argument : XferErrorCallbackvalue: null
2024-12-09 13:21:12,805 [INFO] Argument:335 - Argument : XferErrorCallbackvalue: null
2024-12-09 13:21:12,805 [INFO] Argument:325 - Argument : XferAbortCallbackvalue: null
2024-12-09 13:21:12,805 [INFO] Argument:335 - Argument : XferAbortCallbackvalue: null
2024-12-09 13:21:12,805 [INFO] Argument:325 - Argument : ErrorCodevalue: null
2024-12-09 13:21:12,805 [INFO] Argument:335 - Argument : ErrorCodevalue: null
2024-12-09 13:21:12,806 [INFO] Argument:325 - Argument : DmaBaseAddressvalue: null
2024-12-09 13:21:12,806 [INFO] Argument:335 - Argument : DmaBaseAddressvalue: null
2024-12-09 13:21:12,806 [INFO] Argument:325 - Argument : ChannelIndexvalue: null
2024-12-09 13:21:12,806 [INFO] Argument:335 - Argument : ChannelIndexvalue: null
2024-12-09 13:21:12,806 [INFO] Argument:325 - Argument : hdmavalue: null
2024-12-09 13:21:12,806 [INFO] Argument:327 - 	 sub Args: 
2024-12-09 13:21:12,806 [INFO] Argument:325 - Argument : Instancevalue: DMA1_Channel2
2024-12-09 13:21:12,806 [INFO] Argument:335 - Argument : Instancevalue: DMA1_Channel2
2024-12-09 13:21:12,806 [INFO] Argument:325 - Argument : Initvalue: null
2024-12-09 13:21:12,806 [INFO] Argument:327 - 	 sub Args: 
2024-12-09 13:21:12,806 [INFO] Argument:325 - Argument : Requestvalue: DMA_REQUEST_1
2024-12-09 13:21:12,806 [INFO] Argument:335 - Argument : Requestvalue: DMA_REQUEST_1
2024-12-09 13:21:12,806 [INFO] Argument:325 - Argument : Directionvalue: DMA_PERIPH_TO_MEMORY
2024-12-09 13:21:12,806 [INFO] Argument:335 - Argument : Directionvalue: DMA_PERIPH_TO_MEMORY
2024-12-09 13:21:12,806 [INFO] Argument:325 - Argument : PeriphIncvalue: DMA_PINC_DISABLE
2024-12-09 13:21:12,806 [INFO] Argument:335 - Argument : PeriphIncvalue: DMA_PINC_DISABLE
2024-12-09 13:21:12,806 [INFO] Argument:325 - Argument : MemIncvalue: DMA_MINC_ENABLE
2024-12-09 13:21:12,806 [INFO] Argument:335 - Argument : MemIncvalue: DMA_MINC_ENABLE
2024-12-09 13:21:12,806 [INFO] Argument:325 - Argument : PeriphDataAlignmentvalue: DMA_PDATAALIGN_BYTE
2024-12-09 13:21:12,806 [INFO] Argument:335 - Argument : PeriphDataAlignmentvalue: DMA_PDATAALIGN_BYTE
2024-12-09 13:21:12,806 [INFO] Argument:325 - Argument : MemDataAlignmentvalue: DMA_MDATAALIGN_BYTE
2024-12-09 13:21:12,806 [INFO] Argument:335 - Argument : MemDataAlignmentvalue: DMA_MDATAALIGN_BYTE
2024-12-09 13:21:12,806 [INFO] Argument:325 - Argument : Modevalue: DMA_NORMAL
2024-12-09 13:21:12,806 [INFO] Argument:335 - Argument : Modevalue: DMA_NORMAL
2024-12-09 13:21:12,806 [INFO] Argument:325 - Argument : Priorityvalue: DMA_PRIORITY_LOW
2024-12-09 13:21:12,806 [INFO] Argument:335 - Argument : Priorityvalue: DMA_PRIORITY_LOW
2024-12-09 13:21:12,807 [INFO] Argument:325 - Argument : Lockvalue: null
2024-12-09 13:21:12,807 [INFO] Argument:335 - Argument : Lockvalue: null
2024-12-09 13:21:12,807 [INFO] Argument:325 - Argument : Statevalue: null
2024-12-09 13:21:12,807 [INFO] Argument:335 - Argument : Statevalue: null
2024-12-09 13:21:12,807 [INFO] Argument:325 - Argument : Parentvalue: null
2024-12-09 13:21:12,807 [INFO] Argument:335 - Argument : Parentvalue: null
2024-12-09 13:21:12,807 [INFO] Argument:325 - Argument : XferCpltCallbackvalue: null
2024-12-09 13:21:12,807 [INFO] Argument:335 - Argument : XferCpltCallbackvalue: null
2024-12-09 13:21:12,807 [INFO] Argument:325 - Argument : XferHalfCpltCallbackvalue: null
2024-12-09 13:21:12,807 [INFO] Argument:335 - Argument : XferHalfCpltCallbackvalue: null
2024-12-09 13:21:12,807 [INFO] Argument:325 - Argument : XferErrorCallbackvalue: null
2024-12-09 13:21:12,807 [INFO] Argument:335 - Argument : XferErrorCallbackvalue: null
2024-12-09 13:21:12,807 [INFO] Argument:325 - Argument : XferAbortCallbackvalue: null
2024-12-09 13:21:12,807 [INFO] Argument:335 - Argument : XferAbortCallbackvalue: null
2024-12-09 13:21:12,807 [INFO] Argument:325 - Argument : ErrorCodevalue: null
2024-12-09 13:21:12,807 [INFO] Argument:335 - Argument : ErrorCodevalue: null
2024-12-09 13:21:12,807 [INFO] Argument:325 - Argument : DmaBaseAddressvalue: null
2024-12-09 13:21:12,807 [INFO] Argument:335 - Argument : DmaBaseAddressvalue: null
2024-12-09 13:21:12,808 [INFO] Argument:325 - Argument : ChannelIndexvalue: null
2024-12-09 13:21:12,808 [INFO] Argument:335 - Argument : ChannelIndexvalue: null
2024-12-09 13:21:12,808 [INFO] Argument:325 - Argument : pSyncConfigvalue: null
2024-12-09 13:21:12,808 [INFO] Argument:327 - 	 sub Args: 
2024-12-09 13:21:12,808 [INFO] Argument:325 - Argument : SyncSignalIDvalue: null
2024-12-09 13:21:12,808 [INFO] Argument:335 - Argument : SyncSignalIDvalue: null
2024-12-09 13:21:12,808 [INFO] Argument:325 - Argument : SyncPolarityvalue: null
2024-12-09 13:21:12,808 [INFO] Argument:335 - Argument : SyncPolarityvalue: null
2024-12-09 13:21:12,808 [INFO] Argument:325 - Argument : SyncEnablevalue: null
2024-12-09 13:21:12,808 [INFO] Argument:335 - Argument : SyncEnablevalue: null
2024-12-09 13:21:12,808 [INFO] Argument:325 - Argument : EventEnablevalue: null
2024-12-09 13:21:12,808 [INFO] Argument:335 - Argument : EventEnablevalue: null
2024-12-09 13:21:12,808 [INFO] Argument:325 - Argument : RequestNumbervalue: null
2024-12-09 13:21:12,808 [INFO] Argument:335 - Argument : RequestNumbervalue: null
2024-12-09 13:21:12,808 [INFO] Argument:325 - Argument : hdmavalue: null
2024-12-09 13:21:12,809 [INFO] Argument:327 - 	 sub Args: 
2024-12-09 13:21:12,809 [INFO] Argument:325 - Argument : Instancevalue: DMA1_Channel3
2024-12-09 13:21:12,809 [INFO] Argument:335 - Argument : Instancevalue: DMA1_Channel3
2024-12-09 13:21:12,809 [INFO] Argument:325 - Argument : Initvalue: null
2024-12-09 13:21:12,809 [INFO] Argument:327 - 	 sub Args: 
2024-12-09 13:21:12,809 [INFO] Argument:325 - Argument : Requestvalue: DMA_REQUEST_1
2024-12-09 13:21:12,809 [INFO] Argument:335 - Argument : Requestvalue: DMA_REQUEST_1
2024-12-09 13:21:12,809 [INFO] Argument:325 - Argument : Directionvalue: DMA_MEMORY_TO_PERIPH
2024-12-09 13:21:12,809 [INFO] Argument:335 - Argument : Directionvalue: DMA_MEMORY_TO_PERIPH
2024-12-09 13:21:12,809 [INFO] Argument:325 - Argument : PeriphIncvalue: DMA_PINC_DISABLE
2024-12-09 13:21:12,809 [INFO] Argument:335 - Argument : PeriphIncvalue: DMA_PINC_DISABLE
2024-12-09 13:21:12,809 [INFO] Argument:325 - Argument : MemIncvalue: DMA_MINC_ENABLE
2024-12-09 13:21:12,809 [INFO] Argument:335 - Argument : MemIncvalue: DMA_MINC_ENABLE
2024-12-09 13:21:12,809 [INFO] Argument:325 - Argument : PeriphDataAlignmentvalue: DMA_PDATAALIGN_BYTE
2024-12-09 13:21:12,809 [INFO] Argument:335 - Argument : PeriphDataAlignmentvalue: DMA_PDATAALIGN_BYTE
2024-12-09 13:21:12,809 [INFO] Argument:325 - Argument : MemDataAlignmentvalue: DMA_MDATAALIGN_BYTE
2024-12-09 13:21:12,809 [INFO] Argument:335 - Argument : MemDataAlignmentvalue: DMA_MDATAALIGN_BYTE
2024-12-09 13:21:12,809 [INFO] Argument:325 - Argument : Modevalue: DMA_NORMAL
2024-12-09 13:21:12,809 [INFO] Argument:335 - Argument : Modevalue: DMA_NORMAL
2024-12-09 13:21:12,809 [INFO] Argument:325 - Argument : Priorityvalue: DMA_PRIORITY_LOW
2024-12-09 13:21:12,809 [INFO] Argument:335 - Argument : Priorityvalue: DMA_PRIORITY_LOW
2024-12-09 13:21:12,809 [INFO] Argument:325 - Argument : Lockvalue: null
2024-12-09 13:21:12,809 [INFO] Argument:335 - Argument : Lockvalue: null
2024-12-09 13:21:12,809 [INFO] Argument:325 - Argument : Statevalue: null
2024-12-09 13:21:12,810 [INFO] Argument:335 - Argument : Statevalue: null
2024-12-09 13:21:12,810 [INFO] Argument:325 - Argument : Parentvalue: null
2024-12-09 13:21:12,810 [INFO] Argument:335 - Argument : Parentvalue: null
2024-12-09 13:21:12,810 [INFO] Argument:325 - Argument : XferCpltCallbackvalue: null
2024-12-09 13:21:12,810 [INFO] Argument:335 - Argument : XferCpltCallbackvalue: null
2024-12-09 13:21:12,810 [INFO] Argument:325 - Argument : XferHalfCpltCallbackvalue: null
2024-12-09 13:21:12,810 [INFO] Argument:335 - Argument : XferHalfCpltCallbackvalue: null
2024-12-09 13:21:12,810 [INFO] Argument:325 - Argument : XferErrorCallbackvalue: null
2024-12-09 13:21:12,810 [INFO] Argument:335 - Argument : XferErrorCallbackvalue: null
2024-12-09 13:21:12,810 [INFO] Argument:325 - Argument : XferAbortCallbackvalue: null
2024-12-09 13:21:12,810 [INFO] Argument:335 - Argument : XferAbortCallbackvalue: null
2024-12-09 13:21:12,810 [INFO] Argument:325 - Argument : ErrorCodevalue: null
2024-12-09 13:21:12,810 [INFO] Argument:335 - Argument : ErrorCodevalue: null
2024-12-09 13:21:12,810 [INFO] Argument:325 - Argument : DmaBaseAddressvalue: null
2024-12-09 13:21:12,810 [INFO] Argument:335 - Argument : DmaBaseAddressvalue: null
2024-12-09 13:21:12,810 [INFO] Argument:325 - Argument : ChannelIndexvalue: null
2024-12-09 13:21:12,810 [INFO] Argument:335 - Argument : ChannelIndexvalue: null
2024-12-09 13:21:12,810 [INFO] Argument:325 - Argument : hdmavalue: null
2024-12-09 13:21:12,810 [INFO] Argument:327 - 	 sub Args: 
2024-12-09 13:21:12,810 [INFO] Argument:325 - Argument : Instancevalue: DMA1_Channel3
2024-12-09 13:21:12,810 [INFO] Argument:335 - Argument : Instancevalue: DMA1_Channel3
2024-12-09 13:21:12,810 [INFO] Argument:325 - Argument : Initvalue: null
2024-12-09 13:21:12,810 [INFO] Argument:327 - 	 sub Args: 
2024-12-09 13:21:12,810 [INFO] Argument:325 - Argument : Requestvalue: DMA_REQUEST_1
2024-12-09 13:21:12,810 [INFO] Argument:335 - Argument : Requestvalue: DMA_REQUEST_1
2024-12-09 13:21:12,810 [INFO] Argument:325 - Argument : Directionvalue: DMA_MEMORY_TO_PERIPH
2024-12-09 13:21:12,810 [INFO] Argument:335 - Argument : Directionvalue: DMA_MEMORY_TO_PERIPH
2024-12-09 13:21:12,810 [INFO] Argument:325 - Argument : PeriphIncvalue: DMA_PINC_DISABLE
2024-12-09 13:21:12,810 [INFO] Argument:335 - Argument : PeriphIncvalue: DMA_PINC_DISABLE
2024-12-09 13:21:12,810 [INFO] Argument:325 - Argument : MemIncvalue: DMA_MINC_ENABLE
2024-12-09 13:21:12,810 [INFO] Argument:335 - Argument : MemIncvalue: DMA_MINC_ENABLE
2024-12-09 13:21:12,810 [INFO] Argument:325 - Argument : PeriphDataAlignmentvalue: DMA_PDATAALIGN_BYTE
2024-12-09 13:21:12,810 [INFO] Argument:335 - Argument : PeriphDataAlignmentvalue: DMA_PDATAALIGN_BYTE
2024-12-09 13:21:12,810 [INFO] Argument:325 - Argument : MemDataAlignmentvalue: DMA_MDATAALIGN_BYTE
2024-12-09 13:21:12,810 [INFO] Argument:335 - Argument : MemDataAlignmentvalue: DMA_MDATAALIGN_BYTE
2024-12-09 13:21:12,810 [INFO] Argument:325 - Argument : Modevalue: DMA_NORMAL
2024-12-09 13:21:12,811 [INFO] Argument:335 - Argument : Modevalue: DMA_NORMAL
2024-12-09 13:21:12,811 [INFO] Argument:325 - Argument : Priorityvalue: DMA_PRIORITY_LOW
2024-12-09 13:21:12,811 [INFO] Argument:335 - Argument : Priorityvalue: DMA_PRIORITY_LOW
2024-12-09 13:21:12,811 [INFO] Argument:325 - Argument : Lockvalue: null
2024-12-09 13:21:12,811 [INFO] Argument:335 - Argument : Lockvalue: null
2024-12-09 13:21:12,811 [INFO] Argument:325 - Argument : Statevalue: null
2024-12-09 13:21:12,811 [INFO] Argument:335 - Argument : Statevalue: null
2024-12-09 13:21:12,811 [INFO] Argument:325 - Argument : Parentvalue: null
2024-12-09 13:21:12,811 [INFO] Argument:335 - Argument : Parentvalue: null
2024-12-09 13:21:12,811 [INFO] Argument:325 - Argument : XferCpltCallbackvalue: null
2024-12-09 13:21:12,811 [INFO] Argument:335 - Argument : XferCpltCallbackvalue: null
2024-12-09 13:21:12,811 [INFO] Argument:325 - Argument : XferHalfCpltCallbackvalue: null
2024-12-09 13:21:12,811 [INFO] Argument:335 - Argument : XferHalfCpltCallbackvalue: null
2024-12-09 13:21:12,811 [INFO] Argument:325 - Argument : XferErrorCallbackvalue: null
2024-12-09 13:21:12,811 [INFO] Argument:335 - Argument : XferErrorCallbackvalue: null
2024-12-09 13:21:12,811 [INFO] Argument:325 - Argument : XferAbortCallbackvalue: null
2024-12-09 13:21:12,811 [INFO] Argument:335 - Argument : XferAbortCallbackvalue: null
2024-12-09 13:21:12,811 [INFO] Argument:325 - Argument : ErrorCodevalue: null
2024-12-09 13:21:12,811 [INFO] Argument:335 - Argument : ErrorCodevalue: null
2024-12-09 13:21:12,811 [INFO] Argument:325 - Argument : DmaBaseAddressvalue: null
2024-12-09 13:21:12,811 [INFO] Argument:335 - Argument : DmaBaseAddressvalue: null
2024-12-09 13:21:12,811 [INFO] Argument:325 - Argument : ChannelIndexvalue: null
2024-12-09 13:21:12,811 [INFO] Argument:335 - Argument : ChannelIndexvalue: null
2024-12-09 13:21:12,811 [INFO] Argument:325 - Argument : pSyncConfigvalue: null
2024-12-09 13:21:12,811 [INFO] Argument:327 - 	 sub Args: 
2024-12-09 13:21:12,812 [INFO] Argument:325 - Argument : SyncSignalIDvalue: null
2024-12-09 13:21:12,812 [INFO] Argument:335 - Argument : SyncSignalIDvalue: null
2024-12-09 13:21:12,812 [INFO] Argument:325 - Argument : SyncPolarityvalue: null
2024-12-09 13:21:12,812 [INFO] Argument:335 - Argument : SyncPolarityvalue: null
2024-12-09 13:21:12,812 [INFO] Argument:325 - Argument : SyncEnablevalue: null
2024-12-09 13:21:12,812 [INFO] Argument:335 - Argument : SyncEnablevalue: null
2024-12-09 13:21:12,812 [INFO] Argument:325 - Argument : EventEnablevalue: null
2024-12-09 13:21:12,812 [INFO] Argument:335 - Argument : EventEnablevalue: null
2024-12-09 13:21:12,812 [INFO] Argument:325 - Argument : RequestNumbervalue: null
2024-12-09 13:21:12,812 [INFO] Argument:335 - Argument : RequestNumbervalue: null
2024-12-09 13:21:12,891 [INFO] CodeEngine:255 - oldGeneratedFile, C:\Users\ZOJOLDRI\STM32CubeIDE\workspace_InProgress\ADIN1110\MXTmpFiles\license.tmp_save
2024-12-09 13:21:13,118 [INFO] CodeEngine:279 - Generated code: C:\Users\ZOJOLDRI\STM32CubeIDE\workspace_InProgress\ADIN1110\MXTmpFiles\license.tmp
2024-12-09 13:21:13,171 [INFO] CodeEngine:255 - oldGeneratedFile, C:\Users\ZOJOLDRI\STM32CubeIDE\workspace_InProgress\ADIN1110\Core\Src\gpio.c_save
2024-12-09 13:21:13,304 [INFO] CodeEngine:279 - Generated code: C:\Users\ZOJOLDRI\STM32CubeIDE\workspace_InProgress\ADIN1110\Core\Src\gpio.c
2024-12-09 13:21:13,327 [INFO] CodeEngine:255 - oldGeneratedFile, C:\Users\ZOJOLDRI\STM32CubeIDE\workspace_InProgress\ADIN1110\Core\Inc\gpio.h_save
2024-12-09 13:21:13,432 [INFO] CodeEngine:279 - Generated code: C:\Users\ZOJOLDRI\STM32CubeIDE\workspace_InProgress\ADIN1110\Core\Inc\gpio.h
2024-12-09 13:21:13,653 [INFO] CodeEngine:255 - oldGeneratedFile, C:\Users\ZOJOLDRI\STM32CubeIDE\workspace_InProgress\ADIN1110\Core\Src\dma.c_save
2024-12-09 13:21:13,729 [INFO] CodeEngine:279 - Generated code: C:\Users\ZOJOLDRI\STM32CubeIDE\workspace_InProgress\ADIN1110\Core\Src\dma.c
2024-12-09 13:21:13,750 [INFO] CodeEngine:255 - oldGeneratedFile, C:\Users\ZOJOLDRI\STM32CubeIDE\workspace_InProgress\ADIN1110\Core\Inc\dma.h_save
2024-12-09 13:21:13,817 [INFO] CodeEngine:279 - Generated code: C:\Users\ZOJOLDRI\STM32CubeIDE\workspace_InProgress\ADIN1110\Core\Inc\dma.h
2024-12-09 13:21:13,844 [INFO] CodeEngine:255 - oldGeneratedFile, C:\Users\ZOJOLDRI\STM32CubeIDE\workspace_InProgress\ADIN1110\Core\Src\spi.c_save
2024-12-09 13:21:13,980 [INFO] CodeEngine:279 - Generated code: C:\Users\ZOJOLDRI\STM32CubeIDE\workspace_InProgress\ADIN1110\Core\Src\spi.c
2024-12-09 13:21:14,011 [INFO] CodeEngine:255 - oldGeneratedFile, C:\Users\ZOJOLDRI\STM32CubeIDE\workspace_InProgress\ADIN1110\Core\Inc\spi.h_save
2024-12-09 13:21:14,089 [INFO] CodeEngine:279 - Generated code: C:\Users\ZOJOLDRI\STM32CubeIDE\workspace_InProgress\ADIN1110\Core\Inc\spi.h
2024-12-09 13:21:14,109 [INFO] CodeEngine:255 - oldGeneratedFile, C:\Users\ZOJOLDRI\STM32CubeIDE\workspace_InProgress\ADIN1110\Core\Src\usart.c_save
2024-12-09 13:21:14,201 [INFO] CodeEngine:279 - Generated code: C:\Users\ZOJOLDRI\STM32CubeIDE\workspace_InProgress\ADIN1110\Core\Src\usart.c
2024-12-09 13:21:14,206 [INFO] CodeEngine:255 - oldGeneratedFile, C:\Users\ZOJOLDRI\STM32CubeIDE\workspace_InProgress\ADIN1110\Core\Inc\usart.h_save
2024-12-09 13:21:14,278 [INFO] CodeEngine:279 - Generated code: C:\Users\ZOJOLDRI\STM32CubeIDE\workspace_InProgress\ADIN1110\Core\Inc\usart.h
2024-12-09 13:21:14,309 [INFO] CodeEngine:255 - oldGeneratedFile, C:\Users\ZOJOLDRI\STM32CubeIDE\workspace_InProgress\ADIN1110\Core\Src\stm32l4xx_it.c_save
2024-12-09 13:21:14,475 [INFO] CodeEngine:279 - Generated code: C:\Users\ZOJOLDRI\STM32CubeIDE\workspace_InProgress\ADIN1110\Core\Src\stm32l4xx_it.c
2024-12-09 13:21:14,495 [INFO] CodeEngine:255 - oldGeneratedFile, C:\Users\ZOJOLDRI\STM32CubeIDE\workspace_InProgress\ADIN1110\Core\Inc\stm32l4xx_it.h_save
2024-12-09 13:21:14,565 [INFO] CodeEngine:279 - Generated code: C:\Users\ZOJOLDRI\STM32CubeIDE\workspace_InProgress\ADIN1110\Core\Inc\stm32l4xx_it.h
2024-12-09 13:21:14,598 [INFO] CodeEngine:255 - oldGeneratedFile, C:\Users\ZOJOLDRI\STM32CubeIDE\workspace_InProgress\ADIN1110\Core\Src\stm32l4xx_hal_msp.c_save
2024-12-09 13:21:14,672 [INFO] CodeEngine:279 - Generated code: C:\Users\ZOJOLDRI\STM32CubeIDE\workspace_InProgress\ADIN1110\Core\Src\stm32l4xx_hal_msp.c
2024-12-09 13:21:14,683 [INFO] CodeEngine:255 - oldGeneratedFile, C:\Users\ZOJOLDRI\STM32CubeIDE\workspace_InProgress\ADIN1110\MXTmpFiles\system.tmp_save
2024-12-09 13:21:14,731 [INFO] CodeEngine:279 - Generated code: C:\Users\ZOJOLDRI\STM32CubeIDE\workspace_InProgress\ADIN1110\MXTmpFiles\system.tmp
2024-12-09 13:21:14,751 [INFO] CodeEngine:311 - oldGeneratedFile, C:\Users\ZOJOLDRI\STM32CubeIDE\workspace_InProgress\ADIN1110\Core\Inc\stm32l4xx_hal_conf.h_save
2024-12-09 13:21:14,808 [INFO] CodeEngine:335 - Generated code: C:\Users\ZOJOLDRI\STM32CubeIDE\workspace_InProgress\ADIN1110\Core\Inc\stm32l4xx_hal_conf.h
2024-12-09 13:21:14,849 [INFO] CodeEngine:255 - oldGeneratedFile, C:\Users\ZOJOLDRI\STM32CubeIDE\workspace_InProgress\ADIN1110\Core\Inc\main.h_save
2024-12-09 13:21:14,919 [INFO] CodeEngine:279 - Generated code: C:\Users\ZOJOLDRI\STM32CubeIDE\workspace_InProgress\ADIN1110\Core\Inc\main.h
2024-12-09 13:21:14,937 [INFO] CodeEngine:255 - oldGeneratedFile, C:\Users\ZOJOLDRI\STM32CubeIDE\workspace_InProgress\ADIN1110\Core\Src\main.c_save
2024-12-09 13:21:15,015 [INFO] CodeEngine:279 - Generated code: C:\Users\ZOJOLDRI\STM32CubeIDE\workspace_InProgress\ADIN1110\Core\Src\main.c
2024-12-09 13:21:15,228 [INFO] ProjectBuilder:3289 - Time for Copy HAL[1] : 129mS.
2024-12-09 13:21:15,232 [INFO] ProjectBuilder:4876 - Project Generator version: 4.5.0-RC5
2024-12-09 13:21:15,282 [INFO] ConfigFileManager:1579 - The Die is : DIE461
2024-12-09 13:21:16,031 [INFO] ProjectBuilder:5154 - Time for Generating toolchain IDE Files: 799mS.
2024-12-09 13:21:16,032 [INFO] ProjectBuilder:3146 - Time for Copy CMSIS : 1mS.
2024-12-09 13:21:16,036 [INFO] ProjectBuilder:3146 - Time for Copy CMSIS : 0mS.
2024-12-09 13:24:30,191 [INFO] NvicIntPanel:101 - NVIC parent = com.st.microxplorer.plugins.ip.nvic.MultiNvicIntPanel[,0,0,0x0,invalid,layout=javax.swing.BoxLayout,alignmentX=0.0,alignmentY=0.0,border=,flags=9,maximumSize=,minimumSize=,preferredSize=]
2024-12-09 13:24:30,265 [INFO] NvicIntPanel:101 - NVIC parent = com.st.microxplorer.plugins.ip.nvic.MultiNvicIntPanel[,0,0,0x0,invalid,layout=javax.swing.BoxLayout,alignmentX=0.0,alignmentY=0.0,border=,flags=9,maximumSize=,minimumSize=,preferredSize=]
2024-12-09 13:24:34,145 [INFO] NvicIntPanel:101 - NVIC parent = com.st.microxplorer.plugins.ip.nvic.MultiNvicIntPanel[,0,0,0x0,invalid,layout=javax.swing.BoxLayout,alignmentX=0.0,alignmentY=0.0,border=,flags=9,maximumSize=,minimumSize=,preferredSize=]
2024-12-09 13:24:35,406 [INFO] NvicIntPanel:101 - NVIC parent = com.st.microxplorer.plugins.ip.nvic.MultiNvicIntPanel[,0,0,0x0,invalid,layout=javax.swing.BoxLayout,alignmentX=0.0,alignmentY=0.0,border=,flags=9,maximumSize=,minimumSize=,preferredSize=]
2024-12-09 13:24:43,682 [INFO] UtilMem:75 - End SaveConfig() Used Memory: 490079392 Bytes (836763648)
2024-12-09 13:24:44,921 [INFO] UtilMem:75 - End SaveConfig() Used Memory: 529398944 Bytes (836763648)
2024-12-09 13:24:47,016 [INFO] UtilMem:75 - End SaveConfig() Used Memory: 659948704 Bytes (836763648)
2024-12-09 13:24:47,170 [INFO] BlockDiagram:2766 - set Specific Code input for plugin: SPI
2024-12-09 13:24:47,170 [INFO] BlockDiagram:2766 - set Specific Code input for plugin: SYS
2024-12-09 13:24:47,170 [INFO] BlockDiagram:2766 - set Specific Code input for plugin: RCC
2024-12-09 13:24:47,170 [INFO] BlockDiagram:2766 - set Specific Code input for plugin: NVIC
2024-12-09 13:24:47,170 [INFO] BlockDiagram:2766 - set Specific Code input for plugin: USART
2024-12-09 13:24:47,170 [INFO] BlockDiagram:2766 - set Specific Code input for plugin: DMA
2024-12-09 13:24:47,170 [INFO] BlockDiagram:2766 - set Specific Code input for plugin: GPIO
2024-12-09 13:24:47,171 [INFO] CodeGenerator:896 - code generatio: config db path: C:\ST\STM32CubeIDE_1.17.0\STM32CubeIDE\plugins\com.st.stm32cube.common.mx_6.13.0.202411220809\\db\
2024-12-09 13:24:47,178 [INFO] Argument:325 - Argument : hdmavalue: null
2024-12-09 13:24:47,178 [INFO] Argument:327 - 	 sub Args: 
2024-12-09 13:24:47,178 [INFO] Argument:325 - Argument : Instancevalue: DMA1_Channel2
2024-12-09 13:24:47,178 [INFO] Argument:335 - Argument : Instancevalue: DMA1_Channel2
2024-12-09 13:24:47,178 [INFO] Argument:325 - Argument : Initvalue: null
2024-12-09 13:24:47,178 [INFO] Argument:327 - 	 sub Args: 
2024-12-09 13:24:47,178 [INFO] Argument:325 - Argument : Requestvalue: DMA_REQUEST_1
2024-12-09 13:24:47,178 [INFO] Argument:335 - Argument : Requestvalue: DMA_REQUEST_1
2024-12-09 13:24:47,178 [INFO] Argument:325 - Argument : Directionvalue: DMA_PERIPH_TO_MEMORY
2024-12-09 13:24:47,178 [INFO] Argument:335 - Argument : Directionvalue: DMA_PERIPH_TO_MEMORY
2024-12-09 13:24:47,178 [INFO] Argument:325 - Argument : PeriphIncvalue: DMA_PINC_DISABLE
2024-12-09 13:24:47,178 [INFO] Argument:335 - Argument : PeriphIncvalue: DMA_PINC_DISABLE
2024-12-09 13:24:47,178 [INFO] Argument:325 - Argument : MemIncvalue: DMA_MINC_ENABLE
2024-12-09 13:24:47,178 [INFO] Argument:335 - Argument : MemIncvalue: DMA_MINC_ENABLE
2024-12-09 13:24:47,178 [INFO] Argument:325 - Argument : PeriphDataAlignmentvalue: DMA_PDATAALIGN_BYTE
2024-12-09 13:24:47,178 [INFO] Argument:335 - Argument : PeriphDataAlignmentvalue: DMA_PDATAALIGN_BYTE
2024-12-09 13:24:47,178 [INFO] Argument:325 - Argument : MemDataAlignmentvalue: DMA_MDATAALIGN_BYTE
2024-12-09 13:24:47,178 [INFO] Argument:335 - Argument : MemDataAlignmentvalue: DMA_MDATAALIGN_BYTE
2024-12-09 13:24:47,178 [INFO] Argument:325 - Argument : Modevalue: DMA_NORMAL
2024-12-09 13:24:47,178 [INFO] Argument:335 - Argument : Modevalue: DMA_NORMAL
2024-12-09 13:24:47,178 [INFO] Argument:325 - Argument : Priorityvalue: DMA_PRIORITY_LOW
2024-12-09 13:24:47,178 [INFO] Argument:335 - Argument : Priorityvalue: DMA_PRIORITY_LOW
2024-12-09 13:24:47,178 [INFO] Argument:325 - Argument : Lockvalue: null
2024-12-09 13:24:47,178 [INFO] Argument:335 - Argument : Lockvalue: null
2024-12-09 13:24:47,178 [INFO] Argument:325 - Argument : Statevalue: null
2024-12-09 13:24:47,178 [INFO] Argument:335 - Argument : Statevalue: null
2024-12-09 13:24:47,178 [INFO] Argument:325 - Argument : Parentvalue: null
2024-12-09 13:24:47,178 [INFO] Argument:335 - Argument : Parentvalue: null
2024-12-09 13:24:47,178 [INFO] Argument:325 - Argument : XferCpltCallbackvalue: null
2024-12-09 13:24:47,178 [INFO] Argument:335 - Argument : XferCpltCallbackvalue: null
2024-12-09 13:24:47,178 [INFO] Argument:325 - Argument : XferHalfCpltCallbackvalue: null
2024-12-09 13:24:47,178 [INFO] Argument:335 - Argument : XferHalfCpltCallbackvalue: null
2024-12-09 13:24:47,178 [INFO] Argument:325 - Argument : XferErrorCallbackvalue: null
2024-12-09 13:24:47,178 [INFO] Argument:335 - Argument : XferErrorCallbackvalue: null
2024-12-09 13:24:47,178 [INFO] Argument:325 - Argument : XferAbortCallbackvalue: null
2024-12-09 13:24:47,178 [INFO] Argument:335 - Argument : XferAbortCallbackvalue: null
2024-12-09 13:24:47,178 [INFO] Argument:325 - Argument : ErrorCodevalue: null
2024-12-09 13:24:47,178 [INFO] Argument:335 - Argument : ErrorCodevalue: null
2024-12-09 13:24:47,178 [INFO] Argument:325 - Argument : DmaBaseAddressvalue: null
2024-12-09 13:24:47,178 [INFO] Argument:335 - Argument : DmaBaseAddressvalue: null
2024-12-09 13:24:47,178 [INFO] Argument:325 - Argument : ChannelIndexvalue: null
2024-12-09 13:24:47,178 [INFO] Argument:335 - Argument : ChannelIndexvalue: null
2024-12-09 13:24:47,178 [INFO] Argument:325 - Argument : hdmavalue: null
2024-12-09 13:24:47,178 [INFO] Argument:327 - 	 sub Args: 
2024-12-09 13:24:47,178 [INFO] Argument:325 - Argument : Instancevalue: DMA1_Channel2
2024-12-09 13:24:47,178 [INFO] Argument:335 - Argument : Instancevalue: DMA1_Channel2
2024-12-09 13:24:47,178 [INFO] Argument:325 - Argument : Initvalue: null
2024-12-09 13:24:47,178 [INFO] Argument:327 - 	 sub Args: 
2024-12-09 13:24:47,178 [INFO] Argument:325 - Argument : Requestvalue: DMA_REQUEST_1
2024-12-09 13:24:47,178 [INFO] Argument:335 - Argument : Requestvalue: DMA_REQUEST_1
2024-12-09 13:24:47,178 [INFO] Argument:325 - Argument : Directionvalue: DMA_PERIPH_TO_MEMORY
2024-12-09 13:24:47,178 [INFO] Argument:335 - Argument : Directionvalue: DMA_PERIPH_TO_MEMORY
2024-12-09 13:24:47,178 [INFO] Argument:325 - Argument : PeriphIncvalue: DMA_PINC_DISABLE
2024-12-09 13:24:47,178 [INFO] Argument:335 - Argument : PeriphIncvalue: DMA_PINC_DISABLE
2024-12-09 13:24:47,178 [INFO] Argument:325 - Argument : MemIncvalue: DMA_MINC_ENABLE
2024-12-09 13:24:47,178 [INFO] Argument:335 - Argument : MemIncvalue: DMA_MINC_ENABLE
2024-12-09 13:24:47,178 [INFO] Argument:325 - Argument : PeriphDataAlignmentvalue: DMA_PDATAALIGN_BYTE
2024-12-09 13:24:47,178 [INFO] Argument:335 - Argument : PeriphDataAlignmentvalue: DMA_PDATAALIGN_BYTE
2024-12-09 13:24:47,178 [INFO] Argument:325 - Argument : MemDataAlignmentvalue: DMA_MDATAALIGN_BYTE
2024-12-09 13:24:47,178 [INFO] Argument:335 - Argument : MemDataAlignmentvalue: DMA_MDATAALIGN_BYTE
2024-12-09 13:24:47,178 [INFO] Argument:325 - Argument : Modevalue: DMA_NORMAL
2024-12-09 13:24:47,178 [INFO] Argument:335 - Argument : Modevalue: DMA_NORMAL
2024-12-09 13:24:47,178 [INFO] Argument:325 - Argument : Priorityvalue: DMA_PRIORITY_LOW
2024-12-09 13:24:47,178 [INFO] Argument:335 - Argument : Priorityvalue: DMA_PRIORITY_LOW
2024-12-09 13:24:47,178 [INFO] Argument:325 - Argument : Lockvalue: null
2024-12-09 13:24:47,179 [INFO] Argument:335 - Argument : Lockvalue: null
2024-12-09 13:24:47,179 [INFO] Argument:325 - Argument : Statevalue: null
2024-12-09 13:24:47,179 [INFO] Argument:335 - Argument : Statevalue: null
2024-12-09 13:24:47,179 [INFO] Argument:325 - Argument : Parentvalue: null
2024-12-09 13:24:47,179 [INFO] Argument:335 - Argument : Parentvalue: null
2024-12-09 13:24:47,179 [INFO] Argument:325 - Argument : XferCpltCallbackvalue: null
2024-12-09 13:24:47,179 [INFO] Argument:335 - Argument : XferCpltCallbackvalue: null
2024-12-09 13:24:47,179 [INFO] Argument:325 - Argument : XferHalfCpltCallbackvalue: null
2024-12-09 13:24:47,179 [INFO] Argument:335 - Argument : XferHalfCpltCallbackvalue: null
2024-12-09 13:24:47,179 [INFO] Argument:325 - Argument : XferErrorCallbackvalue: null
2024-12-09 13:24:47,179 [INFO] Argument:335 - Argument : XferErrorCallbackvalue: null
2024-12-09 13:24:47,179 [INFO] Argument:325 - Argument : XferAbortCallbackvalue: null
2024-12-09 13:24:47,179 [INFO] Argument:335 - Argument : XferAbortCallbackvalue: null
2024-12-09 13:24:47,179 [INFO] Argument:325 - Argument : ErrorCodevalue: null
2024-12-09 13:24:47,179 [INFO] Argument:335 - Argument : ErrorCodevalue: null
2024-12-09 13:24:47,179 [INFO] Argument:325 - Argument : DmaBaseAddressvalue: null
2024-12-09 13:24:47,179 [INFO] Argument:335 - Argument : DmaBaseAddressvalue: null
2024-12-09 13:24:47,179 [INFO] Argument:325 - Argument : ChannelIndexvalue: null
2024-12-09 13:24:47,179 [INFO] Argument:335 - Argument : ChannelIndexvalue: null
2024-12-09 13:24:47,179 [INFO] Argument:325 - Argument : pSyncConfigvalue: null
2024-12-09 13:24:47,179 [INFO] Argument:327 - 	 sub Args: 
2024-12-09 13:24:47,179 [INFO] Argument:325 - Argument : SyncSignalIDvalue: null
2024-12-09 13:24:47,179 [INFO] Argument:335 - Argument : SyncSignalIDvalue: null
2024-12-09 13:24:47,179 [INFO] Argument:325 - Argument : SyncPolarityvalue: null
2024-12-09 13:24:47,179 [INFO] Argument:335 - Argument : SyncPolarityvalue: null
2024-12-09 13:24:47,179 [INFO] Argument:325 - Argument : SyncEnablevalue: null
2024-12-09 13:24:47,179 [INFO] Argument:335 - Argument : SyncEnablevalue: null
2024-12-09 13:24:47,179 [INFO] Argument:325 - Argument : EventEnablevalue: null
2024-12-09 13:24:47,179 [INFO] Argument:335 - Argument : EventEnablevalue: null
2024-12-09 13:24:47,179 [INFO] Argument:325 - Argument : RequestNumbervalue: null
2024-12-09 13:24:47,179 [INFO] Argument:335 - Argument : RequestNumbervalue: null
2024-12-09 13:24:47,179 [INFO] Argument:325 - Argument : hdmavalue: null
2024-12-09 13:24:47,179 [INFO] Argument:327 - 	 sub Args: 
2024-12-09 13:24:47,179 [INFO] Argument:325 - Argument : Instancevalue: DMA1_Channel3
2024-12-09 13:24:47,179 [INFO] Argument:335 - Argument : Instancevalue: DMA1_Channel3
2024-12-09 13:24:47,179 [INFO] Argument:325 - Argument : Initvalue: null
2024-12-09 13:24:47,179 [INFO] Argument:327 - 	 sub Args: 
2024-12-09 13:24:47,179 [INFO] Argument:325 - Argument : Requestvalue: DMA_REQUEST_1
2024-12-09 13:24:47,179 [INFO] Argument:335 - Argument : Requestvalue: DMA_REQUEST_1
2024-12-09 13:24:47,179 [INFO] Argument:325 - Argument : Directionvalue: DMA_MEMORY_TO_PERIPH
2024-12-09 13:24:47,179 [INFO] Argument:335 - Argument : Directionvalue: DMA_MEMORY_TO_PERIPH
2024-12-09 13:24:47,180 [INFO] Argument:325 - Argument : PeriphIncvalue: DMA_PINC_DISABLE
2024-12-09 13:24:47,180 [INFO] Argument:335 - Argument : PeriphIncvalue: DMA_PINC_DISABLE
2024-12-09 13:24:47,180 [INFO] Argument:325 - Argument : MemIncvalue: DMA_MINC_ENABLE
2024-12-09 13:24:47,180 [INFO] Argument:335 - Argument : MemIncvalue: DMA_MINC_ENABLE
2024-12-09 13:24:47,180 [INFO] Argument:325 - Argument : PeriphDataAlignmentvalue: DMA_PDATAALIGN_BYTE
2024-12-09 13:24:47,180 [INFO] Argument:335 - Argument : PeriphDataAlignmentvalue: DMA_PDATAALIGN_BYTE
2024-12-09 13:24:47,180 [INFO] Argument:325 - Argument : MemDataAlignmentvalue: DMA_MDATAALIGN_BYTE
2024-12-09 13:24:47,180 [INFO] Argument:335 - Argument : MemDataAlignmentvalue: DMA_MDATAALIGN_BYTE
2024-12-09 13:24:47,180 [INFO] Argument:325 - Argument : Modevalue: DMA_NORMAL
2024-12-09 13:24:47,180 [INFO] Argument:335 - Argument : Modevalue: DMA_NORMAL
2024-12-09 13:24:47,180 [INFO] Argument:325 - Argument : Priorityvalue: DMA_PRIORITY_LOW
2024-12-09 13:24:47,180 [INFO] Argument:335 - Argument : Priorityvalue: DMA_PRIORITY_LOW
2024-12-09 13:24:47,180 [INFO] Argument:325 - Argument : Lockvalue: null
2024-12-09 13:24:47,180 [INFO] Argument:335 - Argument : Lockvalue: null
2024-12-09 13:24:47,180 [INFO] Argument:325 - Argument : Statevalue: null
2024-12-09 13:24:47,180 [INFO] Argument:335 - Argument : Statevalue: null
2024-12-09 13:24:47,180 [INFO] Argument:325 - Argument : Parentvalue: null
2024-12-09 13:24:47,180 [INFO] Argument:335 - Argument : Parentvalue: null
2024-12-09 13:24:47,180 [INFO] Argument:325 - Argument : XferCpltCallbackvalue: null
2024-12-09 13:24:47,180 [INFO] Argument:335 - Argument : XferCpltCallbackvalue: null
2024-12-09 13:24:47,180 [INFO] Argument:325 - Argument : XferHalfCpltCallbackvalue: null
2024-12-09 13:24:47,180 [INFO] Argument:335 - Argument : XferHalfCpltCallbackvalue: null
2024-12-09 13:24:47,180 [INFO] Argument:325 - Argument : XferErrorCallbackvalue: null
2024-12-09 13:24:47,180 [INFO] Argument:335 - Argument : XferErrorCallbackvalue: null
2024-12-09 13:24:47,180 [INFO] Argument:325 - Argument : XferAbortCallbackvalue: null
2024-12-09 13:24:47,180 [INFO] Argument:335 - Argument : XferAbortCallbackvalue: null
2024-12-09 13:24:47,180 [INFO] Argument:325 - Argument : ErrorCodevalue: null
2024-12-09 13:24:47,180 [INFO] Argument:335 - Argument : ErrorCodevalue: null
2024-12-09 13:24:47,180 [INFO] Argument:325 - Argument : DmaBaseAddressvalue: null
2024-12-09 13:24:47,180 [INFO] Argument:335 - Argument : DmaBaseAddressvalue: null
2024-12-09 13:24:47,180 [INFO] Argument:325 - Argument : ChannelIndexvalue: null
2024-12-09 13:24:47,180 [INFO] Argument:335 - Argument : ChannelIndexvalue: null
2024-12-09 13:24:47,180 [INFO] Argument:325 - Argument : hdmavalue: null
2024-12-09 13:24:47,180 [INFO] Argument:327 - 	 sub Args: 
2024-12-09 13:24:47,180 [INFO] Argument:325 - Argument : Instancevalue: DMA1_Channel3
2024-12-09 13:24:47,180 [INFO] Argument:335 - Argument : Instancevalue: DMA1_Channel3
2024-12-09 13:24:47,180 [INFO] Argument:325 - Argument : Initvalue: null
2024-12-09 13:24:47,180 [INFO] Argument:327 - 	 sub Args: 
2024-12-09 13:24:47,180 [INFO] Argument:325 - Argument : Requestvalue: DMA_REQUEST_1
2024-12-09 13:24:47,180 [INFO] Argument:335 - Argument : Requestvalue: DMA_REQUEST_1
2024-12-09 13:24:47,180 [INFO] Argument:325 - Argument : Directionvalue: DMA_MEMORY_TO_PERIPH
2024-12-09 13:24:47,180 [INFO] Argument:335 - Argument : Directionvalue: DMA_MEMORY_TO_PERIPH
2024-12-09 13:24:47,180 [INFO] Argument:325 - Argument : PeriphIncvalue: DMA_PINC_DISABLE
2024-12-09 13:24:47,180 [INFO] Argument:335 - Argument : PeriphIncvalue: DMA_PINC_DISABLE
2024-12-09 13:24:47,180 [INFO] Argument:325 - Argument : MemIncvalue: DMA_MINC_ENABLE
2024-12-09 13:24:47,180 [INFO] Argument:335 - Argument : MemIncvalue: DMA_MINC_ENABLE
2024-12-09 13:24:47,180 [INFO] Argument:325 - Argument : PeriphDataAlignmentvalue: DMA_PDATAALIGN_BYTE
2024-12-09 13:24:47,180 [INFO] Argument:335 - Argument : PeriphDataAlignmentvalue: DMA_PDATAALIGN_BYTE
2024-12-09 13:24:47,180 [INFO] Argument:325 - Argument : MemDataAlignmentvalue: DMA_MDATAALIGN_BYTE
2024-12-09 13:24:47,180 [INFO] Argument:335 - Argument : MemDataAlignmentvalue: DMA_MDATAALIGN_BYTE
2024-12-09 13:24:47,180 [INFO] Argument:325 - Argument : Modevalue: DMA_NORMAL
2024-12-09 13:24:47,180 [INFO] Argument:335 - Argument : Modevalue: DMA_NORMAL
2024-12-09 13:24:47,180 [INFO] Argument:325 - Argument : Priorityvalue: DMA_PRIORITY_LOW
2024-12-09 13:24:47,180 [INFO] Argument:335 - Argument : Priorityvalue: DMA_PRIORITY_LOW
2024-12-09 13:24:47,180 [INFO] Argument:325 - Argument : Lockvalue: null
2024-12-09 13:24:47,180 [INFO] Argument:335 - Argument : Lockvalue: null
2024-12-09 13:24:47,180 [INFO] Argument:325 - Argument : Statevalue: null
2024-12-09 13:24:47,180 [INFO] Argument:335 - Argument : Statevalue: null
2024-12-09 13:24:47,180 [INFO] Argument:325 - Argument : Parentvalue: null
2024-12-09 13:24:47,180 [INFO] Argument:335 - Argument : Parentvalue: null
2024-12-09 13:24:47,180 [INFO] Argument:325 - Argument : XferCpltCallbackvalue: null
2024-12-09 13:24:47,180 [INFO] Argument:335 - Argument : XferCpltCallbackvalue: null
2024-12-09 13:24:47,180 [INFO] Argument:325 - Argument : XferHalfCpltCallbackvalue: null
2024-12-09 13:24:47,180 [INFO] Argument:335 - Argument : XferHalfCpltCallbackvalue: null
2024-12-09 13:24:47,180 [INFO] Argument:325 - Argument : XferErrorCallbackvalue: null
2024-12-09 13:24:47,180 [INFO] Argument:335 - Argument : XferErrorCallbackvalue: null
2024-12-09 13:24:47,180 [INFO] Argument:325 - Argument : XferAbortCallbackvalue: null
2024-12-09 13:24:47,180 [INFO] Argument:335 - Argument : XferAbortCallbackvalue: null
2024-12-09 13:24:47,180 [INFO] Argument:325 - Argument : ErrorCodevalue: null
2024-12-09 13:24:47,180 [INFO] Argument:335 - Argument : ErrorCodevalue: null
2024-12-09 13:24:47,180 [INFO] Argument:325 - Argument : DmaBaseAddressvalue: null
2024-12-09 13:24:47,180 [INFO] Argument:335 - Argument : DmaBaseAddressvalue: null
2024-12-09 13:24:47,180 [INFO] Argument:325 - Argument : ChannelIndexvalue: null
2024-12-09 13:24:47,180 [INFO] Argument:335 - Argument : ChannelIndexvalue: null
2024-12-09 13:24:47,180 [INFO] Argument:325 - Argument : pSyncConfigvalue: null
2024-12-09 13:24:47,180 [INFO] Argument:327 - 	 sub Args: 
2024-12-09 13:24:47,180 [INFO] Argument:325 - Argument : SyncSignalIDvalue: null
2024-12-09 13:24:47,180 [INFO] Argument:335 - Argument : SyncSignalIDvalue: null
2024-12-09 13:24:47,180 [INFO] Argument:325 - Argument : SyncPolarityvalue: null
2024-12-09 13:24:47,180 [INFO] Argument:335 - Argument : SyncPolarityvalue: null
2024-12-09 13:24:47,180 [INFO] Argument:325 - Argument : SyncEnablevalue: null
2024-12-09 13:24:47,180 [INFO] Argument:335 - Argument : SyncEnablevalue: null
2024-12-09 13:24:47,180 [INFO] Argument:325 - Argument : EventEnablevalue: null
2024-12-09 13:24:47,180 [INFO] Argument:335 - Argument : EventEnablevalue: null
2024-12-09 13:24:47,181 [INFO] Argument:325 - Argument : RequestNumbervalue: null
2024-12-09 13:24:47,181 [INFO] Argument:335 - Argument : RequestNumbervalue: null
2024-12-09 13:24:47,215 [INFO] CodeEngine:255 - oldGeneratedFile, C:\Users\ZOJOLDRI\STM32CubeIDE\workspace_InProgress\ADIN1110\MXTmpFiles\license.tmp_save
2024-12-09 13:24:47,387 [INFO] CodeEngine:279 - Generated code: C:\Users\ZOJOLDRI\STM32CubeIDE\workspace_InProgress\ADIN1110\MXTmpFiles\license.tmp
2024-12-09 13:24:47,431 [INFO] CodeEngine:255 - oldGeneratedFile, C:\Users\ZOJOLDRI\STM32CubeIDE\workspace_InProgress\ADIN1110\Core\Src\gpio.c_save
2024-12-09 13:24:47,539 [INFO] CodeEngine:279 - Generated code: C:\Users\ZOJOLDRI\STM32CubeIDE\workspace_InProgress\ADIN1110\Core\Src\gpio.c
2024-12-09 13:24:47,544 [INFO] CodeEngine:255 - oldGeneratedFile, C:\Users\ZOJOLDRI\STM32CubeIDE\workspace_InProgress\ADIN1110\Core\Inc\gpio.h_save
2024-12-09 13:24:47,637 [INFO] CodeEngine:279 - Generated code: C:\Users\ZOJOLDRI\STM32CubeIDE\workspace_InProgress\ADIN1110\Core\Inc\gpio.h
2024-12-09 13:24:47,831 [INFO] CodeEngine:255 - oldGeneratedFile, C:\Users\ZOJOLDRI\STM32CubeIDE\workspace_InProgress\ADIN1110\Core\Src\dma.c_save
2024-12-09 13:24:47,885 [INFO] CodeEngine:279 - Generated code: C:\Users\ZOJOLDRI\STM32CubeIDE\workspace_InProgress\ADIN1110\Core\Src\dma.c
2024-12-09 13:24:47,890 [INFO] CodeEngine:255 - oldGeneratedFile, C:\Users\ZOJOLDRI\STM32CubeIDE\workspace_InProgress\ADIN1110\Core\Inc\dma.h_save
2024-12-09 13:24:47,939 [INFO] CodeEngine:279 - Generated code: C:\Users\ZOJOLDRI\STM32CubeIDE\workspace_InProgress\ADIN1110\Core\Inc\dma.h
2024-12-09 13:24:47,959 [INFO] CodeEngine:255 - oldGeneratedFile, C:\Users\ZOJOLDRI\STM32CubeIDE\workspace_InProgress\ADIN1110\Core\Src\spi.c_save
2024-12-09 13:24:48,054 [INFO] CodeEngine:279 - Generated code: C:\Users\ZOJOLDRI\STM32CubeIDE\workspace_InProgress\ADIN1110\Core\Src\spi.c
2024-12-09 13:24:48,060 [INFO] CodeEngine:255 - oldGeneratedFile, C:\Users\ZOJOLDRI\STM32CubeIDE\workspace_InProgress\ADIN1110\Core\Inc\spi.h_save
2024-12-09 13:24:48,113 [INFO] CodeEngine:279 - Generated code: C:\Users\ZOJOLDRI\STM32CubeIDE\workspace_InProgress\ADIN1110\Core\Inc\spi.h
2024-12-09 13:24:48,134 [INFO] CodeEngine:255 - oldGeneratedFile, C:\Users\ZOJOLDRI\STM32CubeIDE\workspace_InProgress\ADIN1110\Core\Src\usart.c_save
2024-12-09 13:24:48,203 [INFO] CodeEngine:279 - Generated code: C:\Users\ZOJOLDRI\STM32CubeIDE\workspace_InProgress\ADIN1110\Core\Src\usart.c
2024-12-09 13:24:48,208 [INFO] CodeEngine:255 - oldGeneratedFile, C:\Users\ZOJOLDRI\STM32CubeIDE\workspace_InProgress\ADIN1110\Core\Inc\usart.h_save
2024-12-09 13:24:48,264 [INFO] CodeEngine:279 - Generated code: C:\Users\ZOJOLDRI\STM32CubeIDE\workspace_InProgress\ADIN1110\Core\Inc\usart.h
2024-12-09 13:24:48,284 [INFO] CodeEngine:255 - oldGeneratedFile, C:\Users\ZOJOLDRI\STM32CubeIDE\workspace_InProgress\ADIN1110\Core\Src\stm32l4xx_it.c_save
2024-12-09 13:24:48,356 [INFO] CodeEngine:279 - Generated code: C:\Users\ZOJOLDRI\STM32CubeIDE\workspace_InProgress\ADIN1110\Core\Src\stm32l4xx_it.c
2024-12-09 13:24:48,361 [INFO] CodeEngine:255 - oldGeneratedFile, C:\Users\ZOJOLDRI\STM32CubeIDE\workspace_InProgress\ADIN1110\Core\Inc\stm32l4xx_it.h_save
2024-12-09 13:24:48,404 [INFO] CodeEngine:279 - Generated code: C:\Users\ZOJOLDRI\STM32CubeIDE\workspace_InProgress\ADIN1110\Core\Inc\stm32l4xx_it.h
2024-12-09 13:24:48,425 [INFO] CodeEngine:255 - oldGeneratedFile, C:\Users\ZOJOLDRI\STM32CubeIDE\workspace_InProgress\ADIN1110\Core\Src\stm32l4xx_hal_msp.c_save
2024-12-09 13:24:48,477 [INFO] CodeEngine:279 - Generated code: C:\Users\ZOJOLDRI\STM32CubeIDE\workspace_InProgress\ADIN1110\Core\Src\stm32l4xx_hal_msp.c
2024-12-09 13:24:48,480 [INFO] CodeEngine:255 - oldGeneratedFile, C:\Users\ZOJOLDRI\STM32CubeIDE\workspace_InProgress\ADIN1110\MXTmpFiles\system.tmp_save
2024-12-09 13:24:48,512 [INFO] CodeEngine:279 - Generated code: C:\Users\ZOJOLDRI\STM32CubeIDE\workspace_InProgress\ADIN1110\MXTmpFiles\system.tmp
2024-12-09 13:24:48,526 [INFO] CodeEngine:311 - oldGeneratedFile, C:\Users\ZOJOLDRI\STM32CubeIDE\workspace_InProgress\ADIN1110\Core\Inc\stm32l4xx_hal_conf.h_save
2024-12-09 13:24:48,586 [INFO] CodeEngine:335 - Generated code: C:\Users\ZOJOLDRI\STM32CubeIDE\workspace_InProgress\ADIN1110\Core\Inc\stm32l4xx_hal_conf.h
2024-12-09 13:24:48,620 [INFO] CodeEngine:255 - oldGeneratedFile, C:\Users\ZOJOLDRI\STM32CubeIDE\workspace_InProgress\ADIN1110\Core\Inc\main.h_save
2024-12-09 13:24:48,666 [INFO] CodeEngine:279 - Generated code: C:\Users\ZOJOLDRI\STM32CubeIDE\workspace_InProgress\ADIN1110\Core\Inc\main.h
2024-12-09 13:24:48,678 [INFO] CodeEngine:255 - oldGeneratedFile, C:\Users\ZOJOLDRI\STM32CubeIDE\workspace_InProgress\ADIN1110\Core\Src\main.c_save
2024-12-09 13:24:48,735 [INFO] CodeEngine:279 - Generated code: C:\Users\ZOJOLDRI\STM32CubeIDE\workspace_InProgress\ADIN1110\Core\Src\main.c
2024-12-09 13:24:48,998 [INFO] ProjectBuilder:3289 - Time for Copy HAL[1] : 138mS.
2024-12-09 13:24:49,002 [INFO] ProjectBuilder:4876 - Project Generator version: 4.5.0-RC5
2024-12-09 13:24:49,037 [INFO] ConfigFileManager:1579 - The Die is : DIE461
2024-12-09 13:24:49,531 [INFO] ProjectBuilder:5154 - Time for Generating toolchain IDE Files: 529mS.
2024-12-09 13:24:49,532 [INFO] ProjectBuilder:3146 - Time for Copy CMSIS : 1mS.
2024-12-09 13:24:49,538 [INFO] ProjectBuilder:3146 - Time for Copy CMSIS : 0mS.
2024-12-09 13:28:28,737 [INFO] WebApp:190 - Connection lost
2024-12-09 13:28:37,930 [INFO] WebApp:187 - Connection restablished
2024-12-09 13:28:40,787 [INFO] WebApp:190 - Connection lost
2024-12-09 13:28:40,933 [INFO] WebApp:187 - Connection restablished
2024-12-09 16:11:23,276 [INFO] WebApp:190 - Connection lost
2024-12-09 16:28:19,560 [INFO] WebApp:187 - Connection restablished
2024-12-09 16:28:20,174 [INFO] WebApp:190 - Connection lost
2024-12-09 16:28:20,305 [INFO] WebApp:187 - Connection restablished
2024-12-09 16:28:23,321 [INFO] WebApp:190 - Connection lost
2024-12-09 16:28:23,529 [INFO] WebApp:187 - Connection restablished
2024-12-09 16:59:37,191 [INFO] WebApp:190 - Connection lost
2024-12-09 17:49:22,141 [ERROR] ConfigurationRetriever:142 - IOException on connection: sw-center.st.com
2024-12-09 17:49:22,143 [ERROR] ConfigurationRetriever:142 - IOException on connection: sw-center.st.com
2024-12-09 17:49:22,144 [ERROR] ConfigurationRetriever:142 - IOException on connection: sw-center.st.com
2024-12-09 17:49:22,482 [ERROR] ConfigurationRetriever:142 - IOException on connection: sw-center.st.com
2024-12-09 17:49:22,483 [ERROR] ConfigurationRetriever:142 - IOException on connection: sw-center.st.com
2024-12-09 17:49:22,483 [ERROR] ConfigurationRetriever:142 - IOException on connection: sw-center.st.com
2024-12-09 17:51:08,692 [ERROR] ConfigurationRetriever:142 - IOException on connection: sw-center.st.com
2024-12-09 17:51:08,693 [ERROR] ConfigurationRetriever:142 - IOException on connection: sw-center.st.com
2024-12-09 17:51:08,694 [ERROR] ConfigurationRetriever:142 - IOException on connection: sw-center.st.com
2024-12-09 17:54:04,257 [INFO] WebApp:187 - Connection restablished
2024-12-09 17:54:06,251 [INFO] WebApp:190 - Connection lost
2024-12-09 17:54:06,366 [INFO] WebApp:187 - Connection restablished
2024-12-09 17:54:41,020 [INFO] WebApp:190 - Connection lost
2024-12-09 17:55:44,405 [INFO] WebApp:187 - Connection restablished
2024-12-09 19:23:23,386 [INFO] NvicIntPanel:101 - NVIC parent = com.st.microxplorer.plugins.ip.nvic.MultiNvicIntPanel[,0,0,0x0,invalid,layout=javax.swing.BoxLayout,alignmentX=0.0,alignmentY=0.0,border=,flags=9,maximumSize=,minimumSize=,preferredSize=]
2024-12-09 19:23:32,138 [INFO] NvicIntPanel:101 - NVIC parent = com.st.microxplorer.plugins.ip.nvic.MultiNvicIntPanel[,0,0,0x0,invalid,layout=javax.swing.BoxLayout,alignmentX=0.0,alignmentY=0.0,border=,flags=9,maximumSize=,minimumSize=,preferredSize=]
2024-12-09 19:23:42,372 [INFO] UtilMem:75 - End SaveConfig() Used Memory: 628887240 Bytes (838860800)
2024-12-09 19:23:43,217 [INFO] UtilMem:75 - End SaveConfig() Used Memory: 668206792 Bytes (838860800)
2024-12-09 19:23:44,289 [INFO] UtilMem:75 - End SaveConfig() Used Memory: 454201640 Bytes (838860800)
2024-12-09 19:23:44,769 [INFO] BlockDiagram:2766 - set Specific Code input for plugin: SPI
2024-12-09 19:23:44,769 [INFO] BlockDiagram:2766 - set Specific Code input for plugin: SYS
2024-12-09 19:23:44,769 [INFO] BlockDiagram:2766 - set Specific Code input for plugin: RCC
2024-12-09 19:23:44,769 [INFO] BlockDiagram:2766 - set Specific Code input for plugin: NVIC
2024-12-09 19:23:44,770 [INFO] BlockDiagram:2766 - set Specific Code input for plugin: USART
2024-12-09 19:23:44,770 [INFO] BlockDiagram:2766 - set Specific Code input for plugin: DMA
2024-12-09 19:23:44,770 [INFO] BlockDiagram:2766 - set Specific Code input for plugin: GPIO
2024-12-09 19:23:44,771 [INFO] CodeGenerator:896 - code generatio: config db path: C:\ST\STM32CubeIDE_1.17.0\STM32CubeIDE\plugins\com.st.stm32cube.common.mx_6.13.0.202411220809\\db\
2024-12-09 19:23:44,775 [INFO] Argument:325 - Argument : hdmavalue: null
2024-12-09 19:23:44,775 [INFO] Argument:327 - 	 sub Args: 
2024-12-09 19:23:44,775 [INFO] Argument:325 - Argument : Instancevalue: DMA1_Channel2
2024-12-09 19:23:44,775 [INFO] Argument:335 - Argument : Instancevalue: DMA1_Channel2
2024-12-09 19:23:44,775 [INFO] Argument:325 - Argument : Initvalue: null
2024-12-09 19:23:44,775 [INFO] Argument:327 - 	 sub Args: 
2024-12-09 19:23:44,775 [INFO] Argument:325 - Argument : Requestvalue: DMA_REQUEST_1
2024-12-09 19:23:44,775 [INFO] Argument:335 - Argument : Requestvalue: DMA_REQUEST_1
2024-12-09 19:23:44,775 [INFO] Argument:325 - Argument : Directionvalue: DMA_PERIPH_TO_MEMORY
2024-12-09 19:23:44,775 [INFO] Argument:335 - Argument : Directionvalue: DMA_PERIPH_TO_MEMORY
2024-12-09 19:23:44,775 [INFO] Argument:325 - Argument : PeriphIncvalue: DMA_PINC_DISABLE
2024-12-09 19:23:44,775 [INFO] Argument:335 - Argument : PeriphIncvalue: DMA_PINC_DISABLE
2024-12-09 19:23:44,775 [INFO] Argument:325 - Argument : MemIncvalue: DMA_MINC_ENABLE
2024-12-09 19:23:44,775 [INFO] Argument:335 - Argument : MemIncvalue: DMA_MINC_ENABLE
2024-12-09 19:23:44,775 [INFO] Argument:325 - Argument : PeriphDataAlignmentvalue: DMA_PDATAALIGN_BYTE
2024-12-09 19:23:44,775 [INFO] Argument:335 - Argument : PeriphDataAlignmentvalue: DMA_PDATAALIGN_BYTE
2024-12-09 19:23:44,775 [INFO] Argument:325 - Argument : MemDataAlignmentvalue: DMA_MDATAALIGN_BYTE
2024-12-09 19:23:44,775 [INFO] Argument:335 - Argument : MemDataAlignmentvalue: DMA_MDATAALIGN_BYTE
2024-12-09 19:23:44,775 [INFO] Argument:325 - Argument : Modevalue: DMA_NORMAL
2024-12-09 19:23:44,775 [INFO] Argument:335 - Argument : Modevalue: DMA_NORMAL
2024-12-09 19:23:44,775 [INFO] Argument:325 - Argument : Priorityvalue: DMA_PRIORITY_LOW
2024-12-09 19:23:44,775 [INFO] Argument:335 - Argument : Priorityvalue: DMA_PRIORITY_LOW
2024-12-09 19:23:44,775 [INFO] Argument:325 - Argument : Lockvalue: null
2024-12-09 19:23:44,775 [INFO] Argument:335 - Argument : Lockvalue: null
2024-12-09 19:23:44,775 [INFO] Argument:325 - Argument : Statevalue: null
2024-12-09 19:23:44,775 [INFO] Argument:335 - Argument : Statevalue: null
2024-12-09 19:23:44,775 [INFO] Argument:325 - Argument : Parentvalue: null
2024-12-09 19:23:44,775 [INFO] Argument:335 - Argument : Parentvalue: null
2024-12-09 19:23:44,775 [INFO] Argument:325 - Argument : XferCpltCallbackvalue: null
2024-12-09 19:23:44,775 [INFO] Argument:335 - Argument : XferCpltCallbackvalue: null
2024-12-09 19:23:44,775 [INFO] Argument:325 - Argument : XferHalfCpltCallbackvalue: null
2024-12-09 19:23:44,775 [INFO] Argument:335 - Argument : XferHalfCpltCallbackvalue: null
2024-12-09 19:23:44,775 [INFO] Argument:325 - Argument : XferErrorCallbackvalue: null
2024-12-09 19:23:44,775 [INFO] Argument:335 - Argument : XferErrorCallbackvalue: null
2024-12-09 19:23:44,775 [INFO] Argument:325 - Argument : XferAbortCallbackvalue: null
2024-12-09 19:23:44,775 [INFO] Argument:335 - Argument : XferAbortCallbackvalue: null
2024-12-09 19:23:44,775 [INFO] Argument:325 - Argument : ErrorCodevalue: null
2024-12-09 19:23:44,775 [INFO] Argument:335 - Argument : ErrorCodevalue: null
2024-12-09 19:23:44,775 [INFO] Argument:325 - Argument : DmaBaseAddressvalue: null
2024-12-09 19:23:44,775 [INFO] Argument:335 - Argument : DmaBaseAddressvalue: null
2024-12-09 19:23:44,775 [INFO] Argument:325 - Argument : ChannelIndexvalue: null
2024-12-09 19:23:44,775 [INFO] Argument:335 - Argument : ChannelIndexvalue: null
2024-12-09 19:23:44,775 [INFO] Argument:325 - Argument : hdmavalue: null
2024-12-09 19:23:44,775 [INFO] Argument:327 - 	 sub Args: 
2024-12-09 19:23:44,775 [INFO] Argument:325 - Argument : Instancevalue: DMA1_Channel2
2024-12-09 19:23:44,775 [INFO] Argument:335 - Argument : Instancevalue: DMA1_Channel2
2024-12-09 19:23:44,775 [INFO] Argument:325 - Argument : Initvalue: null
2024-12-09 19:23:44,775 [INFO] Argument:327 - 	 sub Args: 
2024-12-09 19:23:44,775 [INFO] Argument:325 - Argument : Requestvalue: DMA_REQUEST_1
2024-12-09 19:23:44,775 [INFO] Argument:335 - Argument : Requestvalue: DMA_REQUEST_1
2024-12-09 19:23:44,775 [INFO] Argument:325 - Argument : Directionvalue: DMA_PERIPH_TO_MEMORY
2024-12-09 19:23:44,775 [INFO] Argument:335 - Argument : Directionvalue: DMA_PERIPH_TO_MEMORY
2024-12-09 19:23:44,775 [INFO] Argument:325 - Argument : PeriphIncvalue: DMA_PINC_DISABLE
2024-12-09 19:23:44,775 [INFO] Argument:335 - Argument : PeriphIncvalue: DMA_PINC_DISABLE
2024-12-09 19:23:44,775 [INFO] Argument:325 - Argument : MemIncvalue: DMA_MINC_ENABLE
2024-12-09 19:23:44,775 [INFO] Argument:335 - Argument : MemIncvalue: DMA_MINC_ENABLE
2024-12-09 19:23:44,775 [INFO] Argument:325 - Argument : PeriphDataAlignmentvalue: DMA_PDATAALIGN_BYTE
2024-12-09 19:23:44,775 [INFO] Argument:335 - Argument : PeriphDataAlignmentvalue: DMA_PDATAALIGN_BYTE
2024-12-09 19:23:44,775 [INFO] Argument:325 - Argument : MemDataAlignmentvalue: DMA_MDATAALIGN_BYTE
2024-12-09 19:23:44,775 [INFO] Argument:335 - Argument : MemDataAlignmentvalue: DMA_MDATAALIGN_BYTE
2024-12-09 19:23:44,775 [INFO] Argument:325 - Argument : Modevalue: DMA_NORMAL
2024-12-09 19:23:44,775 [INFO] Argument:335 - Argument : Modevalue: DMA_NORMAL
2024-12-09 19:23:44,775 [INFO] Argument:325 - Argument : Priorityvalue: DMA_PRIORITY_LOW
2024-12-09 19:23:44,775 [INFO] Argument:335 - Argument : Priorityvalue: DMA_PRIORITY_LOW
2024-12-09 19:23:44,775 [INFO] Argument:325 - Argument : Lockvalue: null
2024-12-09 19:23:44,775 [INFO] Argument:335 - Argument : Lockvalue: null
2024-12-09 19:23:44,775 [INFO] Argument:325 - Argument : Statevalue: null
2024-12-09 19:23:44,775 [INFO] Argument:335 - Argument : Statevalue: null
2024-12-09 19:23:44,775 [INFO] Argument:325 - Argument : Parentvalue: null
2024-12-09 19:23:44,775 [INFO] Argument:335 - Argument : Parentvalue: null
2024-12-09 19:23:44,775 [INFO] Argument:325 - Argument : XferCpltCallbackvalue: null
2024-12-09 19:23:44,775 [INFO] Argument:335 - Argument : XferCpltCallbackvalue: null
2024-12-09 19:23:44,775 [INFO] Argument:325 - Argument : XferHalfCpltCallbackvalue: null
2024-12-09 19:23:44,775 [INFO] Argument:335 - Argument : XferHalfCpltCallbackvalue: null
2024-12-09 19:23:44,775 [INFO] Argument:325 - Argument : XferErrorCallbackvalue: null
2024-12-09 19:23:44,775 [INFO] Argument:335 - Argument : XferErrorCallbackvalue: null
2024-12-09 19:23:44,775 [INFO] Argument:325 - Argument : XferAbortCallbackvalue: null
2024-12-09 19:23:44,775 [INFO] Argument:335 - Argument : XferAbortCallbackvalue: null
2024-12-09 19:23:44,775 [INFO] Argument:325 - Argument : ErrorCodevalue: null
2024-12-09 19:23:44,775 [INFO] Argument:335 - Argument : ErrorCodevalue: null
2024-12-09 19:23:44,775 [INFO] Argument:325 - Argument : DmaBaseAddressvalue: null
2024-12-09 19:23:44,775 [INFO] Argument:335 - Argument : DmaBaseAddressvalue: null
2024-12-09 19:23:44,775 [INFO] Argument:325 - Argument : ChannelIndexvalue: null
2024-12-09 19:23:44,775 [INFO] Argument:335 - Argument : ChannelIndexvalue: null
2024-12-09 19:23:44,775 [INFO] Argument:325 - Argument : pSyncConfigvalue: null
2024-12-09 19:23:44,775 [INFO] Argument:327 - 	 sub Args: 
2024-12-09 19:23:44,775 [INFO] Argument:325 - Argument : SyncSignalIDvalue: null
2024-12-09 19:23:44,775 [INFO] Argument:335 - Argument : SyncSignalIDvalue: null
2024-12-09 19:23:44,775 [INFO] Argument:325 - Argument : SyncPolarityvalue: null
2024-12-09 19:23:44,775 [INFO] Argument:335 - Argument : SyncPolarityvalue: null
2024-12-09 19:23:44,775 [INFO] Argument:325 - Argument : SyncEnablevalue: null
2024-12-09 19:23:44,775 [INFO] Argument:335 - Argument : SyncEnablevalue: null
2024-12-09 19:23:44,775 [INFO] Argument:325 - Argument : EventEnablevalue: null
2024-12-09 19:23:44,775 [INFO] Argument:335 - Argument : EventEnablevalue: null
2024-12-09 19:23:44,775 [INFO] Argument:325 - Argument : RequestNumbervalue: null
2024-12-09 19:23:44,775 [INFO] Argument:335 - Argument : RequestNumbervalue: null
2024-12-09 19:23:44,775 [INFO] Argument:325 - Argument : hdmavalue: null
2024-12-09 19:23:44,775 [INFO] Argument:327 - 	 sub Args: 
2024-12-09 19:23:44,775 [INFO] Argument:325 - Argument : Instancevalue: DMA1_Channel3
2024-12-09 19:23:44,775 [INFO] Argument:335 - Argument : Instancevalue: DMA1_Channel3
2024-12-09 19:23:44,775 [INFO] Argument:325 - Argument : Initvalue: null
2024-12-09 19:23:44,775 [INFO] Argument:327 - 	 sub Args: 
2024-12-09 19:23:44,775 [INFO] Argument:325 - Argument : Requestvalue: DMA_REQUEST_1
2024-12-09 19:23:44,775 [INFO] Argument:335 - Argument : Requestvalue: DMA_REQUEST_1
2024-12-09 19:23:44,775 [INFO] Argument:325 - Argument : Directionvalue: DMA_MEMORY_TO_PERIPH
2024-12-09 19:23:44,775 [INFO] Argument:335 - Argument : Directionvalue: DMA_MEMORY_TO_PERIPH
2024-12-09 19:23:44,775 [INFO] Argument:325 - Argument : PeriphIncvalue: DMA_PINC_DISABLE
2024-12-09 19:23:44,775 [INFO] Argument:335 - Argument : PeriphIncvalue: DMA_PINC_DISABLE
2024-12-09 19:23:44,775 [INFO] Argument:325 - Argument : MemIncvalue: DMA_MINC_ENABLE
2024-12-09 19:23:44,775 [INFO] Argument:335 - Argument : MemIncvalue: DMA_MINC_ENABLE
2024-12-09 19:23:44,775 [INFO] Argument:325 - Argument : PeriphDataAlignmentvalue: DMA_PDATAALIGN_BYTE
2024-12-09 19:23:44,788 [INFO] Argument:335 - Argument : PeriphDataAlignmentvalue: DMA_PDATAALIGN_BYTE
2024-12-09 19:23:44,788 [INFO] Argument:325 - Argument : MemDataAlignmentvalue: DMA_MDATAALIGN_BYTE
2024-12-09 19:23:44,788 [INFO] Argument:335 - Argument : MemDataAlignmentvalue: DMA_MDATAALIGN_BYTE
2024-12-09 19:23:44,788 [INFO] Argument:325 - Argument : Modevalue: DMA_NORMAL
2024-12-09 19:23:44,788 [INFO] Argument:335 - Argument : Modevalue: DMA_NORMAL
2024-12-09 19:23:44,788 [INFO] Argument:325 - Argument : Priorityvalue: DMA_PRIORITY_LOW
2024-12-09 19:23:44,788 [INFO] Argument:335 - Argument : Priorityvalue: DMA_PRIORITY_LOW
2024-12-09 19:23:44,788 [INFO] Argument:325 - Argument : Lockvalue: null
2024-12-09 19:23:44,788 [INFO] Argument:335 - Argument : Lockvalue: null
2024-12-09 19:23:44,788 [INFO] Argument:325 - Argument : Statevalue: null
2024-12-09 19:23:44,788 [INFO] Argument:335 - Argument : Statevalue: null
2024-12-09 19:23:44,788 [INFO] Argument:325 - Argument : Parentvalue: null
2024-12-09 19:23:44,789 [INFO] Argument:335 - Argument : Parentvalue: null
2024-12-09 19:23:44,789 [INFO] Argument:325 - Argument : XferCpltCallbackvalue: null
2024-12-09 19:23:44,789 [INFO] Argument:335 - Argument : XferCpltCallbackvalue: null
2024-12-09 19:23:44,789 [INFO] Argument:325 - Argument : XferHalfCpltCallbackvalue: null
2024-12-09 19:23:44,789 [INFO] Argument:335 - Argument : XferHalfCpltCallbackvalue: null
2024-12-09 19:23:44,789 [INFO] Argument:325 - Argument : XferErrorCallbackvalue: null
2024-12-09 19:23:44,789 [INFO] Argument:335 - Argument : XferErrorCallbackvalue: null
2024-12-09 19:23:44,789 [INFO] Argument:325 - Argument : XferAbortCallbackvalue: null
2024-12-09 19:23:44,789 [INFO] Argument:335 - Argument : XferAbortCallbackvalue: null
2024-12-09 19:23:44,789 [INFO] Argument:325 - Argument : ErrorCodevalue: null
2024-12-09 19:23:44,789 [INFO] Argument:335 - Argument : ErrorCodevalue: null
2024-12-09 19:23:44,789 [INFO] Argument:325 - Argument : DmaBaseAddressvalue: null
2024-12-09 19:23:44,789 [INFO] Argument:335 - Argument : DmaBaseAddressvalue: null
2024-12-09 19:23:44,789 [INFO] Argument:325 - Argument : ChannelIndexvalue: null
2024-12-09 19:23:44,789 [INFO] Argument:335 - Argument : ChannelIndexvalue: null
2024-12-09 19:23:44,789 [INFO] Argument:325 - Argument : hdmavalue: null
2024-12-09 19:23:44,789 [INFO] Argument:327 - 	 sub Args: 
2024-12-09 19:23:44,789 [INFO] Argument:325 - Argument : Instancevalue: DMA1_Channel3
2024-12-09 19:23:44,789 [INFO] Argument:335 - Argument : Instancevalue: DMA1_Channel3
2024-12-09 19:23:44,789 [INFO] Argument:325 - Argument : Initvalue: null
2024-12-09 19:23:44,789 [INFO] Argument:327 - 	 sub Args: 
2024-12-09 19:23:44,789 [INFO] Argument:325 - Argument : Requestvalue: DMA_REQUEST_1
2024-12-09 19:23:44,789 [INFO] Argument:335 - Argument : Requestvalue: DMA_REQUEST_1
2024-12-09 19:23:44,789 [INFO] Argument:325 - Argument : Directionvalue: DMA_MEMORY_TO_PERIPH
2024-12-09 19:23:44,789 [INFO] Argument:335 - Argument : Directionvalue: DMA_MEMORY_TO_PERIPH
2024-12-09 19:23:44,789 [INFO] Argument:325 - Argument : PeriphIncvalue: DMA_PINC_DISABLE
2024-12-09 19:23:44,790 [INFO] Argument:335 - Argument : PeriphIncvalue: DMA_PINC_DISABLE
2024-12-09 19:23:44,790 [INFO] Argument:325 - Argument : MemIncvalue: DMA_MINC_ENABLE
2024-12-09 19:23:44,790 [INFO] Argument:335 - Argument : MemIncvalue: DMA_MINC_ENABLE
2024-12-09 19:23:44,790 [INFO] Argument:325 - Argument : PeriphDataAlignmentvalue: DMA_PDATAALIGN_BYTE
2024-12-09 19:23:44,790 [INFO] Argument:335 - Argument : PeriphDataAlignmentvalue: DMA_PDATAALIGN_BYTE
2024-12-09 19:23:44,790 [INFO] Argument:325 - Argument : MemDataAlignmentvalue: DMA_MDATAALIGN_BYTE
2024-12-09 19:23:44,790 [INFO] Argument:335 - Argument : MemDataAlignmentvalue: DMA_MDATAALIGN_BYTE
2024-12-09 19:23:44,790 [INFO] Argument:325 - Argument : Modevalue: DMA_NORMAL
2024-12-09 19:23:44,790 [INFO] Argument:335 - Argument : Modevalue: DMA_NORMAL
2024-12-09 19:23:44,790 [INFO] Argument:325 - Argument : Priorityvalue: DMA_PRIORITY_LOW
2024-12-09 19:23:44,790 [INFO] Argument:335 - Argument : Priorityvalue: DMA_PRIORITY_LOW
2024-12-09 19:23:44,790 [INFO] Argument:325 - Argument : Lockvalue: null
2024-12-09 19:23:44,790 [INFO] Argument:335 - Argument : Lockvalue: null
2024-12-09 19:23:44,790 [INFO] Argument:325 - Argument : Statevalue: null
2024-12-09 19:23:44,790 [INFO] Argument:335 - Argument : Statevalue: null
2024-12-09 19:23:44,790 [INFO] Argument:325 - Argument : Parentvalue: null
2024-12-09 19:23:44,790 [INFO] Argument:335 - Argument : Parentvalue: null
2024-12-09 19:23:44,790 [INFO] Argument:325 - Argument : XferCpltCallbackvalue: null
2024-12-09 19:23:44,790 [INFO] Argument:335 - Argument : XferCpltCallbackvalue: null
2024-12-09 19:23:44,790 [INFO] Argument:325 - Argument : XferHalfCpltCallbackvalue: null
2024-12-09 19:23:44,790 [INFO] Argument:335 - Argument : XferHalfCpltCallbackvalue: null
2024-12-09 19:23:44,790 [INFO] Argument:325 - Argument : XferErrorCallbackvalue: null
2024-12-09 19:23:44,790 [INFO] Argument:335 - Argument : XferErrorCallbackvalue: null
2024-12-09 19:23:44,790 [INFO] Argument:325 - Argument : XferAbortCallbackvalue: null
2024-12-09 19:23:44,790 [INFO] Argument:335 - Argument : XferAbortCallbackvalue: null
2024-12-09 19:23:44,790 [INFO] Argument:325 - Argument : ErrorCodevalue: null
2024-12-09 19:23:44,791 [INFO] Argument:335 - Argument : ErrorCodevalue: null
2024-12-09 19:23:44,791 [INFO] Argument:325 - Argument : DmaBaseAddressvalue: null
2024-12-09 19:23:44,791 [INFO] Argument:335 - Argument : DmaBaseAddressvalue: null
2024-12-09 19:23:44,791 [INFO] Argument:325 - Argument : ChannelIndexvalue: null
2024-12-09 19:23:44,791 [INFO] Argument:335 - Argument : ChannelIndexvalue: null
2024-12-09 19:23:44,791 [INFO] Argument:325 - Argument : pSyncConfigvalue: null
2024-12-09 19:23:44,791 [INFO] Argument:327 - 	 sub Args: 
2024-12-09 19:23:44,791 [INFO] Argument:325 - Argument : SyncSignalIDvalue: null
2024-12-09 19:23:44,791 [INFO] Argument:335 - Argument : SyncSignalIDvalue: null
2024-12-09 19:23:44,791 [INFO] Argument:325 - Argument : SyncPolarityvalue: null
2024-12-09 19:23:44,791 [INFO] Argument:335 - Argument : SyncPolarityvalue: null
2024-12-09 19:23:44,791 [INFO] Argument:325 - Argument : SyncEnablevalue: null
2024-12-09 19:23:44,791 [INFO] Argument:335 - Argument : SyncEnablevalue: null
2024-12-09 19:23:44,791 [INFO] Argument:325 - Argument : EventEnablevalue: null
2024-12-09 19:23:44,791 [INFO] Argument:335 - Argument : EventEnablevalue: null
2024-12-09 19:23:44,791 [INFO] Argument:325 - Argument : RequestNumbervalue: null
2024-12-09 19:23:44,791 [INFO] Argument:335 - Argument : RequestNumbervalue: null
2024-12-09 19:23:44,903 [INFO] CodeEngine:255 - oldGeneratedFile, C:\Users\ZOJOLDRI\STM32CubeIDE\workspace_InProgress\ADIN1110\MXTmpFiles\license.tmp_save
2024-12-09 19:23:45,188 [INFO] CodeEngine:279 - Generated code: C:\Users\ZOJOLDRI\STM32CubeIDE\workspace_InProgress\ADIN1110\MXTmpFiles\license.tmp
2024-12-09 19:23:45,258 [INFO] CodeEngine:255 - oldGeneratedFile, C:\Users\ZOJOLDRI\STM32CubeIDE\workspace_InProgress\ADIN1110\Core\Src\gpio.c_save
2024-12-09 19:23:45,491 [INFO] CodeEngine:279 - Generated code: C:\Users\ZOJOLDRI\STM32CubeIDE\workspace_InProgress\ADIN1110\Core\Src\gpio.c
2024-12-09 19:23:45,521 [INFO] CodeEngine:255 - oldGeneratedFile, C:\Users\ZOJOLDRI\STM32CubeIDE\workspace_InProgress\ADIN1110\Core\Inc\gpio.h_save
2024-12-09 19:23:45,709 [INFO] CodeEngine:279 - Generated code: C:\Users\ZOJOLDRI\STM32CubeIDE\workspace_InProgress\ADIN1110\Core\Inc\gpio.h
2024-12-09 19:23:45,975 [INFO] CodeEngine:255 - oldGeneratedFile, C:\Users\ZOJOLDRI\STM32CubeIDE\workspace_InProgress\ADIN1110\Core\Src\dma.c_save
2024-12-09 19:23:46,109 [INFO] CodeEngine:279 - Generated code: C:\Users\ZOJOLDRI\STM32CubeIDE\workspace_InProgress\ADIN1110\Core\Src\dma.c
2024-12-09 19:23:46,149 [INFO] CodeEngine:255 - oldGeneratedFile, C:\Users\ZOJOLDRI\STM32CubeIDE\workspace_InProgress\ADIN1110\Core\Inc\dma.h_save
2024-12-09 19:23:46,272 [INFO] CodeEngine:279 - Generated code: C:\Users\ZOJOLDRI\STM32CubeIDE\workspace_InProgress\ADIN1110\Core\Inc\dma.h
2024-12-09 19:23:46,308 [INFO] CodeEngine:255 - oldGeneratedFile, C:\Users\ZOJOLDRI\STM32CubeIDE\workspace_InProgress\ADIN1110\Core\Src\spi.c_save
2024-12-09 19:23:46,479 [INFO] CodeEngine:279 - Generated code: C:\Users\ZOJOLDRI\STM32CubeIDE\workspace_InProgress\ADIN1110\Core\Src\spi.c
2024-12-09 19:23:46,513 [INFO] CodeEngine:255 - oldGeneratedFile, C:\Users\ZOJOLDRI\STM32CubeIDE\workspace_InProgress\ADIN1110\Core\Inc\spi.h_save
2024-12-09 19:23:46,619 [INFO] CodeEngine:279 - Generated code: C:\Users\ZOJOLDRI\STM32CubeIDE\workspace_InProgress\ADIN1110\Core\Inc\spi.h
2024-12-09 19:23:46,637 [INFO] CodeEngine:255 - oldGeneratedFile, C:\Users\ZOJOLDRI\STM32CubeIDE\workspace_InProgress\ADIN1110\Core\Src\usart.c_save
2024-12-09 19:23:46,782 [INFO] CodeEngine:279 - Generated code: C:\Users\ZOJOLDRI\STM32CubeIDE\workspace_InProgress\ADIN1110\Core\Src\usart.c
2024-12-09 19:23:46,788 [INFO] CodeEngine:255 - oldGeneratedFile, C:\Users\ZOJOLDRI\STM32CubeIDE\workspace_InProgress\ADIN1110\Core\Inc\usart.h_save
2024-12-09 19:23:46,925 [INFO] CodeEngine:279 - Generated code: C:\Users\ZOJOLDRI\STM32CubeIDE\workspace_InProgress\ADIN1110\Core\Inc\usart.h
2024-12-09 19:23:46,960 [INFO] CodeEngine:255 - oldGeneratedFile, C:\Users\ZOJOLDRI\STM32CubeIDE\workspace_InProgress\ADIN1110\Core\Src\stm32l4xx_it.c_save
2024-12-09 19:23:47,174 [INFO] CodeEngine:279 - Generated code: C:\Users\ZOJOLDRI\STM32CubeIDE\workspace_InProgress\ADIN1110\Core\Src\stm32l4xx_it.c
2024-12-09 19:23:47,202 [INFO] CodeEngine:255 - oldGeneratedFile, C:\Users\ZOJOLDRI\STM32CubeIDE\workspace_InProgress\ADIN1110\Core\Inc\stm32l4xx_it.h_save
2024-12-09 19:23:47,284 [INFO] CodeEngine:279 - Generated code: C:\Users\ZOJOLDRI\STM32CubeIDE\workspace_InProgress\ADIN1110\Core\Inc\stm32l4xx_it.h
2024-12-09 19:23:47,329 [INFO] CodeEngine:255 - oldGeneratedFile, C:\Users\ZOJOLDRI\STM32CubeIDE\workspace_InProgress\ADIN1110\Core\Src\stm32l4xx_hal_msp.c_save
2024-12-09 19:23:47,439 [INFO] CodeEngine:279 - Generated code: C:\Users\ZOJOLDRI\STM32CubeIDE\workspace_InProgress\ADIN1110\Core\Src\stm32l4xx_hal_msp.c
2024-12-09 19:23:47,465 [INFO] CodeEngine:255 - oldGeneratedFile, C:\Users\ZOJOLDRI\STM32CubeIDE\workspace_InProgress\ADIN1110\MXTmpFiles\system.tmp_save
2024-12-09 19:23:47,503 [INFO] CodeEngine:279 - Generated code: C:\Users\ZOJOLDRI\STM32CubeIDE\workspace_InProgress\ADIN1110\MXTmpFiles\system.tmp
2024-12-09 19:23:47,518 [INFO] CodeEngine:311 - oldGeneratedFile, C:\Users\ZOJOLDRI\STM32CubeIDE\workspace_InProgress\ADIN1110\Core\Inc\stm32l4xx_hal_conf.h_save
2024-12-09 19:23:47,651 [INFO] CodeEngine:335 - Generated code: C:\Users\ZOJOLDRI\STM32CubeIDE\workspace_InProgress\ADIN1110\Core\Inc\stm32l4xx_hal_conf.h
2024-12-09 19:23:47,748 [INFO] CodeEngine:255 - oldGeneratedFile, C:\Users\ZOJOLDRI\STM32CubeIDE\workspace_InProgress\ADIN1110\Core\Inc\main.h_save
2024-12-09 19:23:47,895 [INFO] CodeEngine:279 - Generated code: C:\Users\ZOJOLDRI\STM32CubeIDE\workspace_InProgress\ADIN1110\Core\Inc\main.h
2024-12-09 19:23:47,925 [INFO] CodeEngine:255 - oldGeneratedFile, C:\Users\ZOJOLDRI\STM32CubeIDE\workspace_InProgress\ADIN1110\Core\Src\main.c_save
2024-12-09 19:23:48,059 [INFO] CodeEngine:279 - Generated code: C:\Users\ZOJOLDRI\STM32CubeIDE\workspace_InProgress\ADIN1110\Core\Src\main.c
2024-12-09 19:23:48,433 [INFO] ProjectBuilder:3289 - Time for Copy HAL[1] : 180mS.
2024-12-09 19:23:48,437 [INFO] ProjectBuilder:4876 - Project Generator version: 4.5.0-RC5
2024-12-09 19:23:48,487 [INFO] ConfigFileManager:1579 - The Die is : DIE461
2024-12-09 19:23:50,990 [INFO] ProjectBuilder:5154 - Time for Generating toolchain IDE Files: 2554mS.
2024-12-09 19:23:50,991 [INFO] ProjectBuilder:3146 - Time for Copy CMSIS : 0mS.
2024-12-09 19:23:50,998 [INFO] ProjectBuilder:3146 - Time for Copy CMSIS : 1mS.
2024-12-09 19:39:40,938 [INFO] NvicIntPanel:101 - NVIC parent = com.st.microxplorer.plugins.ip.nvic.MultiNvicIntPanel[,0,0,0x0,invalid,layout=javax.swing.BoxLayout,alignmentX=0.0,alignmentY=0.0,border=,flags=9,maximumSize=,minimumSize=,preferredSize=]
2024-12-09 19:39:42,232 [INFO] NvicIntPanel:101 - NVIC parent = com.st.microxplorer.plugins.ip.nvic.MultiNvicIntPanel[,0,0,0x0,invalid,layout=javax.swing.BoxLayout,alignmentX=0.0,alignmentY=0.0,border=,flags=9,maximumSize=,minimumSize=,preferredSize=]
2024-12-09 19:39:48,565 [INFO] NvicIntPanel:101 - NVIC parent = com.st.microxplorer.plugins.ip.nvic.MultiNvicIntPanel[,0,0,0x0,invalid,layout=javax.swing.BoxLayout,alignmentX=0.0,alignmentY=0.0,border=,flags=9,maximumSize=,minimumSize=,preferredSize=]
2024-12-09 19:39:51,252 [INFO] NvicIntPanel:101 - NVIC parent = com.st.microxplorer.plugins.ip.nvic.MultiNvicIntPanel[,0,0,0x0,invalid,layout=javax.swing.BoxLayout,alignmentX=0.0,alignmentY=0.0,border=,flags=9,maximumSize=,minimumSize=,preferredSize=]
2024-12-09 19:39:53,982 [INFO] NvicIntPanel:101 - NVIC parent = com.st.microxplorer.plugins.ip.nvic.MultiNvicIntPanel[,0,0,0x0,invalid,layout=javax.swing.BoxLayout,alignmentX=0.0,alignmentY=0.0,border=,flags=9,maximumSize=,minimumSize=,preferredSize=]
2024-12-09 19:39:55,578 [INFO] NvicIntPanel:101 - NVIC parent = com.st.microxplorer.plugins.ip.nvic.MultiNvicIntPanel[,0,0,0x0,invalid,layout=javax.swing.BoxLayout,alignmentX=0.0,alignmentY=0.0,border=,flags=9,maximumSize=,minimumSize=,preferredSize=]
2024-12-09 19:39:57,409 [INFO] NvicIntPanel:101 - NVIC parent = com.st.microxplorer.plugins.ip.nvic.MultiNvicIntPanel[,0,0,0x0,invalid,layout=javax.swing.BoxLayout,alignmentX=0.0,alignmentY=0.0,border=,flags=9,maximumSize=,minimumSize=,preferredSize=]
2024-12-09 19:40:15,284 [INFO] NvicIntPanel:101 - NVIC parent = com.st.microxplorer.plugins.ip.nvic.MultiNvicIntPanel[,0,0,0x0,invalid,layout=javax.swing.BoxLayout,alignmentX=0.0,alignmentY=0.0,border=,flags=9,maximumSize=,minimumSize=,preferredSize=]
2024-12-09 19:40:15,953 [INFO] NvicIntPanel:101 - NVIC parent = com.st.microxplorer.plugins.ip.nvic.MultiNvicIntPanel[,0,0,0x0,invalid,layout=javax.swing.BoxLayout,alignmentX=0.0,alignmentY=0.0,border=,flags=9,maximumSize=,minimumSize=,preferredSize=]
2024-12-09 19:40:21,177 [INFO] UtilMem:75 - End SaveConfig() Used Memory: 675768376 Bytes (838860800)
2024-12-09 19:40:22,341 [INFO] UtilMem:75 - End SaveConfig() Used Memory: 716140600 Bytes (838860800)
2024-12-09 19:40:23,613 [INFO] UtilMem:75 - End SaveConfig() Used Memory: 449815928 Bytes (838860800)
2024-12-09 19:40:24,057 [INFO] BlockDiagram:2766 - set Specific Code input for plugin: SPI
2024-12-09 19:40:24,057 [INFO] BlockDiagram:2766 - set Specific Code input for plugin: SYS
2024-12-09 19:40:24,057 [INFO] BlockDiagram:2766 - set Specific Code input for plugin: RCC
2024-12-09 19:40:24,057 [INFO] BlockDiagram:2766 - set Specific Code input for plugin: NVIC
2024-12-09 19:40:24,057 [INFO] BlockDiagram:2766 - set Specific Code input for plugin: USART
2024-12-09 19:40:24,057 [INFO] BlockDiagram:2766 - set Specific Code input for plugin: DMA
2024-12-09 19:40:24,058 [INFO] BlockDiagram:2766 - set Specific Code input for plugin: GPIO
2024-12-09 19:40:24,059 [INFO] CodeGenerator:896 - code generatio: config db path: C:\ST\STM32CubeIDE_1.17.0\STM32CubeIDE\plugins\com.st.stm32cube.common.mx_6.13.0.202411220809\\db\
2024-12-09 19:40:24,069 [INFO] Argument:325 - Argument : hdmavalue: null
2024-12-09 19:40:24,069 [INFO] Argument:327 - 	 sub Args: 
2024-12-09 19:40:24,069 [INFO] Argument:325 - Argument : Instancevalue: DMA1_Channel2
2024-12-09 19:40:24,069 [INFO] Argument:335 - Argument : Instancevalue: DMA1_Channel2
2024-12-09 19:40:24,069 [INFO] Argument:325 - Argument : Initvalue: null
2024-12-09 19:40:24,069 [INFO] Argument:327 - 	 sub Args: 
2024-12-09 19:40:24,069 [INFO] Argument:325 - Argument : Requestvalue: DMA_REQUEST_1
2024-12-09 19:40:24,069 [INFO] Argument:335 - Argument : Requestvalue: DMA_REQUEST_1
2024-12-09 19:40:24,069 [INFO] Argument:325 - Argument : Directionvalue: DMA_PERIPH_TO_MEMORY
2024-12-09 19:40:24,069 [INFO] Argument:335 - Argument : Directionvalue: DMA_PERIPH_TO_MEMORY
2024-12-09 19:40:24,069 [INFO] Argument:325 - Argument : PeriphIncvalue: DMA_PINC_DISABLE
2024-12-09 19:40:24,069 [INFO] Argument:335 - Argument : PeriphIncvalue: DMA_PINC_DISABLE
2024-12-09 19:40:24,069 [INFO] Argument:325 - Argument : MemIncvalue: DMA_MINC_ENABLE
2024-12-09 19:40:24,069 [INFO] Argument:335 - Argument : MemIncvalue: DMA_MINC_ENABLE
2024-12-09 19:40:24,069 [INFO] Argument:325 - Argument : PeriphDataAlignmentvalue: DMA_PDATAALIGN_BYTE
2024-12-09 19:40:24,069 [INFO] Argument:335 - Argument : PeriphDataAlignmentvalue: DMA_PDATAALIGN_BYTE
2024-12-09 19:40:24,069 [INFO] Argument:325 - Argument : MemDataAlignmentvalue: DMA_MDATAALIGN_BYTE
2024-12-09 19:40:24,069 [INFO] Argument:335 - Argument : MemDataAlignmentvalue: DMA_MDATAALIGN_BYTE
2024-12-09 19:40:24,069 [INFO] Argument:325 - Argument : Modevalue: DMA_NORMAL
2024-12-09 19:40:24,069 [INFO] Argument:335 - Argument : Modevalue: DMA_NORMAL
2024-12-09 19:40:24,069 [INFO] Argument:325 - Argument : Priorityvalue: DMA_PRIORITY_LOW
2024-12-09 19:40:24,070 [INFO] Argument:335 - Argument : Priorityvalue: DMA_PRIORITY_LOW
2024-12-09 19:40:24,070 [INFO] Argument:325 - Argument : Lockvalue: null
2024-12-09 19:40:24,070 [INFO] Argument:335 - Argument : Lockvalue: null
2024-12-09 19:40:24,070 [INFO] Argument:325 - Argument : Statevalue: null
2024-12-09 19:40:24,070 [INFO] Argument:335 - Argument : Statevalue: null
2024-12-09 19:40:24,070 [INFO] Argument:325 - Argument : Parentvalue: null
2024-12-09 19:40:24,070 [INFO] Argument:335 - Argument : Parentvalue: null
2024-12-09 19:40:24,070 [INFO] Argument:325 - Argument : XferCpltCallbackvalue: null
2024-12-09 19:40:24,070 [INFO] Argument:335 - Argument : XferCpltCallbackvalue: null
2024-12-09 19:40:24,070 [INFO] Argument:325 - Argument : XferHalfCpltCallbackvalue: null
2024-12-09 19:40:24,070 [INFO] Argument:335 - Argument : XferHalfCpltCallbackvalue: null
2024-12-09 19:40:24,070 [INFO] Argument:325 - Argument : XferErrorCallbackvalue: null
2024-12-09 19:40:24,070 [INFO] Argument:335 - Argument : XferErrorCallbackvalue: null
2024-12-09 19:40:24,070 [INFO] Argument:325 - Argument : XferAbortCallbackvalue: null
2024-12-09 19:40:24,070 [INFO] Argument:335 - Argument : XferAbortCallbackvalue: null
2024-12-09 19:40:24,070 [INFO] Argument:325 - Argument : ErrorCodevalue: null
2024-12-09 19:40:24,070 [INFO] Argument:335 - Argument : ErrorCodevalue: null
2024-12-09 19:40:24,070 [INFO] Argument:325 - Argument : DmaBaseAddressvalue: null
2024-12-09 19:40:24,070 [INFO] Argument:335 - Argument : DmaBaseAddressvalue: null
2024-12-09 19:40:24,070 [INFO] Argument:325 - Argument : ChannelIndexvalue: null
2024-12-09 19:40:24,070 [INFO] Argument:335 - Argument : ChannelIndexvalue: null
2024-12-09 19:40:24,070 [INFO] Argument:325 - Argument : hdmavalue: null
2024-12-09 19:40:24,070 [INFO] Argument:327 - 	 sub Args: 
2024-12-09 19:40:24,071 [INFO] Argument:325 - Argument : Instancevalue: DMA1_Channel2
2024-12-09 19:40:24,071 [INFO] Argument:335 - Argument : Instancevalue: DMA1_Channel2
2024-12-09 19:40:24,071 [INFO] Argument:325 - Argument : Initvalue: null
2024-12-09 19:40:24,071 [INFO] Argument:327 - 	 sub Args: 
2024-12-09 19:40:24,071 [INFO] Argument:325 - Argument : Requestvalue: DMA_REQUEST_1
2024-12-09 19:40:24,071 [INFO] Argument:335 - Argument : Requestvalue: DMA_REQUEST_1
2024-12-09 19:40:24,071 [INFO] Argument:325 - Argument : Directionvalue: DMA_PERIPH_TO_MEMORY
2024-12-09 19:40:24,071 [INFO] Argument:335 - Argument : Directionvalue: DMA_PERIPH_TO_MEMORY
2024-12-09 19:40:24,071 [INFO] Argument:325 - Argument : PeriphIncvalue: DMA_PINC_DISABLE
2024-12-09 19:40:24,071 [INFO] Argument:335 - Argument : PeriphIncvalue: DMA_PINC_DISABLE
2024-12-09 19:40:24,071 [INFO] Argument:325 - Argument : MemIncvalue: DMA_MINC_ENABLE
2024-12-09 19:40:24,071 [INFO] Argument:335 - Argument : MemIncvalue: DMA_MINC_ENABLE
2024-12-09 19:40:24,071 [INFO] Argument:325 - Argument : PeriphDataAlignmentvalue: DMA_PDATAALIGN_BYTE
2024-12-09 19:40:24,071 [INFO] Argument:335 - Argument : PeriphDataAlignmentvalue: DMA_PDATAALIGN_BYTE
2024-12-09 19:40:24,071 [INFO] Argument:325 - Argument : MemDataAlignmentvalue: DMA_MDATAALIGN_BYTE
2024-12-09 19:40:24,071 [INFO] Argument:335 - Argument : MemDataAlignmentvalue: DMA_MDATAALIGN_BYTE
2024-12-09 19:40:24,071 [INFO] Argument:325 - Argument : Modevalue: DMA_NORMAL
2024-12-09 19:40:24,071 [INFO] Argument:335 - Argument : Modevalue: DMA_NORMAL
2024-12-09 19:40:24,071 [INFO] Argument:325 - Argument : Priorityvalue: DMA_PRIORITY_LOW
2024-12-09 19:40:24,071 [INFO] Argument:335 - Argument : Priorityvalue: DMA_PRIORITY_LOW
2024-12-09 19:40:24,071 [INFO] Argument:325 - Argument : Lockvalue: null
2024-12-09 19:40:24,071 [INFO] Argument:335 - Argument : Lockvalue: null
2024-12-09 19:40:24,071 [INFO] Argument:325 - Argument : Statevalue: null
2024-12-09 19:40:24,071 [INFO] Argument:335 - Argument : Statevalue: null
2024-12-09 19:40:24,071 [INFO] Argument:325 - Argument : Parentvalue: null
2024-12-09 19:40:24,071 [INFO] Argument:335 - Argument : Parentvalue: null
2024-12-09 19:40:24,071 [INFO] Argument:325 - Argument : XferCpltCallbackvalue: null
2024-12-09 19:40:24,071 [INFO] Argument:335 - Argument : XferCpltCallbackvalue: null
2024-12-09 19:40:24,071 [INFO] Argument:325 - Argument : XferHalfCpltCallbackvalue: null
2024-12-09 19:40:24,071 [INFO] Argument:335 - Argument : XferHalfCpltCallbackvalue: null
2024-12-09 19:40:24,071 [INFO] Argument:325 - Argument : XferErrorCallbackvalue: null
2024-12-09 19:40:24,071 [INFO] Argument:335 - Argument : XferErrorCallbackvalue: null
2024-12-09 19:40:24,071 [INFO] Argument:325 - Argument : XferAbortCallbackvalue: null
2024-12-09 19:40:24,071 [INFO] Argument:335 - Argument : XferAbortCallbackvalue: null
2024-12-09 19:40:24,071 [INFO] Argument:325 - Argument : ErrorCodevalue: null
2024-12-09 19:40:24,071 [INFO] Argument:335 - Argument : ErrorCodevalue: null
2024-12-09 19:40:24,071 [INFO] Argument:325 - Argument : DmaBaseAddressvalue: null
2024-12-09 19:40:24,071 [INFO] Argument:335 - Argument : DmaBaseAddressvalue: null
2024-12-09 19:40:24,071 [INFO] Argument:325 - Argument : ChannelIndexvalue: null
2024-12-09 19:40:24,071 [INFO] Argument:335 - Argument : ChannelIndexvalue: null
2024-12-09 19:40:24,071 [INFO] Argument:325 - Argument : pSyncConfigvalue: null
2024-12-09 19:40:24,071 [INFO] Argument:327 - 	 sub Args: 
2024-12-09 19:40:24,071 [INFO] Argument:325 - Argument : SyncSignalIDvalue: null
2024-12-09 19:40:24,071 [INFO] Argument:335 - Argument : SyncSignalIDvalue: null
2024-12-09 19:40:24,071 [INFO] Argument:325 - Argument : SyncPolarityvalue: null
2024-12-09 19:40:24,071 [INFO] Argument:335 - Argument : SyncPolarityvalue: null
2024-12-09 19:40:24,071 [INFO] Argument:325 - Argument : SyncEnablevalue: null
2024-12-09 19:40:24,071 [INFO] Argument:335 - Argument : SyncEnablevalue: null
2024-12-09 19:40:24,071 [INFO] Argument:325 - Argument : EventEnablevalue: null
2024-12-09 19:40:24,071 [INFO] Argument:335 - Argument : EventEnablevalue: null
2024-12-09 19:40:24,071 [INFO] Argument:325 - Argument : RequestNumbervalue: null
2024-12-09 19:40:24,072 [INFO] Argument:335 - Argument : RequestNumbervalue: null
2024-12-09 19:40:24,072 [INFO] Argument:325 - Argument : hdmavalue: null
2024-12-09 19:40:24,072 [INFO] Argument:327 - 	 sub Args: 
2024-12-09 19:40:24,072 [INFO] Argument:325 - Argument : Instancevalue: DMA1_Channel3
2024-12-09 19:40:24,072 [INFO] Argument:335 - Argument : Instancevalue: DMA1_Channel3
2024-12-09 19:40:24,072 [INFO] Argument:325 - Argument : Initvalue: null
2024-12-09 19:40:24,072 [INFO] Argument:327 - 	 sub Args: 
2024-12-09 19:40:24,072 [INFO] Argument:325 - Argument : Requestvalue: DMA_REQUEST_1
2024-12-09 19:40:24,072 [INFO] Argument:335 - Argument : Requestvalue: DMA_REQUEST_1
2024-12-09 19:40:24,072 [INFO] Argument:325 - Argument : Directionvalue: DMA_MEMORY_TO_PERIPH
2024-12-09 19:40:24,072 [INFO] Argument:335 - Argument : Directionvalue: DMA_MEMORY_TO_PERIPH
2024-12-09 19:40:24,072 [INFO] Argument:325 - Argument : PeriphIncvalue: DMA_PINC_DISABLE
2024-12-09 19:40:24,072 [INFO] Argument:335 - Argument : PeriphIncvalue: DMA_PINC_DISABLE
2024-12-09 19:40:24,072 [INFO] Argument:325 - Argument : MemIncvalue: DMA_MINC_ENABLE
2024-12-09 19:40:24,072 [INFO] Argument:335 - Argument : MemIncvalue: DMA_MINC_ENABLE
2024-12-09 19:40:24,072 [INFO] Argument:325 - Argument : PeriphDataAlignmentvalue: DMA_PDATAALIGN_BYTE
2024-12-09 19:40:24,072 [INFO] Argument:335 - Argument : PeriphDataAlignmentvalue: DMA_PDATAALIGN_BYTE
2024-12-09 19:40:24,072 [INFO] Argument:325 - Argument : MemDataAlignmentvalue: DMA_MDATAALIGN_BYTE
2024-12-09 19:40:24,072 [INFO] Argument:335 - Argument : MemDataAlignmentvalue: DMA_MDATAALIGN_BYTE
2024-12-09 19:40:24,072 [INFO] Argument:325 - Argument : Modevalue: DMA_NORMAL
2024-12-09 19:40:24,072 [INFO] Argument:335 - Argument : Modevalue: DMA_NORMAL
2024-12-09 19:40:24,072 [INFO] Argument:325 - Argument : Priorityvalue: DMA_PRIORITY_LOW
2024-12-09 19:40:24,072 [INFO] Argument:335 - Argument : Priorityvalue: DMA_PRIORITY_LOW
2024-12-09 19:40:24,073 [INFO] Argument:325 - Argument : Lockvalue: null
2024-12-09 19:40:24,073 [INFO] Argument:335 - Argument : Lockvalue: null
2024-12-09 19:40:24,073 [INFO] Argument:325 - Argument : Statevalue: null
2024-12-09 19:40:24,073 [INFO] Argument:335 - Argument : Statevalue: null
2024-12-09 19:40:24,073 [INFO] Argument:325 - Argument : Parentvalue: null
2024-12-09 19:40:24,073 [INFO] Argument:335 - Argument : Parentvalue: null
2024-12-09 19:40:24,073 [INFO] Argument:325 - Argument : XferCpltCallbackvalue: null
2024-12-09 19:40:24,073 [INFO] Argument:335 - Argument : XferCpltCallbackvalue: null
2024-12-09 19:40:24,073 [INFO] Argument:325 - Argument : XferHalfCpltCallbackvalue: null
2024-12-09 19:40:24,073 [INFO] Argument:335 - Argument : XferHalfCpltCallbackvalue: null
2024-12-09 19:40:24,073 [INFO] Argument:325 - Argument : XferErrorCallbackvalue: null
2024-12-09 19:40:24,073 [INFO] Argument:335 - Argument : XferErrorCallbackvalue: null
2024-12-09 19:40:24,073 [INFO] Argument:325 - Argument : XferAbortCallbackvalue: null
2024-12-09 19:40:24,073 [INFO] Argument:335 - Argument : XferAbortCallbackvalue: null
2024-12-09 19:40:24,073 [INFO] Argument:325 - Argument : ErrorCodevalue: null
2024-12-09 19:40:24,073 [INFO] Argument:335 - Argument : ErrorCodevalue: null
2024-12-09 19:40:24,073 [INFO] Argument:325 - Argument : DmaBaseAddressvalue: null
2024-12-09 19:40:24,073 [INFO] Argument:335 - Argument : DmaBaseAddressvalue: null
2024-12-09 19:40:24,073 [INFO] Argument:325 - Argument : ChannelIndexvalue: null
2024-12-09 19:40:24,073 [INFO] Argument:335 - Argument : ChannelIndexvalue: null
2024-12-09 19:40:24,073 [INFO] Argument:325 - Argument : hdmavalue: null
2024-12-09 19:40:24,073 [INFO] Argument:327 - 	 sub Args: 
2024-12-09 19:40:24,073 [INFO] Argument:325 - Argument : Instancevalue: DMA1_Channel3
2024-12-09 19:40:24,073 [INFO] Argument:335 - Argument : Instancevalue: DMA1_Channel3
2024-12-09 19:40:24,073 [INFO] Argument:325 - Argument : Initvalue: null
2024-12-09 19:40:24,073 [INFO] Argument:327 - 	 sub Args: 
2024-12-09 19:40:24,073 [INFO] Argument:325 - Argument : Requestvalue: DMA_REQUEST_1
2024-12-09 19:40:24,073 [INFO] Argument:335 - Argument : Requestvalue: DMA_REQUEST_1
2024-12-09 19:40:24,073 [INFO] Argument:325 - Argument : Directionvalue: DMA_MEMORY_TO_PERIPH
2024-12-09 19:40:24,073 [INFO] Argument:335 - Argument : Directionvalue: DMA_MEMORY_TO_PERIPH
2024-12-09 19:40:24,073 [INFO] Argument:325 - Argument : PeriphIncvalue: DMA_PINC_DISABLE
2024-12-09 19:40:24,073 [INFO] Argument:335 - Argument : PeriphIncvalue: DMA_PINC_DISABLE
2024-12-09 19:40:24,073 [INFO] Argument:325 - Argument : MemIncvalue: DMA_MINC_ENABLE
2024-12-09 19:40:24,073 [INFO] Argument:335 - Argument : MemIncvalue: DMA_MINC_ENABLE
2024-12-09 19:40:24,073 [INFO] Argument:325 - Argument : PeriphDataAlignmentvalue: DMA_PDATAALIGN_BYTE
2024-12-09 19:40:24,073 [INFO] Argument:335 - Argument : PeriphDataAlignmentvalue: DMA_PDATAALIGN_BYTE
2024-12-09 19:40:24,073 [INFO] Argument:325 - Argument : MemDataAlignmentvalue: DMA_MDATAALIGN_BYTE
2024-12-09 19:40:24,073 [INFO] Argument:335 - Argument : MemDataAlignmentvalue: DMA_MDATAALIGN_BYTE
2024-12-09 19:40:24,073 [INFO] Argument:325 - Argument : Modevalue: DMA_NORMAL
2024-12-09 19:40:24,073 [INFO] Argument:335 - Argument : Modevalue: DMA_NORMAL
2024-12-09 19:40:24,073 [INFO] Argument:325 - Argument : Priorityvalue: DMA_PRIORITY_LOW
2024-12-09 19:40:24,073 [INFO] Argument:335 - Argument : Priorityvalue: DMA_PRIORITY_LOW
2024-12-09 19:40:24,073 [INFO] Argument:325 - Argument : Lockvalue: null
2024-12-09 19:40:24,073 [INFO] Argument:335 - Argument : Lockvalue: null
2024-12-09 19:40:24,073 [INFO] Argument:325 - Argument : Statevalue: null
2024-12-09 19:40:24,073 [INFO] Argument:335 - Argument : Statevalue: null
2024-12-09 19:40:24,073 [INFO] Argument:325 - Argument : Parentvalue: null
2024-12-09 19:40:24,073 [INFO] Argument:335 - Argument : Parentvalue: null
2024-12-09 19:40:24,073 [INFO] Argument:325 - Argument : XferCpltCallbackvalue: null
2024-12-09 19:40:24,073 [INFO] Argument:335 - Argument : XferCpltCallbackvalue: null
2024-12-09 19:40:24,073 [INFO] Argument:325 - Argument : XferHalfCpltCallbackvalue: null
2024-12-09 19:40:24,073 [INFO] Argument:335 - Argument : XferHalfCpltCallbackvalue: null
2024-12-09 19:40:24,073 [INFO] Argument:325 - Argument : XferErrorCallbackvalue: null
2024-12-09 19:40:24,073 [INFO] Argument:335 - Argument : XferErrorCallbackvalue: null
2024-12-09 19:40:24,073 [INFO] Argument:325 - Argument : XferAbortCallbackvalue: null
2024-12-09 19:40:24,073 [INFO] Argument:335 - Argument : XferAbortCallbackvalue: null
2024-12-09 19:40:24,073 [INFO] Argument:325 - Argument : ErrorCodevalue: null
2024-12-09 19:40:24,073 [INFO] Argument:335 - Argument : ErrorCodevalue: null
2024-12-09 19:40:24,073 [INFO] Argument:325 - Argument : DmaBaseAddressvalue: null
2024-12-09 19:40:24,073 [INFO] Argument:335 - Argument : DmaBaseAddressvalue: null
2024-12-09 19:40:24,074 [INFO] Argument:325 - Argument : ChannelIndexvalue: null
2024-12-09 19:40:24,074 [INFO] Argument:335 - Argument : ChannelIndexvalue: null
2024-12-09 19:40:24,074 [INFO] Argument:325 - Argument : pSyncConfigvalue: null
2024-12-09 19:40:24,074 [INFO] Argument:327 - 	 sub Args: 
2024-12-09 19:40:24,074 [INFO] Argument:325 - Argument : SyncSignalIDvalue: null
2024-12-09 19:40:24,074 [INFO] Argument:335 - Argument : SyncSignalIDvalue: null
2024-12-09 19:40:24,074 [INFO] Argument:325 - Argument : SyncPolarityvalue: null
2024-12-09 19:40:24,074 [INFO] Argument:335 - Argument : SyncPolarityvalue: null
2024-12-09 19:40:24,074 [INFO] Argument:325 - Argument : SyncEnablevalue: null
2024-12-09 19:40:24,074 [INFO] Argument:335 - Argument : SyncEnablevalue: null
2024-12-09 19:40:24,074 [INFO] Argument:325 - Argument : EventEnablevalue: null
2024-12-09 19:40:24,074 [INFO] Argument:335 - Argument : EventEnablevalue: null
2024-12-09 19:40:24,074 [INFO] Argument:325 - Argument : RequestNumbervalue: null
2024-12-09 19:40:24,074 [INFO] Argument:335 - Argument : RequestNumbervalue: null
2024-12-09 19:40:24,164 [INFO] CodeEngine:255 - oldGeneratedFile, C:\Users\ZOJOLDRI\STM32CubeIDE\workspace_InProgress\ADIN1110\MXTmpFiles\license.tmp_save
2024-12-09 19:40:24,429 [INFO] CodeEngine:279 - Generated code: C:\Users\ZOJOLDRI\STM32CubeIDE\workspace_InProgress\ADIN1110\MXTmpFiles\license.tmp
2024-12-09 19:40:24,483 [INFO] CodeEngine:255 - oldGeneratedFile, C:\Users\ZOJOLDRI\STM32CubeIDE\workspace_InProgress\ADIN1110\Core\Src\gpio.c_save
2024-12-09 19:40:24,659 [INFO] CodeEngine:279 - Generated code: C:\Users\ZOJOLDRI\STM32CubeIDE\workspace_InProgress\ADIN1110\Core\Src\gpio.c
2024-12-09 19:40:24,681 [INFO] CodeEngine:255 - oldGeneratedFile, C:\Users\ZOJOLDRI\STM32CubeIDE\workspace_InProgress\ADIN1110\Core\Inc\gpio.h_save
2024-12-09 19:40:24,818 [INFO] CodeEngine:279 - Generated code: C:\Users\ZOJOLDRI\STM32CubeIDE\workspace_InProgress\ADIN1110\Core\Inc\gpio.h
2024-12-09 19:40:25,024 [INFO] CodeEngine:255 - oldGeneratedFile, C:\Users\ZOJOLDRI\STM32CubeIDE\workspace_InProgress\ADIN1110\Core\Src\dma.c_save
2024-12-09 19:40:25,099 [INFO] CodeEngine:279 - Generated code: C:\Users\ZOJOLDRI\STM32CubeIDE\workspace_InProgress\ADIN1110\Core\Src\dma.c
2024-12-09 19:40:25,122 [INFO] CodeEngine:255 - oldGeneratedFile, C:\Users\ZOJOLDRI\STM32CubeIDE\workspace_InProgress\ADIN1110\Core\Inc\dma.h_save
2024-12-09 19:40:25,198 [INFO] CodeEngine:279 - Generated code: C:\Users\ZOJOLDRI\STM32CubeIDE\workspace_InProgress\ADIN1110\Core\Inc\dma.h
2024-12-09 19:40:25,225 [INFO] CodeEngine:255 - oldGeneratedFile, C:\Users\ZOJOLDRI\STM32CubeIDE\workspace_InProgress\ADIN1110\Core\Src\spi.c_save
2024-12-09 19:40:25,358 [INFO] CodeEngine:279 - Generated code: C:\Users\ZOJOLDRI\STM32CubeIDE\workspace_InProgress\ADIN1110\Core\Src\spi.c
2024-12-09 19:40:25,392 [INFO] CodeEngine:255 - oldGeneratedFile, C:\Users\ZOJOLDRI\STM32CubeIDE\workspace_InProgress\ADIN1110\Core\Inc\spi.h_save
2024-12-09 19:40:25,482 [INFO] CodeEngine:279 - Generated code: C:\Users\ZOJOLDRI\STM32CubeIDE\workspace_InProgress\ADIN1110\Core\Inc\spi.h
2024-12-09 19:40:25,506 [INFO] CodeEngine:255 - oldGeneratedFile, C:\Users\ZOJOLDRI\STM32CubeIDE\workspace_InProgress\ADIN1110\Core\Src\usart.c_save
2024-12-09 19:40:25,606 [INFO] CodeEngine:279 - Generated code: C:\Users\ZOJOLDRI\STM32CubeIDE\workspace_InProgress\ADIN1110\Core\Src\usart.c
2024-12-09 19:40:25,611 [INFO] CodeEngine:255 - oldGeneratedFile, C:\Users\ZOJOLDRI\STM32CubeIDE\workspace_InProgress\ADIN1110\Core\Inc\usart.h_save
2024-12-09 19:40:25,688 [INFO] CodeEngine:279 - Generated code: C:\Users\ZOJOLDRI\STM32CubeIDE\workspace_InProgress\ADIN1110\Core\Inc\usart.h
2024-12-09 19:40:25,722 [INFO] CodeEngine:255 - oldGeneratedFile, C:\Users\ZOJOLDRI\STM32CubeIDE\workspace_InProgress\ADIN1110\Core\Src\stm32l4xx_it.c_save
2024-12-09 19:40:25,896 [INFO] CodeEngine:279 - Generated code: C:\Users\ZOJOLDRI\STM32CubeIDE\workspace_InProgress\ADIN1110\Core\Src\stm32l4xx_it.c
2024-12-09 19:40:25,919 [INFO] CodeEngine:255 - oldGeneratedFile, C:\Users\ZOJOLDRI\STM32CubeIDE\workspace_InProgress\ADIN1110\Core\Inc\stm32l4xx_it.h_save
2024-12-09 19:40:25,995 [INFO] CodeEngine:279 - Generated code: C:\Users\ZOJOLDRI\STM32CubeIDE\workspace_InProgress\ADIN1110\Core\Inc\stm32l4xx_it.h
2024-12-09 19:40:26,029 [INFO] CodeEngine:255 - oldGeneratedFile, C:\Users\ZOJOLDRI\STM32CubeIDE\workspace_InProgress\ADIN1110\Core\Src\stm32l4xx_hal_msp.c_save
2024-12-09 19:40:26,114 [INFO] CodeEngine:279 - Generated code: C:\Users\ZOJOLDRI\STM32CubeIDE\workspace_InProgress\ADIN1110\Core\Src\stm32l4xx_hal_msp.c
2024-12-09 19:40:26,128 [INFO] CodeEngine:255 - oldGeneratedFile, C:\Users\ZOJOLDRI\STM32CubeIDE\workspace_InProgress\ADIN1110\MXTmpFiles\system.tmp_save
2024-12-09 19:40:26,189 [INFO] CodeEngine:279 - Generated code: C:\Users\ZOJOLDRI\STM32CubeIDE\workspace_InProgress\ADIN1110\MXTmpFiles\system.tmp
2024-12-09 19:40:26,223 [INFO] CodeEngine:311 - oldGeneratedFile, C:\Users\ZOJOLDRI\STM32CubeIDE\workspace_InProgress\ADIN1110\Core\Inc\stm32l4xx_hal_conf.h_save
2024-12-09 19:40:26,307 [INFO] CodeEngine:335 - Generated code: C:\Users\ZOJOLDRI\STM32CubeIDE\workspace_InProgress\ADIN1110\Core\Inc\stm32l4xx_hal_conf.h
2024-12-09 19:40:26,364 [INFO] CodeEngine:255 - oldGeneratedFile, C:\Users\ZOJOLDRI\STM32CubeIDE\workspace_InProgress\ADIN1110\Core\Inc\main.h_save
2024-12-09 19:40:26,467 [INFO] CodeEngine:279 - Generated code: C:\Users\ZOJOLDRI\STM32CubeIDE\workspace_InProgress\ADIN1110\Core\Inc\main.h
2024-12-09 19:40:26,493 [INFO] CodeEngine:255 - oldGeneratedFile, C:\Users\ZOJOLDRI\STM32CubeIDE\workspace_InProgress\ADIN1110\Core\Src\main.c_save
2024-12-09 19:40:26,594 [INFO] CodeEngine:279 - Generated code: C:\Users\ZOJOLDRI\STM32CubeIDE\workspace_InProgress\ADIN1110\Core\Src\main.c
2024-12-09 19:40:26,828 [INFO] ProjectBuilder:3289 - Time for Copy HAL[1] : 139mS.
2024-12-09 19:40:26,832 [INFO] ProjectBuilder:4876 - Project Generator version: 4.5.0-RC5
2024-12-09 19:40:26,879 [INFO] ConfigFileManager:1579 - The Die is : DIE461
2024-12-09 19:40:28,713 [INFO] ProjectBuilder:5154 - Time for Generating toolchain IDE Files: 1881mS.
2024-12-09 19:40:28,714 [INFO] ProjectBuilder:3146 - Time for Copy CMSIS : 1mS.
2024-12-09 19:40:28,719 [INFO] ProjectBuilder:3146 - Time for Copy CMSIS : 0mS.
2024-12-09 19:42:58,684 [INFO] NvicIntPanel:101 - NVIC parent = com.st.microxplorer.plugins.ip.nvic.MultiNvicIntPanel[,0,0,0x0,invalid,layout=javax.swing.BoxLayout,alignmentX=0.0,alignmentY=0.0,border=,flags=9,maximumSize=,minimumSize=,preferredSize=]
2024-12-09 19:43:00,092 [INFO] NvicIntPanel:101 - NVIC parent = com.st.microxplorer.plugins.ip.nvic.MultiNvicIntPanel[,0,0,0x0,invalid,layout=javax.swing.BoxLayout,alignmentX=0.0,alignmentY=0.0,border=,flags=9,maximumSize=,minimumSize=,preferredSize=]
2024-12-09 19:44:02,919 [INFO] UtilMem:75 - End SaveConfig() Used Memory: 393766520 Bytes (850395136)
2024-12-09 19:44:03,826 [INFO] UtilMem:75 - End SaveConfig() Used Memory: 429940344 Bytes (850395136)
2024-12-09 19:44:05,303 [INFO] UtilMem:75 - End SaveConfig() Used Memory: 507534968 Bytes (850395136)
2024-12-09 19:44:05,489 [INFO] BlockDiagram:2766 - set Specific Code input for plugin: SPI
2024-12-09 19:44:05,489 [INFO] BlockDiagram:2766 - set Specific Code input for plugin: SYS
2024-12-09 19:44:05,489 [INFO] BlockDiagram:2766 - set Specific Code input for plugin: RCC
2024-12-09 19:44:05,489 [INFO] BlockDiagram:2766 - set Specific Code input for plugin: NVIC
2024-12-09 19:44:05,489 [INFO] BlockDiagram:2766 - set Specific Code input for plugin: USART
2024-12-09 19:44:05,489 [INFO] BlockDiagram:2766 - set Specific Code input for plugin: DMA
2024-12-09 19:44:05,489 [INFO] BlockDiagram:2766 - set Specific Code input for plugin: GPIO
2024-12-09 19:44:05,490 [INFO] CodeGenerator:896 - code generatio: config db path: C:\ST\STM32CubeIDE_1.17.0\STM32CubeIDE\plugins\com.st.stm32cube.common.mx_6.13.0.202411220809\\db\
2024-12-09 19:44:05,500 [INFO] Argument:325 - Argument : hdmavalue: null
2024-12-09 19:44:05,500 [INFO] Argument:327 - 	 sub Args: 
2024-12-09 19:44:05,500 [INFO] Argument:325 - Argument : Instancevalue: DMA1_Channel2
2024-12-09 19:44:05,500 [INFO] Argument:335 - Argument : Instancevalue: DMA1_Channel2
2024-12-09 19:44:05,500 [INFO] Argument:325 - Argument : Initvalue: null
2024-12-09 19:44:05,500 [INFO] Argument:327 - 	 sub Args: 
2024-12-09 19:44:05,500 [INFO] Argument:325 - Argument : Requestvalue: DMA_REQUEST_1
2024-12-09 19:44:05,500 [INFO] Argument:335 - Argument : Requestvalue: DMA_REQUEST_1
2024-12-09 19:44:05,500 [INFO] Argument:325 - Argument : Directionvalue: DMA_PERIPH_TO_MEMORY
2024-12-09 19:44:05,500 [INFO] Argument:335 - Argument : Directionvalue: DMA_PERIPH_TO_MEMORY
2024-12-09 19:44:05,500 [INFO] Argument:325 - Argument : PeriphIncvalue: DMA_PINC_DISABLE
2024-12-09 19:44:05,500 [INFO] Argument:335 - Argument : PeriphIncvalue: DMA_PINC_DISABLE
2024-12-09 19:44:05,500 [INFO] Argument:325 - Argument : MemIncvalue: DMA_MINC_ENABLE
2024-12-09 19:44:05,500 [INFO] Argument:335 - Argument : MemIncvalue: DMA_MINC_ENABLE
2024-12-09 19:44:05,500 [INFO] Argument:325 - Argument : PeriphDataAlignmentvalue: DMA_PDATAALIGN_BYTE
2024-12-09 19:44:05,500 [INFO] Argument:335 - Argument : PeriphDataAlignmentvalue: DMA_PDATAALIGN_BYTE
2024-12-09 19:44:05,500 [INFO] Argument:325 - Argument : MemDataAlignmentvalue: DMA_MDATAALIGN_BYTE
2024-12-09 19:44:05,500 [INFO] Argument:335 - Argument : MemDataAlignmentvalue: DMA_MDATAALIGN_BYTE
2024-12-09 19:44:05,500 [INFO] Argument:325 - Argument : Modevalue: DMA_NORMAL
2024-12-09 19:44:05,500 [INFO] Argument:335 - Argument : Modevalue: DMA_NORMAL
2024-12-09 19:44:05,500 [INFO] Argument:325 - Argument : Priorityvalue: DMA_PRIORITY_LOW
2024-12-09 19:44:05,500 [INFO] Argument:335 - Argument : Priorityvalue: DMA_PRIORITY_LOW
2024-12-09 19:44:05,500 [INFO] Argument:325 - Argument : Lockvalue: null
2024-12-09 19:44:05,500 [INFO] Argument:335 - Argument : Lockvalue: null
2024-12-09 19:44:05,500 [INFO] Argument:325 - Argument : Statevalue: null
2024-12-09 19:44:05,500 [INFO] Argument:335 - Argument : Statevalue: null
2024-12-09 19:44:05,500 [INFO] Argument:325 - Argument : Parentvalue: null
2024-12-09 19:44:05,500 [INFO] Argument:335 - Argument : Parentvalue: null
2024-12-09 19:44:05,500 [INFO] Argument:325 - Argument : XferCpltCallbackvalue: null
2024-12-09 19:44:05,500 [INFO] Argument:335 - Argument : XferCpltCallbackvalue: null
2024-12-09 19:44:05,500 [INFO] Argument:325 - Argument : XferHalfCpltCallbackvalue: null
2024-12-09 19:44:05,500 [INFO] Argument:335 - Argument : XferHalfCpltCallbackvalue: null
2024-12-09 19:44:05,500 [INFO] Argument:325 - Argument : XferErrorCallbackvalue: null
2024-12-09 19:44:05,500 [INFO] Argument:335 - Argument : XferErrorCallbackvalue: null
2024-12-09 19:44:05,500 [INFO] Argument:325 - Argument : XferAbortCallbackvalue: null
2024-12-09 19:44:05,500 [INFO] Argument:335 - Argument : XferAbortCallbackvalue: null
2024-12-09 19:44:05,500 [INFO] Argument:325 - Argument : ErrorCodevalue: null
2024-12-09 19:44:05,500 [INFO] Argument:335 - Argument : ErrorCodevalue: null
2024-12-09 19:44:05,500 [INFO] Argument:325 - Argument : DmaBaseAddressvalue: null
2024-12-09 19:44:05,500 [INFO] Argument:335 - Argument : DmaBaseAddressvalue: null
2024-12-09 19:44:05,500 [INFO] Argument:325 - Argument : ChannelIndexvalue: null
2024-12-09 19:44:05,500 [INFO] Argument:335 - Argument : ChannelIndexvalue: null
2024-12-09 19:44:05,500 [INFO] Argument:325 - Argument : hdmavalue: null
2024-12-09 19:44:05,500 [INFO] Argument:327 - 	 sub Args: 
2024-12-09 19:44:05,500 [INFO] Argument:325 - Argument : Instancevalue: DMA1_Channel2
2024-12-09 19:44:05,500 [INFO] Argument:335 - Argument : Instancevalue: DMA1_Channel2
2024-12-09 19:44:05,500 [INFO] Argument:325 - Argument : Initvalue: null
2024-12-09 19:44:05,500 [INFO] Argument:327 - 	 sub Args: 
2024-12-09 19:44:05,500 [INFO] Argument:325 - Argument : Requestvalue: DMA_REQUEST_1
2024-12-09 19:44:05,500 [INFO] Argument:335 - Argument : Requestvalue: DMA_REQUEST_1
2024-12-09 19:44:05,500 [INFO] Argument:325 - Argument : Directionvalue: DMA_PERIPH_TO_MEMORY
2024-12-09 19:44:05,500 [INFO] Argument:335 - Argument : Directionvalue: DMA_PERIPH_TO_MEMORY
2024-12-09 19:44:05,501 [INFO] Argument:325 - Argument : PeriphIncvalue: DMA_PINC_DISABLE
2024-12-09 19:44:05,501 [INFO] Argument:335 - Argument : PeriphIncvalue: DMA_PINC_DISABLE
2024-12-09 19:44:05,501 [INFO] Argument:325 - Argument : MemIncvalue: DMA_MINC_ENABLE
2024-12-09 19:44:05,501 [INFO] Argument:335 - Argument : MemIncvalue: DMA_MINC_ENABLE
2024-12-09 19:44:05,501 [INFO] Argument:325 - Argument : PeriphDataAlignmentvalue: DMA_PDATAALIGN_BYTE
2024-12-09 19:44:05,501 [INFO] Argument:335 - Argument : PeriphDataAlignmentvalue: DMA_PDATAALIGN_BYTE
2024-12-09 19:44:05,501 [INFO] Argument:325 - Argument : MemDataAlignmentvalue: DMA_MDATAALIGN_BYTE
2024-12-09 19:44:05,501 [INFO] Argument:335 - Argument : MemDataAlignmentvalue: DMA_MDATAALIGN_BYTE
2024-12-09 19:44:05,501 [INFO] Argument:325 - Argument : Modevalue: DMA_NORMAL
2024-12-09 19:44:05,501 [INFO] Argument:335 - Argument : Modevalue: DMA_NORMAL
2024-12-09 19:44:05,501 [INFO] Argument:325 - Argument : Priorityvalue: DMA_PRIORITY_LOW
2024-12-09 19:44:05,501 [INFO] Argument:335 - Argument : Priorityvalue: DMA_PRIORITY_LOW
2024-12-09 19:44:05,501 [INFO] Argument:325 - Argument : Lockvalue: null
2024-12-09 19:44:05,501 [INFO] Argument:335 - Argument : Lockvalue: null
2024-12-09 19:44:05,501 [INFO] Argument:325 - Argument : Statevalue: null
2024-12-09 19:44:05,501 [INFO] Argument:335 - Argument : Statevalue: null
2024-12-09 19:44:05,501 [INFO] Argument:325 - Argument : Parentvalue: null
2024-12-09 19:44:05,501 [INFO] Argument:335 - Argument : Parentvalue: null
2024-12-09 19:44:05,501 [INFO] Argument:325 - Argument : XferCpltCallbackvalue: null
2024-12-09 19:44:05,501 [INFO] Argument:335 - Argument : XferCpltCallbackvalue: null
2024-12-09 19:44:05,501 [INFO] Argument:325 - Argument : XferHalfCpltCallbackvalue: null
2024-12-09 19:44:05,501 [INFO] Argument:335 - Argument : XferHalfCpltCallbackvalue: null
2024-12-09 19:44:05,501 [INFO] Argument:325 - Argument : XferErrorCallbackvalue: null
2024-12-09 19:44:05,501 [INFO] Argument:335 - Argument : XferErrorCallbackvalue: null
2024-12-09 19:44:05,501 [INFO] Argument:325 - Argument : XferAbortCallbackvalue: null
2024-12-09 19:44:05,501 [INFO] Argument:335 - Argument : XferAbortCallbackvalue: null
2024-12-09 19:44:05,501 [INFO] Argument:325 - Argument : ErrorCodevalue: null
2024-12-09 19:44:05,501 [INFO] Argument:335 - Argument : ErrorCodevalue: null
2024-12-09 19:44:05,501 [INFO] Argument:325 - Argument : DmaBaseAddressvalue: null
2024-12-09 19:44:05,501 [INFO] Argument:335 - Argument : DmaBaseAddressvalue: null
2024-12-09 19:44:05,501 [INFO] Argument:325 - Argument : ChannelIndexvalue: null
2024-12-09 19:44:05,501 [INFO] Argument:335 - Argument : ChannelIndexvalue: null
2024-12-09 19:44:05,501 [INFO] Argument:325 - Argument : pSyncConfigvalue: null
2024-12-09 19:44:05,501 [INFO] Argument:327 - 	 sub Args: 
2024-12-09 19:44:05,502 [INFO] Argument:325 - Argument : SyncSignalIDvalue: null
2024-12-09 19:44:05,502 [INFO] Argument:335 - Argument : SyncSignalIDvalue: null
2024-12-09 19:44:05,502 [INFO] Argument:325 - Argument : SyncPolarityvalue: null
2024-12-09 19:44:05,502 [INFO] Argument:335 - Argument : SyncPolarityvalue: null
2024-12-09 19:44:05,502 [INFO] Argument:325 - Argument : SyncEnablevalue: null
2024-12-09 19:44:05,502 [INFO] Argument:335 - Argument : SyncEnablevalue: null
2024-12-09 19:44:05,502 [INFO] Argument:325 - Argument : EventEnablevalue: null
2024-12-09 19:44:05,502 [INFO] Argument:335 - Argument : EventEnablevalue: null
2024-12-09 19:44:05,502 [INFO] Argument:325 - Argument : RequestNumbervalue: null
2024-12-09 19:44:05,502 [INFO] Argument:335 - Argument : RequestNumbervalue: null
2024-12-09 19:44:05,503 [INFO] Argument:325 - Argument : hdmavalue: null
2024-12-09 19:44:05,503 [INFO] Argument:327 - 	 sub Args: 
2024-12-09 19:44:05,503 [INFO] Argument:325 - Argument : Instancevalue: DMA1_Channel3
2024-12-09 19:44:05,503 [INFO] Argument:335 - Argument : Instancevalue: DMA1_Channel3
2024-12-09 19:44:05,503 [INFO] Argument:325 - Argument : Initvalue: null
2024-12-09 19:44:05,503 [INFO] Argument:327 - 	 sub Args: 
2024-12-09 19:44:05,503 [INFO] Argument:325 - Argument : Requestvalue: DMA_REQUEST_1
2024-12-09 19:44:05,503 [INFO] Argument:335 - Argument : Requestvalue: DMA_REQUEST_1
2024-12-09 19:44:05,503 [INFO] Argument:325 - Argument : Directionvalue: DMA_MEMORY_TO_PERIPH
2024-12-09 19:44:05,503 [INFO] Argument:335 - Argument : Directionvalue: DMA_MEMORY_TO_PERIPH
2024-12-09 19:44:05,503 [INFO] Argument:325 - Argument : PeriphIncvalue: DMA_PINC_DISABLE
2024-12-09 19:44:05,503 [INFO] Argument:335 - Argument : PeriphIncvalue: DMA_PINC_DISABLE
2024-12-09 19:44:05,503 [INFO] Argument:325 - Argument : MemIncvalue: DMA_MINC_ENABLE
2024-12-09 19:44:05,503 [INFO] Argument:335 - Argument : MemIncvalue: DMA_MINC_ENABLE
2024-12-09 19:44:05,503 [INFO] Argument:325 - Argument : PeriphDataAlignmentvalue: DMA_PDATAALIGN_BYTE
2024-12-09 19:44:05,503 [INFO] Argument:335 - Argument : PeriphDataAlignmentvalue: DMA_PDATAALIGN_BYTE
2024-12-09 19:44:05,503 [INFO] Argument:325 - Argument : MemDataAlignmentvalue: DMA_MDATAALIGN_BYTE
2024-12-09 19:44:05,503 [INFO] Argument:335 - Argument : MemDataAlignmentvalue: DMA_MDATAALIGN_BYTE
2024-12-09 19:44:05,503 [INFO] Argument:325 - Argument : Modevalue: DMA_NORMAL
2024-12-09 19:44:05,503 [INFO] Argument:335 - Argument : Modevalue: DMA_NORMAL
2024-12-09 19:44:05,503 [INFO] Argument:325 - Argument : Priorityvalue: DMA_PRIORITY_LOW
2024-12-09 19:44:05,503 [INFO] Argument:335 - Argument : Priorityvalue: DMA_PRIORITY_LOW
2024-12-09 19:44:05,503 [INFO] Argument:325 - Argument : Lockvalue: null
2024-12-09 19:44:05,503 [INFO] Argument:335 - Argument : Lockvalue: null
2024-12-09 19:44:05,503 [INFO] Argument:325 - Argument : Statevalue: null
2024-12-09 19:44:05,503 [INFO] Argument:335 - Argument : Statevalue: null
2024-12-09 19:44:05,503 [INFO] Argument:325 - Argument : Parentvalue: null
2024-12-09 19:44:05,503 [INFO] Argument:335 - Argument : Parentvalue: null
2024-12-09 19:44:05,503 [INFO] Argument:325 - Argument : XferCpltCallbackvalue: null
2024-12-09 19:44:05,503 [INFO] Argument:335 - Argument : XferCpltCallbackvalue: null
2024-12-09 19:44:05,503 [INFO] Argument:325 - Argument : XferHalfCpltCallbackvalue: null
2024-12-09 19:44:05,503 [INFO] Argument:335 - Argument : XferHalfCpltCallbackvalue: null
2024-12-09 19:44:05,503 [INFO] Argument:325 - Argument : XferErrorCallbackvalue: null
2024-12-09 19:44:05,503 [INFO] Argument:335 - Argument : XferErrorCallbackvalue: null
2024-12-09 19:44:05,503 [INFO] Argument:325 - Argument : XferAbortCallbackvalue: null
2024-12-09 19:44:05,503 [INFO] Argument:335 - Argument : XferAbortCallbackvalue: null
2024-12-09 19:44:05,503 [INFO] Argument:325 - Argument : ErrorCodevalue: null
2024-12-09 19:44:05,503 [INFO] Argument:335 - Argument : ErrorCodevalue: null
2024-12-09 19:44:05,503 [INFO] Argument:325 - Argument : DmaBaseAddressvalue: null
2024-12-09 19:44:05,503 [INFO] Argument:335 - Argument : DmaBaseAddressvalue: null
2024-12-09 19:44:05,503 [INFO] Argument:325 - Argument : ChannelIndexvalue: null
2024-12-09 19:44:05,503 [INFO] Argument:335 - Argument : ChannelIndexvalue: null
2024-12-09 19:44:05,503 [INFO] Argument:325 - Argument : hdmavalue: null
2024-12-09 19:44:05,503 [INFO] Argument:327 - 	 sub Args: 
2024-12-09 19:44:05,503 [INFO] Argument:325 - Argument : Instancevalue: DMA1_Channel3
2024-12-09 19:44:05,503 [INFO] Argument:335 - Argument : Instancevalue: DMA1_Channel3
2024-12-09 19:44:05,503 [INFO] Argument:325 - Argument : Initvalue: null
2024-12-09 19:44:05,503 [INFO] Argument:327 - 	 sub Args: 
2024-12-09 19:44:05,503 [INFO] Argument:325 - Argument : Requestvalue: DMA_REQUEST_1
2024-12-09 19:44:05,503 [INFO] Argument:335 - Argument : Requestvalue: DMA_REQUEST_1
2024-12-09 19:44:05,503 [INFO] Argument:325 - Argument : Directionvalue: DMA_MEMORY_TO_PERIPH
2024-12-09 19:44:05,503 [INFO] Argument:335 - Argument : Directionvalue: DMA_MEMORY_TO_PERIPH
2024-12-09 19:44:05,503 [INFO] Argument:325 - Argument : PeriphIncvalue: DMA_PINC_DISABLE
2024-12-09 19:44:05,503 [INFO] Argument:335 - Argument : PeriphIncvalue: DMA_PINC_DISABLE
2024-12-09 19:44:05,503 [INFO] Argument:325 - Argument : MemIncvalue: DMA_MINC_ENABLE
2024-12-09 19:44:05,503 [INFO] Argument:335 - Argument : MemIncvalue: DMA_MINC_ENABLE
2024-12-09 19:44:05,503 [INFO] Argument:325 - Argument : PeriphDataAlignmentvalue: DMA_PDATAALIGN_BYTE
2024-12-09 19:44:05,503 [INFO] Argument:335 - Argument : PeriphDataAlignmentvalue: DMA_PDATAALIGN_BYTE
2024-12-09 19:44:05,503 [INFO] Argument:325 - Argument : MemDataAlignmentvalue: DMA_MDATAALIGN_BYTE
2024-12-09 19:44:05,503 [INFO] Argument:335 - Argument : MemDataAlignmentvalue: DMA_MDATAALIGN_BYTE
2024-12-09 19:44:05,503 [INFO] Argument:325 - Argument : Modevalue: DMA_NORMAL
2024-12-09 19:44:05,503 [INFO] Argument:335 - Argument : Modevalue: DMA_NORMAL
2024-12-09 19:44:05,503 [INFO] Argument:325 - Argument : Priorityvalue: DMA_PRIORITY_LOW
2024-12-09 19:44:05,503 [INFO] Argument:335 - Argument : Priorityvalue: DMA_PRIORITY_LOW
2024-12-09 19:44:05,503 [INFO] Argument:325 - Argument : Lockvalue: null
2024-12-09 19:44:05,503 [INFO] Argument:335 - Argument : Lockvalue: null
2024-12-09 19:44:05,503 [INFO] Argument:325 - Argument : Statevalue: null
2024-12-09 19:44:05,504 [INFO] Argument:335 - Argument : Statevalue: null
2024-12-09 19:44:05,504 [INFO] Argument:325 - Argument : Parentvalue: null
2024-12-09 19:44:05,504 [INFO] Argument:335 - Argument : Parentvalue: null
2024-12-09 19:44:05,504 [INFO] Argument:325 - Argument : XferCpltCallbackvalue: null
2024-12-09 19:44:05,504 [INFO] Argument:335 - Argument : XferCpltCallbackvalue: null
2024-12-09 19:44:05,504 [INFO] Argument:325 - Argument : XferHalfCpltCallbackvalue: null
2024-12-09 19:44:05,504 [INFO] Argument:335 - Argument : XferHalfCpltCallbackvalue: null
2024-12-09 19:44:05,504 [INFO] Argument:325 - Argument : XferErrorCallbackvalue: null
2024-12-09 19:44:05,504 [INFO] Argument:335 - Argument : XferErrorCallbackvalue: null
2024-12-09 19:44:05,504 [INFO] Argument:325 - Argument : XferAbortCallbackvalue: null
2024-12-09 19:44:05,504 [INFO] Argument:335 - Argument : XferAbortCallbackvalue: null
2024-12-09 19:44:05,504 [INFO] Argument:325 - Argument : ErrorCodevalue: null
2024-12-09 19:44:05,504 [INFO] Argument:335 - Argument : ErrorCodevalue: null
2024-12-09 19:44:05,504 [INFO] Argument:325 - Argument : DmaBaseAddressvalue: null
2024-12-09 19:44:05,504 [INFO] Argument:335 - Argument : DmaBaseAddressvalue: null
2024-12-09 19:44:05,504 [INFO] Argument:325 - Argument : ChannelIndexvalue: null
2024-12-09 19:44:05,504 [INFO] Argument:335 - Argument : ChannelIndexvalue: null
2024-12-09 19:44:05,504 [INFO] Argument:325 - Argument : pSyncConfigvalue: null
2024-12-09 19:44:05,504 [INFO] Argument:327 - 	 sub Args: 
2024-12-09 19:44:05,504 [INFO] Argument:325 - Argument : SyncSignalIDvalue: null
2024-12-09 19:44:05,504 [INFO] Argument:335 - Argument : SyncSignalIDvalue: null
2024-12-09 19:44:05,504 [INFO] Argument:325 - Argument : SyncPolarityvalue: null
2024-12-09 19:44:05,504 [INFO] Argument:335 - Argument : SyncPolarityvalue: null
2024-12-09 19:44:05,504 [INFO] Argument:325 - Argument : SyncEnablevalue: null
2024-12-09 19:44:05,504 [INFO] Argument:335 - Argument : SyncEnablevalue: null
2024-12-09 19:44:05,504 [INFO] Argument:325 - Argument : EventEnablevalue: null
2024-12-09 19:44:05,504 [INFO] Argument:335 - Argument : EventEnablevalue: null
2024-12-09 19:44:05,504 [INFO] Argument:325 - Argument : RequestNumbervalue: null
2024-12-09 19:44:05,504 [INFO] Argument:335 - Argument : RequestNumbervalue: null
2024-12-09 19:44:05,548 [INFO] CodeEngine:255 - oldGeneratedFile, C:\Users\ZOJOLDRI\STM32CubeIDE\workspace_InProgress\ADIN1110\MXTmpFiles\license.tmp_save
2024-12-09 19:44:05,753 [INFO] CodeEngine:279 - Generated code: C:\Users\ZOJOLDRI\STM32CubeIDE\workspace_InProgress\ADIN1110\MXTmpFiles\license.tmp
2024-12-09 19:44:05,799 [INFO] CodeEngine:255 - oldGeneratedFile, C:\Users\ZOJOLDRI\STM32CubeIDE\workspace_InProgress\ADIN1110\Core\Src\gpio.c_save
2024-12-09 19:44:05,941 [INFO] CodeEngine:279 - Generated code: C:\Users\ZOJOLDRI\STM32CubeIDE\workspace_InProgress\ADIN1110\Core\Src\gpio.c
2024-12-09 19:44:05,947 [INFO] CodeEngine:255 - oldGeneratedFile, C:\Users\ZOJOLDRI\STM32CubeIDE\workspace_InProgress\ADIN1110\Core\Inc\gpio.h_save
2024-12-09 19:44:06,051 [INFO] CodeEngine:279 - Generated code: C:\Users\ZOJOLDRI\STM32CubeIDE\workspace_InProgress\ADIN1110\Core\Inc\gpio.h
2024-12-09 19:44:06,251 [INFO] CodeEngine:255 - oldGeneratedFile, C:\Users\ZOJOLDRI\STM32CubeIDE\workspace_InProgress\ADIN1110\Core\Src\dma.c_save
2024-12-09 19:44:06,314 [INFO] CodeEngine:279 - Generated code: C:\Users\ZOJOLDRI\STM32CubeIDE\workspace_InProgress\ADIN1110\Core\Src\dma.c
2024-12-09 19:44:06,318 [INFO] CodeEngine:255 - oldGeneratedFile, C:\Users\ZOJOLDRI\STM32CubeIDE\workspace_InProgress\ADIN1110\Core\Inc\dma.h_save
2024-12-09 19:44:06,365 [INFO] CodeEngine:279 - Generated code: C:\Users\ZOJOLDRI\STM32CubeIDE\workspace_InProgress\ADIN1110\Core\Inc\dma.h
2024-12-09 19:44:06,381 [INFO] CodeEngine:255 - oldGeneratedFile, C:\Users\ZOJOLDRI\STM32CubeIDE\workspace_InProgress\ADIN1110\Core\Src\spi.c_save
2024-12-09 19:44:06,466 [INFO] CodeEngine:279 - Generated code: C:\Users\ZOJOLDRI\STM32CubeIDE\workspace_InProgress\ADIN1110\Core\Src\spi.c
2024-12-09 19:44:06,466 [INFO] CodeEngine:255 - oldGeneratedFile, C:\Users\ZOJOLDRI\STM32CubeIDE\workspace_InProgress\ADIN1110\Core\Inc\spi.h_save
2024-12-09 19:44:06,537 [INFO] CodeEngine:279 - Generated code: C:\Users\ZOJOLDRI\STM32CubeIDE\workspace_InProgress\ADIN1110\Core\Inc\spi.h
2024-12-09 19:44:06,560 [INFO] CodeEngine:255 - oldGeneratedFile, C:\Users\ZOJOLDRI\STM32CubeIDE\workspace_InProgress\ADIN1110\Core\Src\usart.c_save
2024-12-09 19:44:06,637 [INFO] CodeEngine:279 - Generated code: C:\Users\ZOJOLDRI\STM32CubeIDE\workspace_InProgress\ADIN1110\Core\Src\usart.c
2024-12-09 19:44:06,637 [INFO] CodeEngine:255 - oldGeneratedFile, C:\Users\ZOJOLDRI\STM32CubeIDE\workspace_InProgress\ADIN1110\Core\Inc\usart.h_save
2024-12-09 19:44:06,702 [INFO] CodeEngine:279 - Generated code: C:\Users\ZOJOLDRI\STM32CubeIDE\workspace_InProgress\ADIN1110\Core\Inc\usart.h
2024-12-09 19:44:06,717 [INFO] CodeEngine:255 - oldGeneratedFile, C:\Users\ZOJOLDRI\STM32CubeIDE\workspace_InProgress\ADIN1110\Core\Src\stm32l4xx_it.c_save
2024-12-09 19:44:06,783 [INFO] CodeEngine:279 - Generated code: C:\Users\ZOJOLDRI\STM32CubeIDE\workspace_InProgress\ADIN1110\Core\Src\stm32l4xx_it.c
2024-12-09 19:44:06,783 [INFO] CodeEngine:255 - oldGeneratedFile, C:\Users\ZOJOLDRI\STM32CubeIDE\workspace_InProgress\ADIN1110\Core\Inc\stm32l4xx_it.h_save
2024-12-09 19:44:06,837 [INFO] CodeEngine:279 - Generated code: C:\Users\ZOJOLDRI\STM32CubeIDE\workspace_InProgress\ADIN1110\Core\Inc\stm32l4xx_it.h
2024-12-09 19:44:06,850 [INFO] CodeEngine:255 - oldGeneratedFile, C:\Users\ZOJOLDRI\STM32CubeIDE\workspace_InProgress\ADIN1110\Core\Src\stm32l4xx_hal_msp.c_save
2024-12-09 19:44:06,918 [INFO] CodeEngine:279 - Generated code: C:\Users\ZOJOLDRI\STM32CubeIDE\workspace_InProgress\ADIN1110\Core\Src\stm32l4xx_hal_msp.c
2024-12-09 19:44:06,918 [INFO] CodeEngine:255 - oldGeneratedFile, C:\Users\ZOJOLDRI\STM32CubeIDE\workspace_InProgress\ADIN1110\MXTmpFiles\system.tmp_save
2024-12-09 19:44:06,950 [INFO] CodeEngine:279 - Generated code: C:\Users\ZOJOLDRI\STM32CubeIDE\workspace_InProgress\ADIN1110\MXTmpFiles\system.tmp
2024-12-09 19:44:06,981 [INFO] CodeEngine:311 - oldGeneratedFile, C:\Users\ZOJOLDRI\STM32CubeIDE\workspace_InProgress\ADIN1110\Core\Inc\stm32l4xx_hal_conf.h_save
2024-12-09 19:44:07,060 [INFO] CodeEngine:335 - Generated code: C:\Users\ZOJOLDRI\STM32CubeIDE\workspace_InProgress\ADIN1110\Core\Inc\stm32l4xx_hal_conf.h
2024-12-09 19:44:07,091 [INFO] CodeEngine:255 - oldGeneratedFile, C:\Users\ZOJOLDRI\STM32CubeIDE\workspace_InProgress\ADIN1110\Core\Inc\main.h_save
2024-12-09 19:44:07,152 [INFO] CodeEngine:279 - Generated code: C:\Users\ZOJOLDRI\STM32CubeIDE\workspace_InProgress\ADIN1110\Core\Inc\main.h
2024-12-09 19:44:07,172 [INFO] CodeEngine:255 - oldGeneratedFile, C:\Users\ZOJOLDRI\STM32CubeIDE\workspace_InProgress\ADIN1110\Core\Src\main.c_save
2024-12-09 19:44:07,243 [INFO] CodeEngine:279 - Generated code: C:\Users\ZOJOLDRI\STM32CubeIDE\workspace_InProgress\ADIN1110\Core\Src\main.c
2024-12-09 19:44:07,569 [INFO] ProjectBuilder:3289 - Time for Copy HAL[1] : 162mS.
2024-12-09 19:44:07,572 [INFO] ProjectBuilder:4876 - Project Generator version: 4.5.0-RC5
2024-12-09 19:44:07,619 [INFO] ConfigFileManager:1579 - The Die is : DIE461
2024-12-09 19:44:08,135 [INFO] ProjectBuilder:5154 - Time for Generating toolchain IDE Files: 563mS.
2024-12-09 19:44:08,136 [INFO] ProjectBuilder:3146 - Time for Copy CMSIS : 0mS.
2024-12-09 19:44:08,140 [INFO] ProjectBuilder:3146 - Time for Copy CMSIS : 1mS.
2024-12-09 19:52:37,737 [INFO] NvicIntPanel:101 - NVIC parent = com.st.microxplorer.plugins.ip.nvic.MultiNvicIntPanel[,0,0,0x0,invalid,layout=javax.swing.BoxLayout,alignmentX=0.0,alignmentY=0.0,border=,flags=9,maximumSize=,minimumSize=,preferredSize=]
2024-12-09 19:52:40,076 [INFO] NvicIntPanel:101 - NVIC parent = com.st.microxplorer.plugins.ip.nvic.MultiNvicIntPanel[,0,0,0x0,invalid,layout=javax.swing.BoxLayout,alignmentX=0.0,alignmentY=0.0,border=,flags=9,maximumSize=,minimumSize=,preferredSize=]
2024-12-09 20:00:57,731 [INFO] UtilMem:75 - End SaveConfig() Used Memory: 454777488 Bytes (1066401792)
2024-12-09 20:01:01,009 [INFO] UtilMem:75 - End SaveConfig() Used Memory: 939902640 Bytes (1066401792)
2024-12-09 20:01:01,629 [INFO] BlockDiagram:2766 - set Specific Code input for plugin: SPI
2024-12-09 20:01:01,631 [INFO] BlockDiagram:2766 - set Specific Code input for plugin: SYS
2024-12-09 20:01:01,631 [INFO] BlockDiagram:2766 - set Specific Code input for plugin: RCC
2024-12-09 20:01:01,631 [INFO] BlockDiagram:2766 - set Specific Code input for plugin: NVIC
2024-12-09 20:01:01,631 [INFO] BlockDiagram:2766 - set Specific Code input for plugin: USART
2024-12-09 20:01:01,631 [INFO] BlockDiagram:2766 - set Specific Code input for plugin: DMA
2024-12-09 20:01:01,632 [INFO] BlockDiagram:2766 - set Specific Code input for plugin: GPIO
2024-12-09 20:01:01,634 [INFO] CodeGenerator:896 - code generatio: config db path: C:\ST\STM32CubeIDE_1.17.0\STM32CubeIDE\plugins\com.st.stm32cube.common.mx_6.13.0.202411220809\\db\
2024-12-09 20:01:01,659 [INFO] Argument:325 - Argument : hdmavalue: null
2024-12-09 20:01:01,659 [INFO] Argument:327 - 	 sub Args: 
2024-12-09 20:01:01,659 [INFO] Argument:325 - Argument : Instancevalue: DMA1_Channel2
2024-12-09 20:01:01,659 [INFO] Argument:335 - Argument : Instancevalue: DMA1_Channel2
2024-12-09 20:01:01,659 [INFO] Argument:325 - Argument : Initvalue: null
2024-12-09 20:01:01,659 [INFO] Argument:327 - 	 sub Args: 
2024-12-09 20:01:01,660 [INFO] Argument:325 - Argument : Requestvalue: DMA_REQUEST_1
2024-12-09 20:01:01,660 [INFO] Argument:335 - Argument : Requestvalue: DMA_REQUEST_1
2024-12-09 20:01:01,660 [INFO] Argument:325 - Argument : Directionvalue: DMA_PERIPH_TO_MEMORY
2024-12-09 20:01:01,660 [INFO] Argument:335 - Argument : Directionvalue: DMA_PERIPH_TO_MEMORY
2024-12-09 20:01:01,660 [INFO] Argument:325 - Argument : PeriphIncvalue: DMA_PINC_DISABLE
2024-12-09 20:01:01,660 [INFO] Argument:335 - Argument : PeriphIncvalue: DMA_PINC_DISABLE
2024-12-09 20:01:01,660 [INFO] Argument:325 - Argument : MemIncvalue: DMA_MINC_ENABLE
2024-12-09 20:01:01,660 [INFO] Argument:335 - Argument : MemIncvalue: DMA_MINC_ENABLE
2024-12-09 20:01:01,660 [INFO] Argument:325 - Argument : PeriphDataAlignmentvalue: DMA_PDATAALIGN_BYTE
2024-12-09 20:01:01,660 [INFO] Argument:335 - Argument : PeriphDataAlignmentvalue: DMA_PDATAALIGN_BYTE
2024-12-09 20:01:01,661 [INFO] Argument:325 - Argument : MemDataAlignmentvalue: DMA_MDATAALIGN_BYTE
2024-12-09 20:01:01,661 [INFO] Argument:335 - Argument : MemDataAlignmentvalue: DMA_MDATAALIGN_BYTE
2024-12-09 20:01:01,661 [INFO] Argument:325 - Argument : Modevalue: DMA_NORMAL
2024-12-09 20:01:01,661 [INFO] Argument:335 - Argument : Modevalue: DMA_NORMAL
2024-12-09 20:01:01,661 [INFO] Argument:325 - Argument : Priorityvalue: DMA_PRIORITY_LOW
2024-12-09 20:01:01,661 [INFO] Argument:335 - Argument : Priorityvalue: DMA_PRIORITY_LOW
2024-12-09 20:01:01,661 [INFO] Argument:325 - Argument : Lockvalue: null
2024-12-09 20:01:01,661 [INFO] Argument:335 - Argument : Lockvalue: null
2024-12-09 20:01:01,661 [INFO] Argument:325 - Argument : Statevalue: null
2024-12-09 20:01:01,661 [INFO] Argument:335 - Argument : Statevalue: null
2024-12-09 20:01:01,661 [INFO] Argument:325 - Argument : Parentvalue: null
2024-12-09 20:01:01,662 [INFO] Argument:335 - Argument : Parentvalue: null
2024-12-09 20:01:01,662 [INFO] Argument:325 - Argument : XferCpltCallbackvalue: null
2024-12-09 20:01:01,662 [INFO] Argument:335 - Argument : XferCpltCallbackvalue: null
2024-12-09 20:01:01,662 [INFO] Argument:325 - Argument : XferHalfCpltCallbackvalue: null
2024-12-09 20:01:01,663 [INFO] Argument:335 - Argument : XferHalfCpltCallbackvalue: null
2024-12-09 20:01:01,663 [INFO] Argument:325 - Argument : XferErrorCallbackvalue: null
2024-12-09 20:01:01,663 [INFO] Argument:335 - Argument : XferErrorCallbackvalue: null
2024-12-09 20:01:01,663 [INFO] Argument:325 - Argument : XferAbortCallbackvalue: null
2024-12-09 20:01:01,663 [INFO] Argument:335 - Argument : XferAbortCallbackvalue: null
2024-12-09 20:01:01,663 [INFO] Argument:325 - Argument : ErrorCodevalue: null
2024-12-09 20:01:01,664 [INFO] Argument:335 - Argument : ErrorCodevalue: null
2024-12-09 20:01:01,664 [INFO] Argument:325 - Argument : DmaBaseAddressvalue: null
2024-12-09 20:01:01,664 [INFO] Argument:335 - Argument : DmaBaseAddressvalue: null
2024-12-09 20:01:01,664 [INFO] Argument:325 - Argument : ChannelIndexvalue: null
2024-12-09 20:01:01,664 [INFO] Argument:335 - Argument : ChannelIndexvalue: null
2024-12-09 20:01:01,664 [INFO] Argument:325 - Argument : hdmavalue: null
2024-12-09 20:01:01,664 [INFO] Argument:327 - 	 sub Args: 
2024-12-09 20:01:01,664 [INFO] Argument:325 - Argument : Instancevalue: DMA1_Channel2
2024-12-09 20:01:01,665 [INFO] Argument:335 - Argument : Instancevalue: DMA1_Channel2
2024-12-09 20:01:01,665 [INFO] Argument:325 - Argument : Initvalue: null
2024-12-09 20:01:01,665 [INFO] Argument:327 - 	 sub Args: 
2024-12-09 20:01:01,665 [INFO] Argument:325 - Argument : Requestvalue: DMA_REQUEST_1
2024-12-09 20:01:01,666 [INFO] Argument:335 - Argument : Requestvalue: DMA_REQUEST_1
2024-12-09 20:01:01,666 [INFO] Argument:325 - Argument : Directionvalue: DMA_PERIPH_TO_MEMORY
2024-12-09 20:01:01,666 [INFO] Argument:335 - Argument : Directionvalue: DMA_PERIPH_TO_MEMORY
2024-12-09 20:01:01,666 [INFO] Argument:325 - Argument : PeriphIncvalue: DMA_PINC_DISABLE
2024-12-09 20:01:01,666 [INFO] Argument:335 - Argument : PeriphIncvalue: DMA_PINC_DISABLE
2024-12-09 20:01:01,666 [INFO] Argument:325 - Argument : MemIncvalue: DMA_MINC_ENABLE
2024-12-09 20:01:01,666 [INFO] Argument:335 - Argument : MemIncvalue: DMA_MINC_ENABLE
2024-12-09 20:01:01,667 [INFO] Argument:325 - Argument : PeriphDataAlignmentvalue: DMA_PDATAALIGN_BYTE
2024-12-09 20:01:01,667 [INFO] Argument:335 - Argument : PeriphDataAlignmentvalue: DMA_PDATAALIGN_BYTE
2024-12-09 20:01:01,667 [INFO] Argument:325 - Argument : MemDataAlignmentvalue: DMA_MDATAALIGN_BYTE
2024-12-09 20:01:01,667 [INFO] Argument:335 - Argument : MemDataAlignmentvalue: DMA_MDATAALIGN_BYTE
2024-12-09 20:01:01,667 [INFO] Argument:325 - Argument : Modevalue: DMA_NORMAL
2024-12-09 20:01:01,667 [INFO] Argument:335 - Argument : Modevalue: DMA_NORMAL
2024-12-09 20:01:01,667 [INFO] Argument:325 - Argument : Priorityvalue: DMA_PRIORITY_LOW
2024-12-09 20:01:01,667 [INFO] Argument:335 - Argument : Priorityvalue: DMA_PRIORITY_LOW
2024-12-09 20:01:01,667 [INFO] Argument:325 - Argument : Lockvalue: null
2024-12-09 20:01:01,667 [INFO] Argument:335 - Argument : Lockvalue: null
2024-12-09 20:01:01,667 [INFO] Argument:325 - Argument : Statevalue: null
2024-12-09 20:01:01,667 [INFO] Argument:335 - Argument : Statevalue: null
2024-12-09 20:01:01,667 [INFO] Argument:325 - Argument : Parentvalue: null
2024-12-09 20:01:01,667 [INFO] Argument:335 - Argument : Parentvalue: null
2024-12-09 20:01:01,667 [INFO] Argument:325 - Argument : XferCpltCallbackvalue: null
2024-12-09 20:01:01,667 [INFO] Argument:335 - Argument : XferCpltCallbackvalue: null
2024-12-09 20:01:01,667 [INFO] Argument:325 - Argument : XferHalfCpltCallbackvalue: null
2024-12-09 20:01:01,667 [INFO] Argument:335 - Argument : XferHalfCpltCallbackvalue: null
2024-12-09 20:01:01,667 [INFO] Argument:325 - Argument : XferErrorCallbackvalue: null
2024-12-09 20:01:01,667 [INFO] Argument:335 - Argument : XferErrorCallbackvalue: null
2024-12-09 20:01:01,667 [INFO] Argument:325 - Argument : XferAbortCallbackvalue: null
2024-12-09 20:01:01,667 [INFO] Argument:335 - Argument : XferAbortCallbackvalue: null
2024-12-09 20:01:01,667 [INFO] Argument:325 - Argument : ErrorCodevalue: null
2024-12-09 20:01:01,667 [INFO] Argument:335 - Argument : ErrorCodevalue: null
2024-12-09 20:01:01,667 [INFO] Argument:325 - Argument : DmaBaseAddressvalue: null
2024-12-09 20:01:01,668 [INFO] Argument:335 - Argument : DmaBaseAddressvalue: null
2024-12-09 20:01:01,668 [INFO] Argument:325 - Argument : ChannelIndexvalue: null
2024-12-09 20:01:01,668 [INFO] Argument:335 - Argument : ChannelIndexvalue: null
2024-12-09 20:01:01,668 [INFO] Argument:325 - Argument : pSyncConfigvalue: null
2024-12-09 20:01:01,668 [INFO] Argument:327 - 	 sub Args: 
2024-12-09 20:01:01,668 [INFO] Argument:325 - Argument : SyncSignalIDvalue: null
2024-12-09 20:01:01,668 [INFO] Argument:335 - Argument : SyncSignalIDvalue: null
2024-12-09 20:01:01,668 [INFO] Argument:325 - Argument : SyncPolarityvalue: null
2024-12-09 20:01:01,668 [INFO] Argument:335 - Argument : SyncPolarityvalue: null
2024-12-09 20:01:01,668 [INFO] Argument:325 - Argument : SyncEnablevalue: null
2024-12-09 20:01:01,668 [INFO] Argument:335 - Argument : SyncEnablevalue: null
2024-12-09 20:01:01,668 [INFO] Argument:325 - Argument : EventEnablevalue: null
2024-12-09 20:01:01,668 [INFO] Argument:335 - Argument : EventEnablevalue: null
2024-12-09 20:01:01,668 [INFO] Argument:325 - Argument : RequestNumbervalue: null
2024-12-09 20:01:01,668 [INFO] Argument:335 - Argument : RequestNumbervalue: null
2024-12-09 20:01:01,669 [INFO] Argument:325 - Argument : hdmavalue: null
2024-12-09 20:01:01,669 [INFO] Argument:327 - 	 sub Args: 
2024-12-09 20:01:01,669 [INFO] Argument:325 - Argument : Instancevalue: DMA1_Channel3
2024-12-09 20:01:01,669 [INFO] Argument:335 - Argument : Instancevalue: DMA1_Channel3
2024-12-09 20:01:01,669 [INFO] Argument:325 - Argument : Initvalue: null
2024-12-09 20:01:01,669 [INFO] Argument:327 - 	 sub Args: 
2024-12-09 20:01:01,669 [INFO] Argument:325 - Argument : Requestvalue: DMA_REQUEST_1
2024-12-09 20:01:01,670 [INFO] Argument:335 - Argument : Requestvalue: DMA_REQUEST_1
2024-12-09 20:01:01,670 [INFO] Argument:325 - Argument : Directionvalue: DMA_MEMORY_TO_PERIPH
2024-12-09 20:01:01,670 [INFO] Argument:335 - Argument : Directionvalue: DMA_MEMORY_TO_PERIPH
2024-12-09 20:01:01,670 [INFO] Argument:325 - Argument : PeriphIncvalue: DMA_PINC_DISABLE
2024-12-09 20:01:01,670 [INFO] Argument:335 - Argument : PeriphIncvalue: DMA_PINC_DISABLE
2024-12-09 20:01:01,670 [INFO] Argument:325 - Argument : MemIncvalue: DMA_MINC_ENABLE
2024-12-09 20:01:01,670 [INFO] Argument:335 - Argument : MemIncvalue: DMA_MINC_ENABLE
2024-12-09 20:01:01,670 [INFO] Argument:325 - Argument : PeriphDataAlignmentvalue: DMA_PDATAALIGN_BYTE
2024-12-09 20:01:01,670 [INFO] Argument:335 - Argument : PeriphDataAlignmentvalue: DMA_PDATAALIGN_BYTE
2024-12-09 20:01:01,670 [INFO] Argument:325 - Argument : MemDataAlignmentvalue: DMA_MDATAALIGN_BYTE
2024-12-09 20:01:01,670 [INFO] Argument:335 - Argument : MemDataAlignmentvalue: DMA_MDATAALIGN_BYTE
2024-12-09 20:01:01,670 [INFO] Argument:325 - Argument : Modevalue: DMA_NORMAL
2024-12-09 20:01:01,670 [INFO] Argument:335 - Argument : Modevalue: DMA_NORMAL
2024-12-09 20:01:01,670 [INFO] Argument:325 - Argument : Priorityvalue: DMA_PRIORITY_LOW
2024-12-09 20:01:01,670 [INFO] Argument:335 - Argument : Priorityvalue: DMA_PRIORITY_LOW
2024-12-09 20:01:01,670 [INFO] Argument:325 - Argument : Lockvalue: null
2024-12-09 20:01:01,670 [INFO] Argument:335 - Argument : Lockvalue: null
2024-12-09 20:01:01,670 [INFO] Argument:325 - Argument : Statevalue: null
2024-12-09 20:01:01,670 [INFO] Argument:335 - Argument : Statevalue: null
2024-12-09 20:01:01,670 [INFO] Argument:325 - Argument : Parentvalue: null
2024-12-09 20:01:01,670 [INFO] Argument:335 - Argument : Parentvalue: null
2024-12-09 20:01:01,670 [INFO] Argument:325 - Argument : XferCpltCallbackvalue: null
2024-12-09 20:01:01,670 [INFO] Argument:335 - Argument : XferCpltCallbackvalue: null
2024-12-09 20:01:01,670 [INFO] Argument:325 - Argument : XferHalfCpltCallbackvalue: null
2024-12-09 20:01:01,671 [INFO] Argument:335 - Argument : XferHalfCpltCallbackvalue: null
2024-12-09 20:01:01,671 [INFO] Argument:325 - Argument : XferErrorCallbackvalue: null
2024-12-09 20:01:01,671 [INFO] Argument:335 - Argument : XferErrorCallbackvalue: null
2024-12-09 20:01:01,671 [INFO] Argument:325 - Argument : XferAbortCallbackvalue: null
2024-12-09 20:01:01,671 [INFO] Argument:335 - Argument : XferAbortCallbackvalue: null
2024-12-09 20:01:01,671 [INFO] Argument:325 - Argument : ErrorCodevalue: null
2024-12-09 20:01:01,671 [INFO] Argument:335 - Argument : ErrorCodevalue: null
2024-12-09 20:01:01,671 [INFO] Argument:325 - Argument : DmaBaseAddressvalue: null
2024-12-09 20:01:01,671 [INFO] Argument:335 - Argument : DmaBaseAddressvalue: null
2024-12-09 20:01:01,671 [INFO] Argument:325 - Argument : ChannelIndexvalue: null
2024-12-09 20:01:01,671 [INFO] Argument:335 - Argument : ChannelIndexvalue: null
2024-12-09 20:01:01,671 [INFO] Argument:325 - Argument : hdmavalue: null
2024-12-09 20:01:01,671 [INFO] Argument:327 - 	 sub Args: 
2024-12-09 20:01:01,671 [INFO] Argument:325 - Argument : Instancevalue: DMA1_Channel3
2024-12-09 20:01:01,671 [INFO] Argument:335 - Argument : Instancevalue: DMA1_Channel3
2024-12-09 20:01:01,671 [INFO] Argument:325 - Argument : Initvalue: null
2024-12-09 20:01:01,671 [INFO] Argument:327 - 	 sub Args: 
2024-12-09 20:01:01,671 [INFO] Argument:325 - Argument : Requestvalue: DMA_REQUEST_1
2024-12-09 20:01:01,671 [INFO] Argument:335 - Argument : Requestvalue: DMA_REQUEST_1
2024-12-09 20:01:01,671 [INFO] Argument:325 - Argument : Directionvalue: DMA_MEMORY_TO_PERIPH
2024-12-09 20:01:01,671 [INFO] Argument:335 - Argument : Directionvalue: DMA_MEMORY_TO_PERIPH
2024-12-09 20:01:01,671 [INFO] Argument:325 - Argument : PeriphIncvalue: DMA_PINC_DISABLE
2024-12-09 20:01:01,672 [INFO] Argument:335 - Argument : PeriphIncvalue: DMA_PINC_DISABLE
2024-12-09 20:01:01,672 [INFO] Argument:325 - Argument : MemIncvalue: DMA_MINC_ENABLE
2024-12-09 20:01:01,672 [INFO] Argument:335 - Argument : MemIncvalue: DMA_MINC_ENABLE
2024-12-09 20:01:01,672 [INFO] Argument:325 - Argument : PeriphDataAlignmentvalue: DMA_PDATAALIGN_BYTE
2024-12-09 20:01:01,672 [INFO] Argument:335 - Argument : PeriphDataAlignmentvalue: DMA_PDATAALIGN_BYTE
2024-12-09 20:01:01,672 [INFO] Argument:325 - Argument : MemDataAlignmentvalue: DMA_MDATAALIGN_BYTE
2024-12-09 20:01:01,672 [INFO] Argument:335 - Argument : MemDataAlignmentvalue: DMA_MDATAALIGN_BYTE
2024-12-09 20:01:01,672 [INFO] Argument:325 - Argument : Modevalue: DMA_NORMAL
2024-12-09 20:01:01,672 [INFO] Argument:335 - Argument : Modevalue: DMA_NORMAL
2024-12-09 20:01:01,672 [INFO] Argument:325 - Argument : Priorityvalue: DMA_PRIORITY_LOW
2024-12-09 20:01:01,672 [INFO] Argument:335 - Argument : Priorityvalue: DMA_PRIORITY_LOW
2024-12-09 20:01:01,672 [INFO] Argument:325 - Argument : Lockvalue: null
2024-12-09 20:01:01,672 [INFO] Argument:335 - Argument : Lockvalue: null
2024-12-09 20:01:01,672 [INFO] Argument:325 - Argument : Statevalue: null
2024-12-09 20:01:01,672 [INFO] Argument:335 - Argument : Statevalue: null
2024-12-09 20:01:01,672 [INFO] Argument:325 - Argument : Parentvalue: null
2024-12-09 20:01:01,672 [INFO] Argument:335 - Argument : Parentvalue: null
2024-12-09 20:01:01,672 [INFO] Argument:325 - Argument : XferCpltCallbackvalue: null
2024-12-09 20:01:01,672 [INFO] Argument:335 - Argument : XferCpltCallbackvalue: null
2024-12-09 20:01:01,672 [INFO] Argument:325 - Argument : XferHalfCpltCallbackvalue: null
2024-12-09 20:01:01,672 [INFO] Argument:335 - Argument : XferHalfCpltCallbackvalue: null
2024-12-09 20:01:01,672 [INFO] Argument:325 - Argument : XferErrorCallbackvalue: null
2024-12-09 20:01:01,672 [INFO] Argument:335 - Argument : XferErrorCallbackvalue: null
2024-12-09 20:01:01,672 [INFO] Argument:325 - Argument : XferAbortCallbackvalue: null
2024-12-09 20:01:01,672 [INFO] Argument:335 - Argument : XferAbortCallbackvalue: null
2024-12-09 20:01:01,672 [INFO] Argument:325 - Argument : ErrorCodevalue: null
2024-12-09 20:01:01,672 [INFO] Argument:335 - Argument : ErrorCodevalue: null
2024-12-09 20:01:01,672 [INFO] Argument:325 - Argument : DmaBaseAddressvalue: null
2024-12-09 20:01:01,672 [INFO] Argument:335 - Argument : DmaBaseAddressvalue: null
2024-12-09 20:01:01,672 [INFO] Argument:325 - Argument : ChannelIndexvalue: null
2024-12-09 20:01:01,672 [INFO] Argument:335 - Argument : ChannelIndexvalue: null
2024-12-09 20:01:01,673 [INFO] Argument:325 - Argument : pSyncConfigvalue: null
2024-12-09 20:01:01,673 [INFO] Argument:327 - 	 sub Args: 
2024-12-09 20:01:01,673 [INFO] Argument:325 - Argument : SyncSignalIDvalue: null
2024-12-09 20:01:01,673 [INFO] Argument:335 - Argument : SyncSignalIDvalue: null
2024-12-09 20:01:01,673 [INFO] Argument:325 - Argument : SyncPolarityvalue: null
2024-12-09 20:01:01,673 [INFO] Argument:335 - Argument : SyncPolarityvalue: null
2024-12-09 20:01:01,673 [INFO] Argument:325 - Argument : SyncEnablevalue: null
2024-12-09 20:01:01,673 [INFO] Argument:335 - Argument : SyncEnablevalue: null
2024-12-09 20:01:01,673 [INFO] Argument:325 - Argument : EventEnablevalue: null
2024-12-09 20:01:01,673 [INFO] Argument:335 - Argument : EventEnablevalue: null
2024-12-09 20:01:01,673 [INFO] Argument:325 - Argument : RequestNumbervalue: null
2024-12-09 20:01:01,673 [INFO] Argument:335 - Argument : RequestNumbervalue: null
2024-12-09 20:01:01,963 [INFO] CodeEngine:255 - oldGeneratedFile, C:\Users\ZOJOLDRI\STM32CubeIDE\workspace_InProgress\ADIN1110\MXTmpFiles\license.tmp_save
2024-12-09 20:01:02,227 [INFO] CodeEngine:279 - Generated code: C:\Users\ZOJOLDRI\STM32CubeIDE\workspace_InProgress\ADIN1110\MXTmpFiles\license.tmp
2024-12-09 20:01:02,286 [INFO] CodeEngine:255 - oldGeneratedFile, C:\Users\ZOJOLDRI\STM32CubeIDE\workspace_InProgress\ADIN1110\Core\Src\gpio.c_save
2024-12-09 20:01:02,468 [INFO] CodeEngine:279 - Generated code: C:\Users\ZOJOLDRI\STM32CubeIDE\workspace_InProgress\ADIN1110\Core\Src\gpio.c
2024-12-09 20:01:02,493 [INFO] CodeEngine:255 - oldGeneratedFile, C:\Users\ZOJOLDRI\STM32CubeIDE\workspace_InProgress\ADIN1110\Core\Inc\gpio.h_save
2024-12-09 20:01:02,654 [INFO] CodeEngine:279 - Generated code: C:\Users\ZOJOLDRI\STM32CubeIDE\workspace_InProgress\ADIN1110\Core\Inc\gpio.h
2024-12-09 20:01:02,950 [INFO] CodeEngine:255 - oldGeneratedFile, C:\Users\ZOJOLDRI\STM32CubeIDE\workspace_InProgress\ADIN1110\Core\Src\dma.c_save
2024-12-09 20:01:03,085 [INFO] CodeEngine:279 - Generated code: C:\Users\ZOJOLDRI\STM32CubeIDE\workspace_InProgress\ADIN1110\Core\Src\dma.c
2024-12-09 20:01:03,111 [INFO] CodeEngine:255 - oldGeneratedFile, C:\Users\ZOJOLDRI\STM32CubeIDE\workspace_InProgress\ADIN1110\Core\Inc\dma.h_save
2024-12-09 20:01:03,294 [INFO] CodeEngine:279 - Generated code: C:\Users\ZOJOLDRI\STM32CubeIDE\workspace_InProgress\ADIN1110\Core\Inc\dma.h
2024-12-09 20:01:03,336 [INFO] CodeEngine:255 - oldGeneratedFile, C:\Users\ZOJOLDRI\STM32CubeIDE\workspace_InProgress\ADIN1110\Core\Src\spi.c_save
2024-12-09 20:01:03,521 [INFO] CodeEngine:279 - Generated code: C:\Users\ZOJOLDRI\STM32CubeIDE\workspace_InProgress\ADIN1110\Core\Src\spi.c
2024-12-09 20:01:03,558 [INFO] CodeEngine:255 - oldGeneratedFile, C:\Users\ZOJOLDRI\STM32CubeIDE\workspace_InProgress\ADIN1110\Core\Inc\spi.h_save
2024-12-09 20:01:03,673 [INFO] CodeEngine:279 - Generated code: C:\Users\ZOJOLDRI\STM32CubeIDE\workspace_InProgress\ADIN1110\Core\Inc\spi.h
2024-12-09 20:01:03,700 [INFO] CodeEngine:255 - oldGeneratedFile, C:\Users\ZOJOLDRI\STM32CubeIDE\workspace_InProgress\ADIN1110\Core\Src\usart.c_save
2024-12-09 20:01:03,817 [INFO] CodeEngine:279 - Generated code: C:\Users\ZOJOLDRI\STM32CubeIDE\workspace_InProgress\ADIN1110\Core\Src\usart.c
2024-12-09 20:01:03,824 [INFO] CodeEngine:255 - oldGeneratedFile, C:\Users\ZOJOLDRI\STM32CubeIDE\workspace_InProgress\ADIN1110\Core\Inc\usart.h_save
2024-12-09 20:01:03,927 [INFO] CodeEngine:279 - Generated code: C:\Users\ZOJOLDRI\STM32CubeIDE\workspace_InProgress\ADIN1110\Core\Inc\usart.h
2024-12-09 20:01:03,970 [INFO] CodeEngine:255 - oldGeneratedFile, C:\Users\ZOJOLDRI\STM32CubeIDE\workspace_InProgress\ADIN1110\Core\Src\stm32l4xx_it.c_save
2024-12-09 20:01:04,200 [INFO] CodeEngine:279 - Generated code: C:\Users\ZOJOLDRI\STM32CubeIDE\workspace_InProgress\ADIN1110\Core\Src\stm32l4xx_it.c
2024-12-09 20:01:04,226 [INFO] CodeEngine:255 - oldGeneratedFile, C:\Users\ZOJOLDRI\STM32CubeIDE\workspace_InProgress\ADIN1110\Core\Inc\stm32l4xx_it.h_save
2024-12-09 20:01:04,315 [INFO] CodeEngine:279 - Generated code: C:\Users\ZOJOLDRI\STM32CubeIDE\workspace_InProgress\ADIN1110\Core\Inc\stm32l4xx_it.h
2024-12-09 20:01:04,350 [INFO] CodeEngine:255 - oldGeneratedFile, C:\Users\ZOJOLDRI\STM32CubeIDE\workspace_InProgress\ADIN1110\Core\Src\stm32l4xx_hal_msp.c_save
2024-12-09 20:01:04,452 [INFO] CodeEngine:279 - Generated code: C:\Users\ZOJOLDRI\STM32CubeIDE\workspace_InProgress\ADIN1110\Core\Src\stm32l4xx_hal_msp.c
2024-12-09 20:01:04,467 [INFO] CodeEngine:255 - oldGeneratedFile, C:\Users\ZOJOLDRI\STM32CubeIDE\workspace_InProgress\ADIN1110\MXTmpFiles\system.tmp_save
2024-12-09 20:01:04,531 [INFO] CodeEngine:279 - Generated code: C:\Users\ZOJOLDRI\STM32CubeIDE\workspace_InProgress\ADIN1110\MXTmpFiles\system.tmp
2024-12-09 20:01:04,571 [INFO] CodeEngine:311 - oldGeneratedFile, C:\Users\ZOJOLDRI\STM32CubeIDE\workspace_InProgress\ADIN1110\Core\Inc\stm32l4xx_hal_conf.h_save
2024-12-09 20:01:04,669 [INFO] CodeEngine:335 - Generated code: C:\Users\ZOJOLDRI\STM32CubeIDE\workspace_InProgress\ADIN1110\Core\Inc\stm32l4xx_hal_conf.h
2024-12-09 20:01:04,732 [INFO] CodeEngine:255 - oldGeneratedFile, C:\Users\ZOJOLDRI\STM32CubeIDE\workspace_InProgress\ADIN1110\Core\Inc\main.h_save
2024-12-09 20:01:04,858 [INFO] CodeEngine:279 - Generated code: C:\Users\ZOJOLDRI\STM32CubeIDE\workspace_InProgress\ADIN1110\Core\Inc\main.h
2024-12-09 20:01:04,888 [INFO] CodeEngine:255 - oldGeneratedFile, C:\Users\ZOJOLDRI\STM32CubeIDE\workspace_InProgress\ADIN1110\Core\Src\main.c_save
2024-12-09 20:01:05,008 [INFO] CodeEngine:279 - Generated code: C:\Users\ZOJOLDRI\STM32CubeIDE\workspace_InProgress\ADIN1110\Core\Src\main.c
2024-12-09 20:01:05,400 [INFO] ProjectBuilder:3289 - Time for Copy HAL[1] : 184mS.
2024-12-09 20:01:05,404 [INFO] ProjectBuilder:4876 - Project Generator version: 4.5.0-RC5
2024-12-09 20:01:05,491 [INFO] ConfigFileManager:1579 - The Die is : DIE461
2024-12-09 20:01:07,700 [INFO] ProjectBuilder:5154 - Time for Generating toolchain IDE Files: 2295mS.
2024-12-09 20:01:07,701 [INFO] ProjectBuilder:3146 - Time for Copy CMSIS : 1mS.
2024-12-09 20:01:07,705 [INFO] ProjectBuilder:3146 - Time for Copy CMSIS : 0mS.
2024-12-09 20:30:32,921 [INFO] NvicIntPanel:101 - NVIC parent = com.st.microxplorer.plugins.ip.nvic.MultiNvicIntPanel[,0,0,561x237,layout=javax.swing.BoxLayout,alignmentX=0.0,alignmentY=0.0,border=,flags=9,maximumSize=,minimumSize=,preferredSize=]
2024-12-09 21:55:02,727 [INFO] NvicIntPanel:101 - NVIC parent = com.st.microxplorer.plugins.ip.nvic.MultiNvicIntPanel[,0,0,0x0,invalid,layout=javax.swing.BoxLayout,alignmentX=0.0,alignmentY=0.0,border=,flags=9,maximumSize=,minimumSize=,preferredSize=]
2024-12-09 21:55:03,054 [INFO] NvicIntPanel:101 - NVIC parent = com.st.microxplorer.plugins.ip.nvic.MultiNvicIntPanel[,0,0,0x0,invalid,layout=javax.swing.BoxLayout,alignmentX=0.0,alignmentY=0.0,border=,flags=9,maximumSize=,minimumSize=,preferredSize=]
2024-12-09 21:55:04,958 [INFO] NvicIntPanel:101 - NVIC parent = com.st.microxplorer.plugins.ip.nvic.MultiNvicIntPanel[,0,0,0x0,invalid,layout=javax.swing.BoxLayout,alignmentX=0.0,alignmentY=0.0,border=,flags=9,maximumSize=,minimumSize=,preferredSize=]
2024-12-09 21:55:08,395 [INFO] UtilMem:75 - End SaveConfig() Used Memory: 428436832 Bytes (1073741824)
2024-12-09 21:55:09,347 [INFO] UtilMem:75 - End SaveConfig() Used Memory: 466711904 Bytes (1073741824)
2024-12-09 21:55:10,517 [INFO] UtilMem:75 - End SaveConfig() Used Memory: 543257952 Bytes (1073741824)
2024-12-09 21:55:15,403 [INFO] BlockDiagram:2766 - set Specific Code input for plugin: SPI
2024-12-09 21:55:15,403 [INFO] BlockDiagram:2766 - set Specific Code input for plugin: SYS
2024-12-09 21:55:15,403 [INFO] BlockDiagram:2766 - set Specific Code input for plugin: RCC
2024-12-09 21:55:15,403 [INFO] BlockDiagram:2766 - set Specific Code input for plugin: NVIC
2024-12-09 21:55:15,403 [INFO] BlockDiagram:2766 - set Specific Code input for plugin: USART
2024-12-09 21:55:15,403 [INFO] BlockDiagram:2766 - set Specific Code input for plugin: DMA
2024-12-09 21:55:15,404 [INFO] BlockDiagram:2766 - set Specific Code input for plugin: GPIO
2024-12-09 21:55:15,405 [INFO] CodeGenerator:896 - code generatio: config db path: C:\ST\STM32CubeIDE_1.17.0\STM32CubeIDE\plugins\com.st.stm32cube.common.mx_6.13.0.202411220809\\db\
2024-12-09 21:55:15,416 [INFO] Argument:325 - Argument : hdmavalue: null
2024-12-09 21:55:15,416 [INFO] Argument:327 - 	 sub Args: 
2024-12-09 21:55:15,416 [INFO] Argument:325 - Argument : Instancevalue: DMA1_Channel2
2024-12-09 21:55:15,416 [INFO] Argument:335 - Argument : Instancevalue: DMA1_Channel2
2024-12-09 21:55:15,416 [INFO] Argument:325 - Argument : Initvalue: null
2024-12-09 21:55:15,416 [INFO] Argument:327 - 	 sub Args: 
2024-12-09 21:55:15,416 [INFO] Argument:325 - Argument : Requestvalue: DMA_REQUEST_1
2024-12-09 21:55:15,416 [INFO] Argument:335 - Argument : Requestvalue: DMA_REQUEST_1
2024-12-09 21:55:15,416 [INFO] Argument:325 - Argument : Directionvalue: DMA_PERIPH_TO_MEMORY
2024-12-09 21:55:15,416 [INFO] Argument:335 - Argument : Directionvalue: DMA_PERIPH_TO_MEMORY
2024-12-09 21:55:15,416 [INFO] Argument:325 - Argument : PeriphIncvalue: DMA_PINC_DISABLE
2024-12-09 21:55:15,416 [INFO] Argument:335 - Argument : PeriphIncvalue: DMA_PINC_DISABLE
2024-12-09 21:55:15,416 [INFO] Argument:325 - Argument : MemIncvalue: DMA_MINC_ENABLE
2024-12-09 21:55:15,416 [INFO] Argument:335 - Argument : MemIncvalue: DMA_MINC_ENABLE
2024-12-09 21:55:15,416 [INFO] Argument:325 - Argument : PeriphDataAlignmentvalue: DMA_PDATAALIGN_BYTE
2024-12-09 21:55:15,416 [INFO] Argument:335 - Argument : PeriphDataAlignmentvalue: DMA_PDATAALIGN_BYTE
2024-12-09 21:55:15,416 [INFO] Argument:325 - Argument : MemDataAlignmentvalue: DMA_MDATAALIGN_BYTE
2024-12-09 21:55:15,417 [INFO] Argument:335 - Argument : MemDataAlignmentvalue: DMA_MDATAALIGN_BYTE
2024-12-09 21:55:15,417 [INFO] Argument:325 - Argument : Modevalue: DMA_NORMAL
2024-12-09 21:55:15,417 [INFO] Argument:335 - Argument : Modevalue: DMA_NORMAL
2024-12-09 21:55:15,417 [INFO] Argument:325 - Argument : Priorityvalue: DMA_PRIORITY_LOW
2024-12-09 21:55:15,417 [INFO] Argument:335 - Argument : Priorityvalue: DMA_PRIORITY_LOW
2024-12-09 21:55:15,417 [INFO] Argument:325 - Argument : Lockvalue: null
2024-12-09 21:55:15,417 [INFO] Argument:335 - Argument : Lockvalue: null
2024-12-09 21:55:15,417 [INFO] Argument:325 - Argument : Statevalue: null
2024-12-09 21:55:15,417 [INFO] Argument:335 - Argument : Statevalue: null
2024-12-09 21:55:15,417 [INFO] Argument:325 - Argument : Parentvalue: null
2024-12-09 21:55:15,417 [INFO] Argument:335 - Argument : Parentvalue: null
2024-12-09 21:55:15,417 [INFO] Argument:325 - Argument : XferCpltCallbackvalue: null
2024-12-09 21:55:15,417 [INFO] Argument:335 - Argument : XferCpltCallbackvalue: null
2024-12-09 21:55:15,417 [INFO] Argument:325 - Argument : XferHalfCpltCallbackvalue: null
2024-12-09 21:55:15,417 [INFO] Argument:335 - Argument : XferHalfCpltCallbackvalue: null
2024-12-09 21:55:15,417 [INFO] Argument:325 - Argument : XferErrorCallbackvalue: null
2024-12-09 21:55:15,417 [INFO] Argument:335 - Argument : XferErrorCallbackvalue: null
2024-12-09 21:55:15,417 [INFO] Argument:325 - Argument : XferAbortCallbackvalue: null
2024-12-09 21:55:15,418 [INFO] Argument:335 - Argument : XferAbortCallbackvalue: null
2024-12-09 21:55:15,418 [INFO] Argument:325 - Argument : ErrorCodevalue: null
2024-12-09 21:55:15,418 [INFO] Argument:335 - Argument : ErrorCodevalue: null
2024-12-09 21:55:15,418 [INFO] Argument:325 - Argument : DmaBaseAddressvalue: null
2024-12-09 21:55:15,418 [INFO] Argument:335 - Argument : DmaBaseAddressvalue: null
2024-12-09 21:55:15,418 [INFO] Argument:325 - Argument : ChannelIndexvalue: null
2024-12-09 21:55:15,418 [INFO] Argument:335 - Argument : ChannelIndexvalue: null
2024-12-09 21:55:15,418 [INFO] Argument:325 - Argument : hdmavalue: null
2024-12-09 21:55:15,418 [INFO] Argument:327 - 	 sub Args: 
2024-12-09 21:55:15,418 [INFO] Argument:325 - Argument : Instancevalue: DMA1_Channel2
2024-12-09 21:55:15,418 [INFO] Argument:335 - Argument : Instancevalue: DMA1_Channel2
2024-12-09 21:55:15,418 [INFO] Argument:325 - Argument : Initvalue: null
2024-12-09 21:55:15,418 [INFO] Argument:327 - 	 sub Args: 
2024-12-09 21:55:15,418 [INFO] Argument:325 - Argument : Requestvalue: DMA_REQUEST_1
2024-12-09 21:55:15,418 [INFO] Argument:335 - Argument : Requestvalue: DMA_REQUEST_1
2024-12-09 21:55:15,418 [INFO] Argument:325 - Argument : Directionvalue: DMA_PERIPH_TO_MEMORY
2024-12-09 21:55:15,418 [INFO] Argument:335 - Argument : Directionvalue: DMA_PERIPH_TO_MEMORY
2024-12-09 21:55:15,419 [INFO] Argument:325 - Argument : PeriphIncvalue: DMA_PINC_DISABLE
2024-12-09 21:55:15,419 [INFO] Argument:335 - Argument : PeriphIncvalue: DMA_PINC_DISABLE
2024-12-09 21:55:15,419 [INFO] Argument:325 - Argument : MemIncvalue: DMA_MINC_ENABLE
2024-12-09 21:55:15,419 [INFO] Argument:335 - Argument : MemIncvalue: DMA_MINC_ENABLE
2024-12-09 21:55:15,419 [INFO] Argument:325 - Argument : PeriphDataAlignmentvalue: DMA_PDATAALIGN_BYTE
2024-12-09 21:55:15,419 [INFO] Argument:335 - Argument : PeriphDataAlignmentvalue: DMA_PDATAALIGN_BYTE
2024-12-09 21:55:15,419 [INFO] Argument:325 - Argument : MemDataAlignmentvalue: DMA_MDATAALIGN_BYTE
2024-12-09 21:55:15,419 [INFO] Argument:335 - Argument : MemDataAlignmentvalue: DMA_MDATAALIGN_BYTE
2024-12-09 21:55:15,419 [INFO] Argument:325 - Argument : Modevalue: DMA_NORMAL
2024-12-09 21:55:15,419 [INFO] Argument:335 - Argument : Modevalue: DMA_NORMAL
2024-12-09 21:55:15,419 [INFO] Argument:325 - Argument : Priorityvalue: DMA_PRIORITY_LOW
2024-12-09 21:55:15,419 [INFO] Argument:335 - Argument : Priorityvalue: DMA_PRIORITY_LOW
2024-12-09 21:55:15,419 [INFO] Argument:325 - Argument : Lockvalue: null
2024-12-09 21:55:15,419 [INFO] Argument:335 - Argument : Lockvalue: null
2024-12-09 21:55:15,419 [INFO] Argument:325 - Argument : Statevalue: null
2024-12-09 21:55:15,419 [INFO] Argument:335 - Argument : Statevalue: null
2024-12-09 21:55:15,419 [INFO] Argument:325 - Argument : Parentvalue: null
2024-12-09 21:55:15,419 [INFO] Argument:335 - Argument : Parentvalue: null
2024-12-09 21:55:15,419 [INFO] Argument:325 - Argument : XferCpltCallbackvalue: null
2024-12-09 21:55:15,419 [INFO] Argument:335 - Argument : XferCpltCallbackvalue: null
2024-12-09 21:55:15,419 [INFO] Argument:325 - Argument : XferHalfCpltCallbackvalue: null
2024-12-09 21:55:15,419 [INFO] Argument:335 - Argument : XferHalfCpltCallbackvalue: null
2024-12-09 21:55:15,420 [INFO] Argument:325 - Argument : XferErrorCallbackvalue: null
2024-12-09 21:55:15,420 [INFO] Argument:335 - Argument : XferErrorCallbackvalue: null
2024-12-09 21:55:15,420 [INFO] Argument:325 - Argument : XferAbortCallbackvalue: null
2024-12-09 21:55:15,420 [INFO] Argument:335 - Argument : XferAbortCallbackvalue: null
2024-12-09 21:55:15,420 [INFO] Argument:325 - Argument : ErrorCodevalue: null
2024-12-09 21:55:15,420 [INFO] Argument:335 - Argument : ErrorCodevalue: null
2024-12-09 21:55:15,420 [INFO] Argument:325 - Argument : DmaBaseAddressvalue: null
2024-12-09 21:55:15,420 [INFO] Argument:335 - Argument : DmaBaseAddressvalue: null
2024-12-09 21:55:15,420 [INFO] Argument:325 - Argument : ChannelIndexvalue: null
2024-12-09 21:55:15,420 [INFO] Argument:335 - Argument : ChannelIndexvalue: null
2024-12-09 21:55:15,420 [INFO] Argument:325 - Argument : pSyncConfigvalue: null
2024-12-09 21:55:15,420 [INFO] Argument:327 - 	 sub Args: 
2024-12-09 21:55:15,420 [INFO] Argument:325 - Argument : SyncSignalIDvalue: null
2024-12-09 21:55:15,421 [INFO] Argument:335 - Argument : SyncSignalIDvalue: null
2024-12-09 21:55:15,421 [INFO] Argument:325 - Argument : SyncPolarityvalue: null
2024-12-09 21:55:15,421 [INFO] Argument:335 - Argument : SyncPolarityvalue: null
2024-12-09 21:55:15,421 [INFO] Argument:325 - Argument : SyncEnablevalue: null
2024-12-09 21:55:15,421 [INFO] Argument:335 - Argument : SyncEnablevalue: null
2024-12-09 21:55:15,421 [INFO] Argument:325 - Argument : EventEnablevalue: null
2024-12-09 21:55:15,421 [INFO] Argument:335 - Argument : EventEnablevalue: null
2024-12-09 21:55:15,421 [INFO] Argument:325 - Argument : RequestNumbervalue: null
2024-12-09 21:55:15,421 [INFO] Argument:335 - Argument : RequestNumbervalue: null
2024-12-09 21:55:15,422 [INFO] Argument:325 - Argument : hdmavalue: null
2024-12-09 21:55:15,422 [INFO] Argument:327 - 	 sub Args: 
2024-12-09 21:55:15,422 [INFO] Argument:325 - Argument : Instancevalue: DMA1_Channel3
2024-12-09 21:55:15,422 [INFO] Argument:335 - Argument : Instancevalue: DMA1_Channel3
2024-12-09 21:55:15,422 [INFO] Argument:325 - Argument : Initvalue: null
2024-12-09 21:55:15,422 [INFO] Argument:327 - 	 sub Args: 
2024-12-09 21:55:15,422 [INFO] Argument:325 - Argument : Requestvalue: DMA_REQUEST_1
2024-12-09 21:55:15,422 [INFO] Argument:335 - Argument : Requestvalue: DMA_REQUEST_1
2024-12-09 21:55:15,422 [INFO] Argument:325 - Argument : Directionvalue: DMA_MEMORY_TO_PERIPH
2024-12-09 21:55:15,422 [INFO] Argument:335 - Argument : Directionvalue: DMA_MEMORY_TO_PERIPH
2024-12-09 21:55:15,422 [INFO] Argument:325 - Argument : PeriphIncvalue: DMA_PINC_DISABLE
2024-12-09 21:55:15,422 [INFO] Argument:335 - Argument : PeriphIncvalue: DMA_PINC_DISABLE
2024-12-09 21:55:15,422 [INFO] Argument:325 - Argument : MemIncvalue: DMA_MINC_ENABLE
2024-12-09 21:55:15,422 [INFO] Argument:335 - Argument : MemIncvalue: DMA_MINC_ENABLE
2024-12-09 21:55:15,422 [INFO] Argument:325 - Argument : PeriphDataAlignmentvalue: DMA_PDATAALIGN_BYTE
2024-12-09 21:55:15,422 [INFO] Argument:335 - Argument : PeriphDataAlignmentvalue: DMA_PDATAALIGN_BYTE
2024-12-09 21:55:15,422 [INFO] Argument:325 - Argument : MemDataAlignmentvalue: DMA_MDATAALIGN_BYTE
2024-12-09 21:55:15,422 [INFO] Argument:335 - Argument : MemDataAlignmentvalue: DMA_MDATAALIGN_BYTE
2024-12-09 21:55:15,422 [INFO] Argument:325 - Argument : Modevalue: DMA_NORMAL
2024-12-09 21:55:15,422 [INFO] Argument:335 - Argument : Modevalue: DMA_NORMAL
2024-12-09 21:55:15,423 [INFO] Argument:325 - Argument : Priorityvalue: DMA_PRIORITY_LOW
2024-12-09 21:55:15,423 [INFO] Argument:335 - Argument : Priorityvalue: DMA_PRIORITY_LOW
2024-12-09 21:55:15,423 [INFO] Argument:325 - Argument : Lockvalue: null
2024-12-09 21:55:15,423 [INFO] Argument:335 - Argument : Lockvalue: null
2024-12-09 21:55:15,423 [INFO] Argument:325 - Argument : Statevalue: null
2024-12-09 21:55:15,423 [INFO] Argument:335 - Argument : Statevalue: null
2024-12-09 21:55:15,423 [INFO] Argument:325 - Argument : Parentvalue: null
2024-12-09 21:55:15,423 [INFO] Argument:335 - Argument : Parentvalue: null
2024-12-09 21:55:15,423 [INFO] Argument:325 - Argument : XferCpltCallbackvalue: null
2024-12-09 21:55:15,423 [INFO] Argument:335 - Argument : XferCpltCallbackvalue: null
2024-12-09 21:55:15,423 [INFO] Argument:325 - Argument : XferHalfCpltCallbackvalue: null
2024-12-09 21:55:15,423 [INFO] Argument:335 - Argument : XferHalfCpltCallbackvalue: null
2024-12-09 21:55:15,423 [INFO] Argument:325 - Argument : XferErrorCallbackvalue: null
2024-12-09 21:55:15,423 [INFO] Argument:335 - Argument : XferErrorCallbackvalue: null
2024-12-09 21:55:15,423 [INFO] Argument:325 - Argument : XferAbortCallbackvalue: null
2024-12-09 21:55:15,424 [INFO] Argument:335 - Argument : XferAbortCallbackvalue: null
2024-12-09 21:55:15,424 [INFO] Argument:325 - Argument : ErrorCodevalue: null
2024-12-09 21:55:15,424 [INFO] Argument:335 - Argument : ErrorCodevalue: null
2024-12-09 21:55:15,424 [INFO] Argument:325 - Argument : DmaBaseAddressvalue: null
2024-12-09 21:55:15,424 [INFO] Argument:335 - Argument : DmaBaseAddressvalue: null
2024-12-09 21:55:15,424 [INFO] Argument:325 - Argument : ChannelIndexvalue: null
2024-12-09 21:55:15,424 [INFO] Argument:335 - Argument : ChannelIndexvalue: null
2024-12-09 21:55:15,424 [INFO] Argument:325 - Argument : hdmavalue: null
2024-12-09 21:55:15,424 [INFO] Argument:327 - 	 sub Args: 
2024-12-09 21:55:15,424 [INFO] Argument:325 - Argument : Instancevalue: DMA1_Channel3
2024-12-09 21:55:15,424 [INFO] Argument:335 - Argument : Instancevalue: DMA1_Channel3
2024-12-09 21:55:15,424 [INFO] Argument:325 - Argument : Initvalue: null
2024-12-09 21:55:15,424 [INFO] Argument:327 - 	 sub Args: 
2024-12-09 21:55:15,424 [INFO] Argument:325 - Argument : Requestvalue: DMA_REQUEST_1
2024-12-09 21:55:15,424 [INFO] Argument:335 - Argument : Requestvalue: DMA_REQUEST_1
2024-12-09 21:55:15,424 [INFO] Argument:325 - Argument : Directionvalue: DMA_MEMORY_TO_PERIPH
2024-12-09 21:55:15,424 [INFO] Argument:335 - Argument : Directionvalue: DMA_MEMORY_TO_PERIPH
2024-12-09 21:55:15,424 [INFO] Argument:325 - Argument : PeriphIncvalue: DMA_PINC_DISABLE
2024-12-09 21:55:15,424 [INFO] Argument:335 - Argument : PeriphIncvalue: DMA_PINC_DISABLE
2024-12-09 21:55:15,424 [INFO] Argument:325 - Argument : MemIncvalue: DMA_MINC_ENABLE
2024-12-09 21:55:15,424 [INFO] Argument:335 - Argument : MemIncvalue: DMA_MINC_ENABLE
2024-12-09 21:55:15,424 [INFO] Argument:325 - Argument : PeriphDataAlignmentvalue: DMA_PDATAALIGN_BYTE
2024-12-09 21:55:15,424 [INFO] Argument:335 - Argument : PeriphDataAlignmentvalue: DMA_PDATAALIGN_BYTE
2024-12-09 21:55:15,424 [INFO] Argument:325 - Argument : MemDataAlignmentvalue: DMA_MDATAALIGN_BYTE
2024-12-09 21:55:15,424 [INFO] Argument:335 - Argument : MemDataAlignmentvalue: DMA_MDATAALIGN_BYTE
2024-12-09 21:55:15,425 [INFO] Argument:325 - Argument : Modevalue: DMA_NORMAL
2024-12-09 21:55:15,425 [INFO] Argument:335 - Argument : Modevalue: DMA_NORMAL
2024-12-09 21:55:15,425 [INFO] Argument:325 - Argument : Priorityvalue: DMA_PRIORITY_LOW
2024-12-09 21:55:15,425 [INFO] Argument:335 - Argument : Priorityvalue: DMA_PRIORITY_LOW
2024-12-09 21:55:15,425 [INFO] Argument:325 - Argument : Lockvalue: null
2024-12-09 21:55:15,425 [INFO] Argument:335 - Argument : Lockvalue: null
2024-12-09 21:55:15,425 [INFO] Argument:325 - Argument : Statevalue: null
2024-12-09 21:55:15,425 [INFO] Argument:335 - Argument : Statevalue: null
2024-12-09 21:55:15,425 [INFO] Argument:325 - Argument : Parentvalue: null
2024-12-09 21:55:15,425 [INFO] Argument:335 - Argument : Parentvalue: null
2024-12-09 21:55:15,425 [INFO] Argument:325 - Argument : XferCpltCallbackvalue: null
2024-12-09 21:55:15,425 [INFO] Argument:335 - Argument : XferCpltCallbackvalue: null
2024-12-09 21:55:15,425 [INFO] Argument:325 - Argument : XferHalfCpltCallbackvalue: null
2024-12-09 21:55:15,425 [INFO] Argument:335 - Argument : XferHalfCpltCallbackvalue: null
2024-12-09 21:55:15,425 [INFO] Argument:325 - Argument : XferErrorCallbackvalue: null
2024-12-09 21:55:15,425 [INFO] Argument:335 - Argument : XferErrorCallbackvalue: null
2024-12-09 21:55:15,425 [INFO] Argument:325 - Argument : XferAbortCallbackvalue: null
2024-12-09 21:55:15,425 [INFO] Argument:335 - Argument : XferAbortCallbackvalue: null
2024-12-09 21:55:15,425 [INFO] Argument:325 - Argument : ErrorCodevalue: null
2024-12-09 21:55:15,425 [INFO] Argument:335 - Argument : ErrorCodevalue: null
2024-12-09 21:55:15,425 [INFO] Argument:325 - Argument : DmaBaseAddressvalue: null
2024-12-09 21:55:15,425 [INFO] Argument:335 - Argument : DmaBaseAddressvalue: null
2024-12-09 21:55:15,425 [INFO] Argument:325 - Argument : ChannelIndexvalue: null
2024-12-09 21:55:15,425 [INFO] Argument:335 - Argument : ChannelIndexvalue: null
2024-12-09 21:55:15,425 [INFO] Argument:325 - Argument : pSyncConfigvalue: null
2024-12-09 21:55:15,425 [INFO] Argument:327 - 	 sub Args: 
2024-12-09 21:55:15,425 [INFO] Argument:325 - Argument : SyncSignalIDvalue: null
2024-12-09 21:55:15,425 [INFO] Argument:335 - Argument : SyncSignalIDvalue: null
2024-12-09 21:55:15,425 [INFO] Argument:325 - Argument : SyncPolarityvalue: null
2024-12-09 21:55:15,425 [INFO] Argument:335 - Argument : SyncPolarityvalue: null
2024-12-09 21:55:15,425 [INFO] Argument:325 - Argument : SyncEnablevalue: null
2024-12-09 21:55:15,425 [INFO] Argument:335 - Argument : SyncEnablevalue: null
2024-12-09 21:55:15,426 [INFO] Argument:325 - Argument : EventEnablevalue: null
2024-12-09 21:55:15,426 [INFO] Argument:335 - Argument : EventEnablevalue: null
2024-12-09 21:55:15,426 [INFO] Argument:325 - Argument : RequestNumbervalue: null
2024-12-09 21:55:15,426 [INFO] Argument:335 - Argument : RequestNumbervalue: null
2024-12-09 21:55:15,701 [INFO] CodeEngine:255 - oldGeneratedFile, C:\Users\ZOJOLDRI\STM32CubeIDE\workspace_InProgress\ADIN1110\MXTmpFiles\license.tmp_save
2024-12-09 21:55:15,969 [INFO] CodeEngine:279 - Generated code: C:\Users\ZOJOLDRI\STM32CubeIDE\workspace_InProgress\ADIN1110\MXTmpFiles\license.tmp
2024-12-09 21:55:16,029 [INFO] CodeEngine:255 - oldGeneratedFile, C:\Users\ZOJOLDRI\STM32CubeIDE\workspace_InProgress\ADIN1110\Core\Src\gpio.c_save
2024-12-09 21:55:16,197 [INFO] CodeEngine:279 - Generated code: C:\Users\ZOJOLDRI\STM32CubeIDE\workspace_InProgress\ADIN1110\Core\Src\gpio.c
2024-12-09 21:55:16,220 [INFO] CodeEngine:255 - oldGeneratedFile, C:\Users\ZOJOLDRI\STM32CubeIDE\workspace_InProgress\ADIN1110\Core\Inc\gpio.h_save
2024-12-09 21:55:16,359 [INFO] CodeEngine:279 - Generated code: C:\Users\ZOJOLDRI\STM32CubeIDE\workspace_InProgress\ADIN1110\Core\Inc\gpio.h
2024-12-09 21:55:16,602 [INFO] CodeEngine:255 - oldGeneratedFile, C:\Users\ZOJOLDRI\STM32CubeIDE\workspace_InProgress\ADIN1110\Core\Src\dma.c_save
2024-12-09 21:55:16,731 [INFO] CodeEngine:279 - Generated code: C:\Users\ZOJOLDRI\STM32CubeIDE\workspace_InProgress\ADIN1110\Core\Src\dma.c
2024-12-09 21:55:16,756 [INFO] CodeEngine:255 - oldGeneratedFile, C:\Users\ZOJOLDRI\STM32CubeIDE\workspace_InProgress\ADIN1110\Core\Inc\dma.h_save
2024-12-09 21:55:16,862 [INFO] CodeEngine:279 - Generated code: C:\Users\ZOJOLDRI\STM32CubeIDE\workspace_InProgress\ADIN1110\Core\Inc\dma.h
2024-12-09 21:55:16,894 [INFO] CodeEngine:255 - oldGeneratedFile, C:\Users\ZOJOLDRI\STM32CubeIDE\workspace_InProgress\ADIN1110\Core\Src\spi.c_save
2024-12-09 21:55:17,045 [INFO] CodeEngine:279 - Generated code: C:\Users\ZOJOLDRI\STM32CubeIDE\workspace_InProgress\ADIN1110\Core\Src\spi.c
2024-12-09 21:55:17,080 [INFO] CodeEngine:255 - oldGeneratedFile, C:\Users\ZOJOLDRI\STM32CubeIDE\workspace_InProgress\ADIN1110\Core\Inc\spi.h_save
2024-12-09 21:55:17,179 [INFO] CodeEngine:279 - Generated code: C:\Users\ZOJOLDRI\STM32CubeIDE\workspace_InProgress\ADIN1110\Core\Inc\spi.h
2024-12-09 21:55:17,201 [INFO] CodeEngine:255 - oldGeneratedFile, C:\Users\ZOJOLDRI\STM32CubeIDE\workspace_InProgress\ADIN1110\Core\Src\usart.c_save
2024-12-09 21:55:17,299 [INFO] CodeEngine:279 - Generated code: C:\Users\ZOJOLDRI\STM32CubeIDE\workspace_InProgress\ADIN1110\Core\Src\usart.c
2024-12-09 21:55:17,305 [INFO] CodeEngine:255 - oldGeneratedFile, C:\Users\ZOJOLDRI\STM32CubeIDE\workspace_InProgress\ADIN1110\Core\Inc\usart.h_save
2024-12-09 21:55:17,392 [INFO] CodeEngine:279 - Generated code: C:\Users\ZOJOLDRI\STM32CubeIDE\workspace_InProgress\ADIN1110\Core\Inc\usart.h
2024-12-09 21:55:17,443 [INFO] CodeEngine:255 - oldGeneratedFile, C:\Users\ZOJOLDRI\STM32CubeIDE\workspace_InProgress\ADIN1110\Core\Src\stm32l4xx_it.c_save
2024-12-09 21:55:17,628 [INFO] CodeEngine:279 - Generated code: C:\Users\ZOJOLDRI\STM32CubeIDE\workspace_InProgress\ADIN1110\Core\Src\stm32l4xx_it.c
2024-12-09 21:55:17,662 [INFO] CodeEngine:255 - oldGeneratedFile, C:\Users\ZOJOLDRI\STM32CubeIDE\workspace_InProgress\ADIN1110\Core\Inc\stm32l4xx_it.h_save
2024-12-09 21:55:17,744 [INFO] CodeEngine:279 - Generated code: C:\Users\ZOJOLDRI\STM32CubeIDE\workspace_InProgress\ADIN1110\Core\Inc\stm32l4xx_it.h
2024-12-09 21:55:17,789 [INFO] CodeEngine:255 - oldGeneratedFile, C:\Users\ZOJOLDRI\STM32CubeIDE\workspace_InProgress\ADIN1110\Core\Src\stm32l4xx_hal_msp.c_save
2024-12-09 21:55:17,892 [INFO] CodeEngine:279 - Generated code: C:\Users\ZOJOLDRI\STM32CubeIDE\workspace_InProgress\ADIN1110\Core\Src\stm32l4xx_hal_msp.c
2024-12-09 21:55:17,905 [INFO] CodeEngine:255 - oldGeneratedFile, C:\Users\ZOJOLDRI\STM32CubeIDE\workspace_InProgress\ADIN1110\MXTmpFiles\system.tmp_save
2024-12-09 21:55:17,960 [INFO] CodeEngine:279 - Generated code: C:\Users\ZOJOLDRI\STM32CubeIDE\workspace_InProgress\ADIN1110\MXTmpFiles\system.tmp
2024-12-09 21:55:17,992 [INFO] CodeEngine:311 - oldGeneratedFile, C:\Users\ZOJOLDRI\STM32CubeIDE\workspace_InProgress\ADIN1110\Core\Inc\stm32l4xx_hal_conf.h_save
2024-12-09 21:55:18,082 [INFO] CodeEngine:335 - Generated code: C:\Users\ZOJOLDRI\STM32CubeIDE\workspace_InProgress\ADIN1110\Core\Inc\stm32l4xx_hal_conf.h
2024-12-09 21:55:18,146 [INFO] CodeEngine:255 - oldGeneratedFile, C:\Users\ZOJOLDRI\STM32CubeIDE\workspace_InProgress\ADIN1110\Core\Inc\main.h_save
2024-12-09 21:55:18,256 [INFO] CodeEngine:279 - Generated code: C:\Users\ZOJOLDRI\STM32CubeIDE\workspace_InProgress\ADIN1110\Core\Inc\main.h
2024-12-09 21:55:18,283 [INFO] CodeEngine:255 - oldGeneratedFile, C:\Users\ZOJOLDRI\STM32CubeIDE\workspace_InProgress\ADIN1110\Core\Src\main.c_save
2024-12-09 21:55:18,410 [INFO] CodeEngine:279 - Generated code: C:\Users\ZOJOLDRI\STM32CubeIDE\workspace_InProgress\ADIN1110\Core\Src\main.c
2024-12-09 21:55:18,825 [INFO] ProjectBuilder:3289 - Time for Copy HAL[1] : 222mS.
2024-12-09 21:55:18,830 [INFO] ProjectBuilder:4876 - Project Generator version: 4.5.0-RC5
2024-12-09 21:55:18,896 [INFO] ConfigFileManager:1579 - The Die is : DIE461
2024-12-09 21:55:20,970 [INFO] ProjectBuilder:5154 - Time for Generating toolchain IDE Files: 2140mS.
2024-12-09 21:55:20,971 [INFO] ProjectBuilder:3146 - Time for Copy CMSIS : 1mS.
2024-12-09 21:55:20,977 [INFO] ProjectBuilder:3146 - Time for Copy CMSIS : 1mS.
2024-12-09 21:56:05,672 [INFO] NvicIntPanel:101 - NVIC parent = com.st.microxplorer.plugins.ip.nvic.MultiNvicIntPanel[,0,0,0x0,invalid,layout=javax.swing.BoxLayout,alignmentX=0.0,alignmentY=0.0,border=,flags=9,maximumSize=,minimumSize=,preferredSize=]
2024-12-09 21:56:05,890 [INFO] NvicIntPanel:101 - NVIC parent = com.st.microxplorer.plugins.ip.nvic.MultiNvicIntPanel[,0,0,0x0,invalid,layout=javax.swing.BoxLayout,alignmentX=0.0,alignmentY=0.0,border=,flags=9,maximumSize=,minimumSize=,preferredSize=]
2024-12-09 21:56:06,480 [INFO] NvicIntPanel:101 - NVIC parent = com.st.microxplorer.plugins.ip.nvic.MultiNvicIntPanel[,0,0,0x0,invalid,layout=javax.swing.BoxLayout,alignmentX=0.0,alignmentY=0.0,border=,flags=9,maximumSize=,minimumSize=,preferredSize=]
2024-12-09 21:56:09,455 [INFO] UtilMem:75 - End SaveConfig() Used Memory: 665181536 Bytes (1073741824)
2024-12-09 21:56:10,451 [INFO] UtilMem:75 - End SaveConfig() Used Memory: 703978848 Bytes (1073741824)
2024-12-09 21:57:45,176 [INFO] UtilMem:75 - End SaveConfig() Used Memory: 820897120 Bytes (1073741824)
2024-12-09 21:57:45,415 [INFO] BlockDiagram:2766 - set Specific Code input for plugin: SPI
2024-12-09 21:57:45,416 [INFO] BlockDiagram:2766 - set Specific Code input for plugin: SYS
2024-12-09 21:57:45,416 [INFO] BlockDiagram:2766 - set Specific Code input for plugin: RCC
2024-12-09 21:57:45,416 [INFO] BlockDiagram:2766 - set Specific Code input for plugin: NVIC
2024-12-09 21:57:45,416 [INFO] BlockDiagram:2766 - set Specific Code input for plugin: USART
2024-12-09 21:57:45,416 [INFO] BlockDiagram:2766 - set Specific Code input for plugin: DMA
2024-12-09 21:57:45,416 [INFO] BlockDiagram:2766 - set Specific Code input for plugin: GPIO
2024-12-09 21:57:45,417 [INFO] CodeGenerator:896 - code generatio: config db path: C:\ST\STM32CubeIDE_1.17.0\STM32CubeIDE\plugins\com.st.stm32cube.common.mx_6.13.0.202411220809\\db\
2024-12-09 21:57:45,424 [INFO] Argument:325 - Argument : hdmavalue: null
2024-12-09 21:57:45,424 [INFO] Argument:327 - 	 sub Args: 
2024-12-09 21:57:45,424 [INFO] Argument:325 - Argument : Instancevalue: DMA1_Channel2
2024-12-09 21:57:45,424 [INFO] Argument:335 - Argument : Instancevalue: DMA1_Channel2
2024-12-09 21:57:45,424 [INFO] Argument:325 - Argument : Initvalue: null
2024-12-09 21:57:45,424 [INFO] Argument:327 - 	 sub Args: 
2024-12-09 21:57:45,424 [INFO] Argument:325 - Argument : Requestvalue: DMA_REQUEST_1
2024-12-09 21:57:45,424 [INFO] Argument:335 - Argument : Requestvalue: DMA_REQUEST_1
2024-12-09 21:57:45,424 [INFO] Argument:325 - Argument : Directionvalue: DMA_PERIPH_TO_MEMORY
2024-12-09 21:57:45,424 [INFO] Argument:335 - Argument : Directionvalue: DMA_PERIPH_TO_MEMORY
2024-12-09 21:57:45,424 [INFO] Argument:325 - Argument : PeriphIncvalue: DMA_PINC_DISABLE
2024-12-09 21:57:45,424 [INFO] Argument:335 - Argument : PeriphIncvalue: DMA_PINC_DISABLE
2024-12-09 21:57:45,424 [INFO] Argument:325 - Argument : MemIncvalue: DMA_MINC_ENABLE
2024-12-09 21:57:45,424 [INFO] Argument:335 - Argument : MemIncvalue: DMA_MINC_ENABLE
2024-12-09 21:57:45,424 [INFO] Argument:325 - Argument : PeriphDataAlignmentvalue: DMA_PDATAALIGN_BYTE
2024-12-09 21:57:45,424 [INFO] Argument:335 - Argument : PeriphDataAlignmentvalue: DMA_PDATAALIGN_BYTE
2024-12-09 21:57:45,424 [INFO] Argument:325 - Argument : MemDataAlignmentvalue: DMA_MDATAALIGN_BYTE
2024-12-09 21:57:45,424 [INFO] Argument:335 - Argument : MemDataAlignmentvalue: DMA_MDATAALIGN_BYTE
2024-12-09 21:57:45,424 [INFO] Argument:325 - Argument : Modevalue: DMA_NORMAL
2024-12-09 21:57:45,424 [INFO] Argument:335 - Argument : Modevalue: DMA_NORMAL
2024-12-09 21:57:45,424 [INFO] Argument:325 - Argument : Priorityvalue: DMA_PRIORITY_LOW
2024-12-09 21:57:45,424 [INFO] Argument:335 - Argument : Priorityvalue: DMA_PRIORITY_LOW
2024-12-09 21:57:45,425 [INFO] Argument:325 - Argument : Lockvalue: null
2024-12-09 21:57:45,425 [INFO] Argument:335 - Argument : Lockvalue: null
2024-12-09 21:57:45,425 [INFO] Argument:325 - Argument : Statevalue: null
2024-12-09 21:57:45,425 [INFO] Argument:335 - Argument : Statevalue: null
2024-12-09 21:57:45,425 [INFO] Argument:325 - Argument : Parentvalue: null
2024-12-09 21:57:45,425 [INFO] Argument:335 - Argument : Parentvalue: null
2024-12-09 21:57:45,425 [INFO] Argument:325 - Argument : XferCpltCallbackvalue: null
2024-12-09 21:57:45,425 [INFO] Argument:335 - Argument : XferCpltCallbackvalue: null
2024-12-09 21:57:45,425 [INFO] Argument:325 - Argument : XferHalfCpltCallbackvalue: null
2024-12-09 21:57:45,425 [INFO] Argument:335 - Argument : XferHalfCpltCallbackvalue: null
2024-12-09 21:57:45,425 [INFO] Argument:325 - Argument : XferErrorCallbackvalue: null
2024-12-09 21:57:45,425 [INFO] Argument:335 - Argument : XferErrorCallbackvalue: null
2024-12-09 21:57:45,425 [INFO] Argument:325 - Argument : XferAbortCallbackvalue: null
2024-12-09 21:57:45,425 [INFO] Argument:335 - Argument : XferAbortCallbackvalue: null
2024-12-09 21:57:45,425 [INFO] Argument:325 - Argument : ErrorCodevalue: null
2024-12-09 21:57:45,425 [INFO] Argument:335 - Argument : ErrorCodevalue: null
2024-12-09 21:57:45,425 [INFO] Argument:325 - Argument : DmaBaseAddressvalue: null
2024-12-09 21:57:45,425 [INFO] Argument:335 - Argument : DmaBaseAddressvalue: null
2024-12-09 21:57:45,425 [INFO] Argument:325 - Argument : ChannelIndexvalue: null
2024-12-09 21:57:45,425 [INFO] Argument:335 - Argument : ChannelIndexvalue: null
2024-12-09 21:57:45,425 [INFO] Argument:325 - Argument : hdmavalue: null
2024-12-09 21:57:45,425 [INFO] Argument:327 - 	 sub Args: 
2024-12-09 21:57:45,425 [INFO] Argument:325 - Argument : Instancevalue: DMA1_Channel2
2024-12-09 21:57:45,425 [INFO] Argument:335 - Argument : Instancevalue: DMA1_Channel2
2024-12-09 21:57:45,425 [INFO] Argument:325 - Argument : Initvalue: null
2024-12-09 21:57:45,425 [INFO] Argument:327 - 	 sub Args: 
2024-12-09 21:57:45,425 [INFO] Argument:325 - Argument : Requestvalue: DMA_REQUEST_1
2024-12-09 21:57:45,425 [INFO] Argument:335 - Argument : Requestvalue: DMA_REQUEST_1
2024-12-09 21:57:45,425 [INFO] Argument:325 - Argument : Directionvalue: DMA_PERIPH_TO_MEMORY
2024-12-09 21:57:45,425 [INFO] Argument:335 - Argument : Directionvalue: DMA_PERIPH_TO_MEMORY
2024-12-09 21:57:45,425 [INFO] Argument:325 - Argument : PeriphIncvalue: DMA_PINC_DISABLE
2024-12-09 21:57:45,425 [INFO] Argument:335 - Argument : PeriphIncvalue: DMA_PINC_DISABLE
2024-12-09 21:57:45,425 [INFO] Argument:325 - Argument : MemIncvalue: DMA_MINC_ENABLE
2024-12-09 21:57:45,425 [INFO] Argument:335 - Argument : MemIncvalue: DMA_MINC_ENABLE
2024-12-09 21:57:45,425 [INFO] Argument:325 - Argument : PeriphDataAlignmentvalue: DMA_PDATAALIGN_BYTE
2024-12-09 21:57:45,425 [INFO] Argument:335 - Argument : PeriphDataAlignmentvalue: DMA_PDATAALIGN_BYTE
2024-12-09 21:57:45,425 [INFO] Argument:325 - Argument : MemDataAlignmentvalue: DMA_MDATAALIGN_BYTE
2024-12-09 21:57:45,425 [INFO] Argument:335 - Argument : MemDataAlignmentvalue: DMA_MDATAALIGN_BYTE
2024-12-09 21:57:45,425 [INFO] Argument:325 - Argument : Modevalue: DMA_NORMAL
2024-12-09 21:57:45,425 [INFO] Argument:335 - Argument : Modevalue: DMA_NORMAL
2024-12-09 21:57:45,425 [INFO] Argument:325 - Argument : Priorityvalue: DMA_PRIORITY_LOW
2024-12-09 21:57:45,425 [INFO] Argument:335 - Argument : Priorityvalue: DMA_PRIORITY_LOW
2024-12-09 21:57:45,425 [INFO] Argument:325 - Argument : Lockvalue: null
2024-12-09 21:57:45,425 [INFO] Argument:335 - Argument : Lockvalue: null
2024-12-09 21:57:45,425 [INFO] Argument:325 - Argument : Statevalue: null
2024-12-09 21:57:45,425 [INFO] Argument:335 - Argument : Statevalue: null
2024-12-09 21:57:45,425 [INFO] Argument:325 - Argument : Parentvalue: null
2024-12-09 21:57:45,425 [INFO] Argument:335 - Argument : Parentvalue: null
2024-12-09 21:57:45,425 [INFO] Argument:325 - Argument : XferCpltCallbackvalue: null
2024-12-09 21:57:45,425 [INFO] Argument:335 - Argument : XferCpltCallbackvalue: null
2024-12-09 21:57:45,425 [INFO] Argument:325 - Argument : XferHalfCpltCallbackvalue: null
2024-12-09 21:57:45,425 [INFO] Argument:335 - Argument : XferHalfCpltCallbackvalue: null
2024-12-09 21:57:45,425 [INFO] Argument:325 - Argument : XferErrorCallbackvalue: null
2024-12-09 21:57:45,425 [INFO] Argument:335 - Argument : XferErrorCallbackvalue: null
2024-12-09 21:57:45,425 [INFO] Argument:325 - Argument : XferAbortCallbackvalue: null
2024-12-09 21:57:45,425 [INFO] Argument:335 - Argument : XferAbortCallbackvalue: null
2024-12-09 21:57:45,425 [INFO] Argument:325 - Argument : ErrorCodevalue: null
2024-12-09 21:57:45,425 [INFO] Argument:335 - Argument : ErrorCodevalue: null
2024-12-09 21:57:45,425 [INFO] Argument:325 - Argument : DmaBaseAddressvalue: null
2024-12-09 21:57:45,425 [INFO] Argument:335 - Argument : DmaBaseAddressvalue: null
2024-12-09 21:57:45,425 [INFO] Argument:325 - Argument : ChannelIndexvalue: null
2024-12-09 21:57:45,425 [INFO] Argument:335 - Argument : ChannelIndexvalue: null
2024-12-09 21:57:45,425 [INFO] Argument:325 - Argument : pSyncConfigvalue: null
2024-12-09 21:57:45,425 [INFO] Argument:327 - 	 sub Args: 
2024-12-09 21:57:45,425 [INFO] Argument:325 - Argument : SyncSignalIDvalue: null
2024-12-09 21:57:45,425 [INFO] Argument:335 - Argument : SyncSignalIDvalue: null
2024-12-09 21:57:45,425 [INFO] Argument:325 - Argument : SyncPolarityvalue: null
2024-12-09 21:57:45,425 [INFO] Argument:335 - Argument : SyncPolarityvalue: null
2024-12-09 21:57:45,425 [INFO] Argument:325 - Argument : SyncEnablevalue: null
2024-12-09 21:57:45,425 [INFO] Argument:335 - Argument : SyncEnablevalue: null
2024-12-09 21:57:45,426 [INFO] Argument:325 - Argument : EventEnablevalue: null
2024-12-09 21:57:45,426 [INFO] Argument:335 - Argument : EventEnablevalue: null
2024-12-09 21:57:45,426 [INFO] Argument:325 - Argument : RequestNumbervalue: null
2024-12-09 21:57:45,426 [INFO] Argument:335 - Argument : RequestNumbervalue: null
2024-12-09 21:57:45,426 [INFO] Argument:325 - Argument : hdmavalue: null
2024-12-09 21:57:45,426 [INFO] Argument:327 - 	 sub Args: 
2024-12-09 21:57:45,426 [INFO] Argument:325 - Argument : Instancevalue: DMA1_Channel3
2024-12-09 21:57:45,426 [INFO] Argument:335 - Argument : Instancevalue: DMA1_Channel3
2024-12-09 21:57:45,426 [INFO] Argument:325 - Argument : Initvalue: null
2024-12-09 21:57:45,426 [INFO] Argument:327 - 	 sub Args: 
2024-12-09 21:57:45,426 [INFO] Argument:325 - Argument : Requestvalue: DMA_REQUEST_1
2024-12-09 21:57:45,426 [INFO] Argument:335 - Argument : Requestvalue: DMA_REQUEST_1
2024-12-09 21:57:45,426 [INFO] Argument:325 - Argument : Directionvalue: DMA_MEMORY_TO_PERIPH
2024-12-09 21:57:45,426 [INFO] Argument:335 - Argument : Directionvalue: DMA_MEMORY_TO_PERIPH
2024-12-09 21:57:45,426 [INFO] Argument:325 - Argument : PeriphIncvalue: DMA_PINC_DISABLE
2024-12-09 21:57:45,426 [INFO] Argument:335 - Argument : PeriphIncvalue: DMA_PINC_DISABLE
2024-12-09 21:57:45,426 [INFO] Argument:325 - Argument : MemIncvalue: DMA_MINC_ENABLE
2024-12-09 21:57:45,426 [INFO] Argument:335 - Argument : MemIncvalue: DMA_MINC_ENABLE
2024-12-09 21:57:45,426 [INFO] Argument:325 - Argument : PeriphDataAlignmentvalue: DMA_PDATAALIGN_BYTE
2024-12-09 21:57:45,426 [INFO] Argument:335 - Argument : PeriphDataAlignmentvalue: DMA_PDATAALIGN_BYTE
2024-12-09 21:57:45,426 [INFO] Argument:325 - Argument : MemDataAlignmentvalue: DMA_MDATAALIGN_BYTE
2024-12-09 21:57:45,426 [INFO] Argument:335 - Argument : MemDataAlignmentvalue: DMA_MDATAALIGN_BYTE
2024-12-09 21:57:45,426 [INFO] Argument:325 - Argument : Modevalue: DMA_NORMAL
2024-12-09 21:57:45,426 [INFO] Argument:335 - Argument : Modevalue: DMA_NORMAL
2024-12-09 21:57:45,426 [INFO] Argument:325 - Argument : Priorityvalue: DMA_PRIORITY_LOW
2024-12-09 21:57:45,426 [INFO] Argument:335 - Argument : Priorityvalue: DMA_PRIORITY_LOW
2024-12-09 21:57:45,426 [INFO] Argument:325 - Argument : Lockvalue: null
2024-12-09 21:57:45,426 [INFO] Argument:335 - Argument : Lockvalue: null
2024-12-09 21:57:45,426 [INFO] Argument:325 - Argument : Statevalue: null
2024-12-09 21:57:45,426 [INFO] Argument:335 - Argument : Statevalue: null
2024-12-09 21:57:45,426 [INFO] Argument:325 - Argument : Parentvalue: null
2024-12-09 21:57:45,426 [INFO] Argument:335 - Argument : Parentvalue: null
2024-12-09 21:57:45,426 [INFO] Argument:325 - Argument : XferCpltCallbackvalue: null
2024-12-09 21:57:45,426 [INFO] Argument:335 - Argument : XferCpltCallbackvalue: null
2024-12-09 21:57:45,426 [INFO] Argument:325 - Argument : XferHalfCpltCallbackvalue: null
2024-12-09 21:57:45,426 [INFO] Argument:335 - Argument : XferHalfCpltCallbackvalue: null
2024-12-09 21:57:45,426 [INFO] Argument:325 - Argument : XferErrorCallbackvalue: null
2024-12-09 21:57:45,426 [INFO] Argument:335 - Argument : XferErrorCallbackvalue: null
2024-12-09 21:57:45,427 [INFO] Argument:325 - Argument : XferAbortCallbackvalue: null
2024-12-09 21:57:45,427 [INFO] Argument:335 - Argument : XferAbortCallbackvalue: null
2024-12-09 21:57:45,427 [INFO] Argument:325 - Argument : ErrorCodevalue: null
2024-12-09 21:57:45,427 [INFO] Argument:335 - Argument : ErrorCodevalue: null
2024-12-09 21:57:45,427 [INFO] Argument:325 - Argument : DmaBaseAddressvalue: null
2024-12-09 21:57:45,427 [INFO] Argument:335 - Argument : DmaBaseAddressvalue: null
2024-12-09 21:57:45,427 [INFO] Argument:325 - Argument : ChannelIndexvalue: null
2024-12-09 21:57:45,427 [INFO] Argument:335 - Argument : ChannelIndexvalue: null
2024-12-09 21:57:45,427 [INFO] Argument:325 - Argument : hdmavalue: null
2024-12-09 21:57:45,427 [INFO] Argument:327 - 	 sub Args: 
2024-12-09 21:57:45,427 [INFO] Argument:325 - Argument : Instancevalue: DMA1_Channel3
2024-12-09 21:57:45,427 [INFO] Argument:335 - Argument : Instancevalue: DMA1_Channel3
2024-12-09 21:57:45,427 [INFO] Argument:325 - Argument : Initvalue: null
2024-12-09 21:57:45,427 [INFO] Argument:327 - 	 sub Args: 
2024-12-09 21:57:45,427 [INFO] Argument:325 - Argument : Requestvalue: DMA_REQUEST_1
2024-12-09 21:57:45,427 [INFO] Argument:335 - Argument : Requestvalue: DMA_REQUEST_1
2024-12-09 21:57:45,427 [INFO] Argument:325 - Argument : Directionvalue: DMA_MEMORY_TO_PERIPH
2024-12-09 21:57:45,427 [INFO] Argument:335 - Argument : Directionvalue: DMA_MEMORY_TO_PERIPH
2024-12-09 21:57:45,427 [INFO] Argument:325 - Argument : PeriphIncvalue: DMA_PINC_DISABLE
2024-12-09 21:57:45,427 [INFO] Argument:335 - Argument : PeriphIncvalue: DMA_PINC_DISABLE
2024-12-09 21:57:45,427 [INFO] Argument:325 - Argument : MemIncvalue: DMA_MINC_ENABLE
2024-12-09 21:57:45,427 [INFO] Argument:335 - Argument : MemIncvalue: DMA_MINC_ENABLE
2024-12-09 21:57:45,427 [INFO] Argument:325 - Argument : PeriphDataAlignmentvalue: DMA_PDATAALIGN_BYTE
2024-12-09 21:57:45,427 [INFO] Argument:335 - Argument : PeriphDataAlignmentvalue: DMA_PDATAALIGN_BYTE
2024-12-09 21:57:45,427 [INFO] Argument:325 - Argument : MemDataAlignmentvalue: DMA_MDATAALIGN_BYTE
2024-12-09 21:57:45,427 [INFO] Argument:335 - Argument : MemDataAlignmentvalue: DMA_MDATAALIGN_BYTE
2024-12-09 21:57:45,427 [INFO] Argument:325 - Argument : Modevalue: DMA_NORMAL
2024-12-09 21:57:45,427 [INFO] Argument:335 - Argument : Modevalue: DMA_NORMAL
2024-12-09 21:57:45,427 [INFO] Argument:325 - Argument : Priorityvalue: DMA_PRIORITY_LOW
2024-12-09 21:57:45,427 [INFO] Argument:335 - Argument : Priorityvalue: DMA_PRIORITY_LOW
2024-12-09 21:57:45,427 [INFO] Argument:325 - Argument : Lockvalue: null
2024-12-09 21:57:45,427 [INFO] Argument:335 - Argument : Lockvalue: null
2024-12-09 21:57:45,427 [INFO] Argument:325 - Argument : Statevalue: null
2024-12-09 21:57:45,427 [INFO] Argument:335 - Argument : Statevalue: null
2024-12-09 21:57:45,427 [INFO] Argument:325 - Argument : Parentvalue: null
2024-12-09 21:57:45,427 [INFO] Argument:335 - Argument : Parentvalue: null
2024-12-09 21:57:45,427 [INFO] Argument:325 - Argument : XferCpltCallbackvalue: null
2024-12-09 21:57:45,427 [INFO] Argument:335 - Argument : XferCpltCallbackvalue: null
2024-12-09 21:57:45,427 [INFO] Argument:325 - Argument : XferHalfCpltCallbackvalue: null
2024-12-09 21:57:45,427 [INFO] Argument:335 - Argument : XferHalfCpltCallbackvalue: null
2024-12-09 21:57:45,427 [INFO] Argument:325 - Argument : XferErrorCallbackvalue: null
2024-12-09 21:57:45,427 [INFO] Argument:335 - Argument : XferErrorCallbackvalue: null
2024-12-09 21:57:45,427 [INFO] Argument:325 - Argument : XferAbortCallbackvalue: null
2024-12-09 21:57:45,427 [INFO] Argument:335 - Argument : XferAbortCallbackvalue: null
2024-12-09 21:57:45,427 [INFO] Argument:325 - Argument : ErrorCodevalue: null
2024-12-09 21:57:45,427 [INFO] Argument:335 - Argument : ErrorCodevalue: null
2024-12-09 21:57:45,427 [INFO] Argument:325 - Argument : DmaBaseAddressvalue: null
2024-12-09 21:57:45,427 [INFO] Argument:335 - Argument : DmaBaseAddressvalue: null
2024-12-09 21:57:45,427 [INFO] Argument:325 - Argument : ChannelIndexvalue: null
2024-12-09 21:57:45,427 [INFO] Argument:335 - Argument : ChannelIndexvalue: null
2024-12-09 21:57:45,427 [INFO] Argument:325 - Argument : pSyncConfigvalue: null
2024-12-09 21:57:45,427 [INFO] Argument:327 - 	 sub Args: 
2024-12-09 21:57:45,427 [INFO] Argument:325 - Argument : SyncSignalIDvalue: null
2024-12-09 21:57:45,427 [INFO] Argument:335 - Argument : SyncSignalIDvalue: null
2024-12-09 21:57:45,427 [INFO] Argument:325 - Argument : SyncPolarityvalue: null
2024-12-09 21:57:45,427 [INFO] Argument:335 - Argument : SyncPolarityvalue: null
2024-12-09 21:57:45,427 [INFO] Argument:325 - Argument : SyncEnablevalue: null
2024-12-09 21:57:45,427 [INFO] Argument:335 - Argument : SyncEnablevalue: null
2024-12-09 21:57:45,427 [INFO] Argument:325 - Argument : EventEnablevalue: null
2024-12-09 21:57:45,427 [INFO] Argument:335 - Argument : EventEnablevalue: null
2024-12-09 21:57:45,427 [INFO] Argument:325 - Argument : RequestNumbervalue: null
2024-12-09 21:57:45,427 [INFO] Argument:335 - Argument : RequestNumbervalue: null
2024-12-09 21:57:45,465 [INFO] CodeEngine:255 - oldGeneratedFile, C:\Users\ZOJOLDRI\STM32CubeIDE\workspace_InProgress\ADIN1110\MXTmpFiles\license.tmp_save
2024-12-09 21:57:45,512 [INFO] CodeEngine:279 - Generated code: C:\Users\ZOJOLDRI\STM32CubeIDE\workspace_InProgress\ADIN1110\MXTmpFiles\license.tmp
2024-12-09 21:57:45,540 [INFO] CodeEngine:255 - oldGeneratedFile, C:\Users\ZOJOLDRI\STM32CubeIDE\workspace_InProgress\ADIN1110\Core\Src\gpio.c_save
2024-12-09 21:57:45,584 [INFO] CodeEngine:279 - Generated code: C:\Users\ZOJOLDRI\STM32CubeIDE\workspace_InProgress\ADIN1110\Core\Src\gpio.c
2024-12-09 21:57:45,588 [INFO] CodeEngine:255 - oldGeneratedFile, C:\Users\ZOJOLDRI\STM32CubeIDE\workspace_InProgress\ADIN1110\Core\Inc\gpio.h_save
2024-12-09 21:57:45,634 [INFO] CodeEngine:279 - Generated code: C:\Users\ZOJOLDRI\STM32CubeIDE\workspace_InProgress\ADIN1110\Core\Inc\gpio.h
2024-12-09 21:57:45,763 [INFO] CodeEngine:255 - oldGeneratedFile, C:\Users\ZOJOLDRI\STM32CubeIDE\workspace_InProgress\ADIN1110\Core\Src\dma.c_save
2024-12-09 21:57:45,803 [INFO] CodeEngine:279 - Generated code: C:\Users\ZOJOLDRI\STM32CubeIDE\workspace_InProgress\ADIN1110\Core\Src\dma.c
2024-12-09 21:57:45,806 [INFO] CodeEngine:255 - oldGeneratedFile, C:\Users\ZOJOLDRI\STM32CubeIDE\workspace_InProgress\ADIN1110\Core\Inc\dma.h_save
2024-12-09 21:57:45,850 [INFO] CodeEngine:279 - Generated code: C:\Users\ZOJOLDRI\STM32CubeIDE\workspace_InProgress\ADIN1110\Core\Inc\dma.h
2024-12-09 21:57:45,865 [INFO] CodeEngine:255 - oldGeneratedFile, C:\Users\ZOJOLDRI\STM32CubeIDE\workspace_InProgress\ADIN1110\Core\Src\spi.c_save
2024-12-09 21:57:45,936 [INFO] CodeEngine:279 - Generated code: C:\Users\ZOJOLDRI\STM32CubeIDE\workspace_InProgress\ADIN1110\Core\Src\spi.c
2024-12-09 21:57:45,939 [INFO] CodeEngine:255 - oldGeneratedFile, C:\Users\ZOJOLDRI\STM32CubeIDE\workspace_InProgress\ADIN1110\Core\Inc\spi.h_save
2024-12-09 21:57:45,977 [INFO] CodeEngine:279 - Generated code: C:\Users\ZOJOLDRI\STM32CubeIDE\workspace_InProgress\ADIN1110\Core\Inc\spi.h
2024-12-09 21:57:45,991 [INFO] CodeEngine:255 - oldGeneratedFile, C:\Users\ZOJOLDRI\STM32CubeIDE\workspace_InProgress\ADIN1110\Core\Src\usart.c_save
2024-12-09 21:57:46,044 [INFO] CodeEngine:279 - Generated code: C:\Users\ZOJOLDRI\STM32CubeIDE\workspace_InProgress\ADIN1110\Core\Src\usart.c
2024-12-09 21:57:46,047 [INFO] CodeEngine:255 - oldGeneratedFile, C:\Users\ZOJOLDRI\STM32CubeIDE\workspace_InProgress\ADIN1110\Core\Inc\usart.h_save
2024-12-09 21:57:46,089 [INFO] CodeEngine:279 - Generated code: C:\Users\ZOJOLDRI\STM32CubeIDE\workspace_InProgress\ADIN1110\Core\Inc\usart.h
2024-12-09 21:57:46,106 [INFO] CodeEngine:255 - oldGeneratedFile, C:\Users\ZOJOLDRI\STM32CubeIDE\workspace_InProgress\ADIN1110\Core\Src\stm32l4xx_it.c_save
2024-12-09 21:57:46,192 [INFO] CodeEngine:279 - Generated code: C:\Users\ZOJOLDRI\STM32CubeIDE\workspace_InProgress\ADIN1110\Core\Src\stm32l4xx_it.c
2024-12-09 21:57:46,199 [INFO] CodeEngine:255 - oldGeneratedFile, C:\Users\ZOJOLDRI\STM32CubeIDE\workspace_InProgress\ADIN1110\Core\Inc\stm32l4xx_it.h_save
2024-12-09 21:57:46,255 [INFO] CodeEngine:279 - Generated code: C:\Users\ZOJOLDRI\STM32CubeIDE\workspace_InProgress\ADIN1110\Core\Inc\stm32l4xx_it.h
2024-12-09 21:57:46,274 [INFO] CodeEngine:255 - oldGeneratedFile, C:\Users\ZOJOLDRI\STM32CubeIDE\workspace_InProgress\ADIN1110\Core\Src\stm32l4xx_hal_msp.c_save
2024-12-09 21:57:46,333 [INFO] CodeEngine:279 - Generated code: C:\Users\ZOJOLDRI\STM32CubeIDE\workspace_InProgress\ADIN1110\Core\Src\stm32l4xx_hal_msp.c
2024-12-09 21:57:46,336 [INFO] CodeEngine:255 - oldGeneratedFile, C:\Users\ZOJOLDRI\STM32CubeIDE\workspace_InProgress\ADIN1110\MXTmpFiles\system.tmp_save
2024-12-09 21:57:46,378 [INFO] CodeEngine:279 - Generated code: C:\Users\ZOJOLDRI\STM32CubeIDE\workspace_InProgress\ADIN1110\MXTmpFiles\system.tmp
2024-12-09 21:57:46,402 [INFO] CodeEngine:311 - oldGeneratedFile, C:\Users\ZOJOLDRI\STM32CubeIDE\workspace_InProgress\ADIN1110\Core\Inc\stm32l4xx_hal_conf.h_save
2024-12-09 21:57:46,465 [INFO] CodeEngine:335 - Generated code: C:\Users\ZOJOLDRI\STM32CubeIDE\workspace_InProgress\ADIN1110\Core\Inc\stm32l4xx_hal_conf.h
2024-12-09 21:57:46,497 [INFO] CodeEngine:255 - oldGeneratedFile, C:\Users\ZOJOLDRI\STM32CubeIDE\workspace_InProgress\ADIN1110\Core\Inc\main.h_save
2024-12-09 21:57:46,542 [INFO] CodeEngine:279 - Generated code: C:\Users\ZOJOLDRI\STM32CubeIDE\workspace_InProgress\ADIN1110\Core\Inc\main.h
2024-12-09 21:57:46,556 [INFO] CodeEngine:255 - oldGeneratedFile, C:\Users\ZOJOLDRI\STM32CubeIDE\workspace_InProgress\ADIN1110\Core\Src\main.c_save
2024-12-09 21:57:46,620 [INFO] CodeEngine:279 - Generated code: C:\Users\ZOJOLDRI\STM32CubeIDE\workspace_InProgress\ADIN1110\Core\Src\main.c
2024-12-09 21:57:46,816 [INFO] ProjectBuilder:3289 - Time for Copy HAL[1] : 122mS.
2024-12-09 21:57:46,819 [INFO] ProjectBuilder:4876 - Project Generator version: 4.5.0-RC5
2024-12-09 21:57:46,853 [INFO] ConfigFileManager:1579 - The Die is : DIE461
2024-12-09 21:57:47,375 [INFO] ProjectBuilder:5154 - Time for Generating toolchain IDE Files: 556mS.
2024-12-09 21:57:47,376 [INFO] ProjectBuilder:3146 - Time for Copy CMSIS : 1mS.
2024-12-09 21:57:47,380 [INFO] ProjectBuilder:3146 - Time for Copy CMSIS : 0mS.
2024-12-09 21:57:59,413 [INFO] NvicIntPanel:101 - NVIC parent = com.st.microxplorer.plugins.ip.nvic.MultiNvicIntPanel[,0,0,0x0,invalid,layout=javax.swing.BoxLayout,alignmentX=0.0,alignmentY=0.0,border=,flags=9,maximumSize=,minimumSize=,preferredSize=]
2024-12-09 21:57:59,502 [INFO] NvicIntPanel:101 - NVIC parent = com.st.microxplorer.plugins.ip.nvic.MultiNvicIntPanel[,0,0,0x0,invalid,layout=javax.swing.BoxLayout,alignmentX=0.0,alignmentY=0.0,border=,flags=9,maximumSize=,minimumSize=,preferredSize=]
2024-12-09 21:58:03,131 [INFO] UtilMem:75 - End SaveConfig() Used Memory: 698614600 Bytes (1073741824)
2024-12-09 21:58:03,817 [INFO] UtilMem:75 - End SaveConfig() Used Memory: 736363336 Bytes (1073741824)
2024-12-09 21:58:05,123 [INFO] UtilMem:75 - End SaveConfig() Used Memory: 834929480 Bytes (1073741824)
2024-12-09 21:58:05,268 [INFO] BlockDiagram:2766 - set Specific Code input for plugin: SPI
2024-12-09 21:58:05,268 [INFO] BlockDiagram:2766 - set Specific Code input for plugin: SYS
2024-12-09 21:58:05,268 [INFO] BlockDiagram:2766 - set Specific Code input for plugin: RCC
2024-12-09 21:58:05,268 [INFO] BlockDiagram:2766 - set Specific Code input for plugin: NVIC
2024-12-09 21:58:05,268 [INFO] BlockDiagram:2766 - set Specific Code input for plugin: USART
2024-12-09 21:58:05,268 [INFO] BlockDiagram:2766 - set Specific Code input for plugin: DMA
2024-12-09 21:58:05,268 [INFO] BlockDiagram:2766 - set Specific Code input for plugin: GPIO
2024-12-09 21:58:05,269 [INFO] CodeGenerator:896 - code generatio: config db path: C:\ST\STM32CubeIDE_1.17.0\STM32CubeIDE\plugins\com.st.stm32cube.common.mx_6.13.0.202411220809\\db\
2024-12-09 21:58:05,277 [INFO] Argument:325 - Argument : hdmavalue: null
2024-12-09 21:58:05,277 [INFO] Argument:327 - 	 sub Args: 
2024-12-09 21:58:05,277 [INFO] Argument:325 - Argument : Instancevalue: DMA1_Channel2
2024-12-09 21:58:05,277 [INFO] Argument:335 - Argument : Instancevalue: DMA1_Channel2
2024-12-09 21:58:05,277 [INFO] Argument:325 - Argument : Initvalue: null
2024-12-09 21:58:05,277 [INFO] Argument:327 - 	 sub Args: 
2024-12-09 21:58:05,277 [INFO] Argument:325 - Argument : Requestvalue: DMA_REQUEST_1
2024-12-09 21:58:05,277 [INFO] Argument:335 - Argument : Requestvalue: DMA_REQUEST_1
2024-12-09 21:58:05,277 [INFO] Argument:325 - Argument : Directionvalue: DMA_PERIPH_TO_MEMORY
2024-12-09 21:58:05,277 [INFO] Argument:335 - Argument : Directionvalue: DMA_PERIPH_TO_MEMORY
2024-12-09 21:58:05,277 [INFO] Argument:325 - Argument : PeriphIncvalue: DMA_PINC_DISABLE
2024-12-09 21:58:05,277 [INFO] Argument:335 - Argument : PeriphIncvalue: DMA_PINC_DISABLE
2024-12-09 21:58:05,277 [INFO] Argument:325 - Argument : MemIncvalue: DMA_MINC_ENABLE
2024-12-09 21:58:05,277 [INFO] Argument:335 - Argument : MemIncvalue: DMA_MINC_ENABLE
2024-12-09 21:58:05,277 [INFO] Argument:325 - Argument : PeriphDataAlignmentvalue: DMA_PDATAALIGN_BYTE
2024-12-09 21:58:05,277 [INFO] Argument:335 - Argument : PeriphDataAlignmentvalue: DMA_PDATAALIGN_BYTE
2024-12-09 21:58:05,277 [INFO] Argument:325 - Argument : MemDataAlignmentvalue: DMA_MDATAALIGN_BYTE
2024-12-09 21:58:05,277 [INFO] Argument:335 - Argument : MemDataAlignmentvalue: DMA_MDATAALIGN_BYTE
2024-12-09 21:58:05,277 [INFO] Argument:325 - Argument : Modevalue: DMA_NORMAL
2024-12-09 21:58:05,277 [INFO] Argument:335 - Argument : Modevalue: DMA_NORMAL
2024-12-09 21:58:05,277 [INFO] Argument:325 - Argument : Priorityvalue: DMA_PRIORITY_LOW
2024-12-09 21:58:05,277 [INFO] Argument:335 - Argument : Priorityvalue: DMA_PRIORITY_LOW
2024-12-09 21:58:05,277 [INFO] Argument:325 - Argument : Lockvalue: null
2024-12-09 21:58:05,277 [INFO] Argument:335 - Argument : Lockvalue: null
2024-12-09 21:58:05,277 [INFO] Argument:325 - Argument : Statevalue: null
2024-12-09 21:58:05,277 [INFO] Argument:335 - Argument : Statevalue: null
2024-12-09 21:58:05,277 [INFO] Argument:325 - Argument : Parentvalue: null
2024-12-09 21:58:05,277 [INFO] Argument:335 - Argument : Parentvalue: null
2024-12-09 21:58:05,277 [INFO] Argument:325 - Argument : XferCpltCallbackvalue: null
2024-12-09 21:58:05,277 [INFO] Argument:335 - Argument : XferCpltCallbackvalue: null
2024-12-09 21:58:05,277 [INFO] Argument:325 - Argument : XferHalfCpltCallbackvalue: null
2024-12-09 21:58:05,277 [INFO] Argument:335 - Argument : XferHalfCpltCallbackvalue: null
2024-12-09 21:58:05,277 [INFO] Argument:325 - Argument : XferErrorCallbackvalue: null
2024-12-09 21:58:05,277 [INFO] Argument:335 - Argument : XferErrorCallbackvalue: null
2024-12-09 21:58:05,277 [INFO] Argument:325 - Argument : XferAbortCallbackvalue: null
2024-12-09 21:58:05,277 [INFO] Argument:335 - Argument : XferAbortCallbackvalue: null
2024-12-09 21:58:05,277 [INFO] Argument:325 - Argument : ErrorCodevalue: null
2024-12-09 21:58:05,277 [INFO] Argument:335 - Argument : ErrorCodevalue: null
2024-12-09 21:58:05,277 [INFO] Argument:325 - Argument : DmaBaseAddressvalue: null
2024-12-09 21:58:05,277 [INFO] Argument:335 - Argument : DmaBaseAddressvalue: null
2024-12-09 21:58:05,277 [INFO] Argument:325 - Argument : ChannelIndexvalue: null
2024-12-09 21:58:05,277 [INFO] Argument:335 - Argument : ChannelIndexvalue: null
2024-12-09 21:58:05,277 [INFO] Argument:325 - Argument : hdmavalue: null
2024-12-09 21:58:05,277 [INFO] Argument:327 - 	 sub Args: 
2024-12-09 21:58:05,277 [INFO] Argument:325 - Argument : Instancevalue: DMA1_Channel2
2024-12-09 21:58:05,277 [INFO] Argument:335 - Argument : Instancevalue: DMA1_Channel2
2024-12-09 21:58:05,277 [INFO] Argument:325 - Argument : Initvalue: null
2024-12-09 21:58:05,277 [INFO] Argument:327 - 	 sub Args: 
2024-12-09 21:58:05,277 [INFO] Argument:325 - Argument : Requestvalue: DMA_REQUEST_1
2024-12-09 21:58:05,277 [INFO] Argument:335 - Argument : Requestvalue: DMA_REQUEST_1
2024-12-09 21:58:05,277 [INFO] Argument:325 - Argument : Directionvalue: DMA_PERIPH_TO_MEMORY
2024-12-09 21:58:05,277 [INFO] Argument:335 - Argument : Directionvalue: DMA_PERIPH_TO_MEMORY
2024-12-09 21:58:05,277 [INFO] Argument:325 - Argument : PeriphIncvalue: DMA_PINC_DISABLE
2024-12-09 21:58:05,277 [INFO] Argument:335 - Argument : PeriphIncvalue: DMA_PINC_DISABLE
2024-12-09 21:58:05,277 [INFO] Argument:325 - Argument : MemIncvalue: DMA_MINC_ENABLE
2024-12-09 21:58:05,277 [INFO] Argument:335 - Argument : MemIncvalue: DMA_MINC_ENABLE
2024-12-09 21:58:05,277 [INFO] Argument:325 - Argument : PeriphDataAlignmentvalue: DMA_PDATAALIGN_BYTE
2024-12-09 21:58:05,277 [INFO] Argument:335 - Argument : PeriphDataAlignmentvalue: DMA_PDATAALIGN_BYTE
2024-12-09 21:58:05,277 [INFO] Argument:325 - Argument : MemDataAlignmentvalue: DMA_MDATAALIGN_BYTE
2024-12-09 21:58:05,277 [INFO] Argument:335 - Argument : MemDataAlignmentvalue: DMA_MDATAALIGN_BYTE
2024-12-09 21:58:05,277 [INFO] Argument:325 - Argument : Modevalue: DMA_NORMAL
2024-12-09 21:58:05,277 [INFO] Argument:335 - Argument : Modevalue: DMA_NORMAL
2024-12-09 21:58:05,277 [INFO] Argument:325 - Argument : Priorityvalue: DMA_PRIORITY_LOW
2024-12-09 21:58:05,277 [INFO] Argument:335 - Argument : Priorityvalue: DMA_PRIORITY_LOW
2024-12-09 21:58:05,277 [INFO] Argument:325 - Argument : Lockvalue: null
2024-12-09 21:58:05,277 [INFO] Argument:335 - Argument : Lockvalue: null
2024-12-09 21:58:05,277 [INFO] Argument:325 - Argument : Statevalue: null
2024-12-09 21:58:05,277 [INFO] Argument:335 - Argument : Statevalue: null
2024-12-09 21:58:05,277 [INFO] Argument:325 - Argument : Parentvalue: null
2024-12-09 21:58:05,277 [INFO] Argument:335 - Argument : Parentvalue: null
2024-12-09 21:58:05,277 [INFO] Argument:325 - Argument : XferCpltCallbackvalue: null
2024-12-09 21:58:05,277 [INFO] Argument:335 - Argument : XferCpltCallbackvalue: null
2024-12-09 21:58:05,277 [INFO] Argument:325 - Argument : XferHalfCpltCallbackvalue: null
2024-12-09 21:58:05,277 [INFO] Argument:335 - Argument : XferHalfCpltCallbackvalue: null
2024-12-09 21:58:05,277 [INFO] Argument:325 - Argument : XferErrorCallbackvalue: null
2024-12-09 21:58:05,277 [INFO] Argument:335 - Argument : XferErrorCallbackvalue: null
2024-12-09 21:58:05,277 [INFO] Argument:325 - Argument : XferAbortCallbackvalue: null
2024-12-09 21:58:05,277 [INFO] Argument:335 - Argument : XferAbortCallbackvalue: null
2024-12-09 21:58:05,277 [INFO] Argument:325 - Argument : ErrorCodevalue: null
2024-12-09 21:58:05,277 [INFO] Argument:335 - Argument : ErrorCodevalue: null
2024-12-09 21:58:05,278 [INFO] Argument:325 - Argument : DmaBaseAddressvalue: null
2024-12-09 21:58:05,278 [INFO] Argument:335 - Argument : DmaBaseAddressvalue: null
2024-12-09 21:58:05,278 [INFO] Argument:325 - Argument : ChannelIndexvalue: null
2024-12-09 21:58:05,278 [INFO] Argument:335 - Argument : ChannelIndexvalue: null
2024-12-09 21:58:05,278 [INFO] Argument:325 - Argument : pSyncConfigvalue: null
2024-12-09 21:58:05,278 [INFO] Argument:327 - 	 sub Args: 
2024-12-09 21:58:05,278 [INFO] Argument:325 - Argument : SyncSignalIDvalue: null
2024-12-09 21:58:05,278 [INFO] Argument:335 - Argument : SyncSignalIDvalue: null
2024-12-09 21:58:05,278 [INFO] Argument:325 - Argument : SyncPolarityvalue: null
2024-12-09 21:58:05,278 [INFO] Argument:335 - Argument : SyncPolarityvalue: null
2024-12-09 21:58:05,278 [INFO] Argument:325 - Argument : SyncEnablevalue: null
2024-12-09 21:58:05,278 [INFO] Argument:335 - Argument : SyncEnablevalue: null
2024-12-09 21:58:05,278 [INFO] Argument:325 - Argument : EventEnablevalue: null
2024-12-09 21:58:05,278 [INFO] Argument:335 - Argument : EventEnablevalue: null
2024-12-09 21:58:05,278 [INFO] Argument:325 - Argument : RequestNumbervalue: null
2024-12-09 21:58:05,278 [INFO] Argument:335 - Argument : RequestNumbervalue: null
2024-12-09 21:58:05,278 [INFO] Argument:325 - Argument : hdmavalue: null
2024-12-09 21:58:05,278 [INFO] Argument:327 - 	 sub Args: 
2024-12-09 21:58:05,278 [INFO] Argument:325 - Argument : Instancevalue: DMA1_Channel3
2024-12-09 21:58:05,278 [INFO] Argument:335 - Argument : Instancevalue: DMA1_Channel3
2024-12-09 21:58:05,278 [INFO] Argument:325 - Argument : Initvalue: null
2024-12-09 21:58:05,278 [INFO] Argument:327 - 	 sub Args: 
2024-12-09 21:58:05,278 [INFO] Argument:325 - Argument : Requestvalue: DMA_REQUEST_1
2024-12-09 21:58:05,278 [INFO] Argument:335 - Argument : Requestvalue: DMA_REQUEST_1
2024-12-09 21:58:05,278 [INFO] Argument:325 - Argument : Directionvalue: DMA_MEMORY_TO_PERIPH
2024-12-09 21:58:05,278 [INFO] Argument:335 - Argument : Directionvalue: DMA_MEMORY_TO_PERIPH
2024-12-09 21:58:05,278 [INFO] Argument:325 - Argument : PeriphIncvalue: DMA_PINC_DISABLE
2024-12-09 21:58:05,278 [INFO] Argument:335 - Argument : PeriphIncvalue: DMA_PINC_DISABLE
2024-12-09 21:58:05,278 [INFO] Argument:325 - Argument : MemIncvalue: DMA_MINC_ENABLE
2024-12-09 21:58:05,278 [INFO] Argument:335 - Argument : MemIncvalue: DMA_MINC_ENABLE
2024-12-09 21:58:05,278 [INFO] Argument:325 - Argument : PeriphDataAlignmentvalue: DMA_PDATAALIGN_BYTE
2024-12-09 21:58:05,278 [INFO] Argument:335 - Argument : PeriphDataAlignmentvalue: DMA_PDATAALIGN_BYTE
2024-12-09 21:58:05,278 [INFO] Argument:325 - Argument : MemDataAlignmentvalue: DMA_MDATAALIGN_BYTE
2024-12-09 21:58:05,278 [INFO] Argument:335 - Argument : MemDataAlignmentvalue: DMA_MDATAALIGN_BYTE
2024-12-09 21:58:05,278 [INFO] Argument:325 - Argument : Modevalue: DMA_NORMAL
2024-12-09 21:58:05,278 [INFO] Argument:335 - Argument : Modevalue: DMA_NORMAL
2024-12-09 21:58:05,278 [INFO] Argument:325 - Argument : Priorityvalue: DMA_PRIORITY_LOW
2024-12-09 21:58:05,278 [INFO] Argument:335 - Argument : Priorityvalue: DMA_PRIORITY_LOW
2024-12-09 21:58:05,278 [INFO] Argument:325 - Argument : Lockvalue: null
2024-12-09 21:58:05,278 [INFO] Argument:335 - Argument : Lockvalue: null
2024-12-09 21:58:05,278 [INFO] Argument:325 - Argument : Statevalue: null
2024-12-09 21:58:05,278 [INFO] Argument:335 - Argument : Statevalue: null
2024-12-09 21:58:05,278 [INFO] Argument:325 - Argument : Parentvalue: null
2024-12-09 21:58:05,278 [INFO] Argument:335 - Argument : Parentvalue: null
2024-12-09 21:58:05,278 [INFO] Argument:325 - Argument : XferCpltCallbackvalue: null
2024-12-09 21:58:05,278 [INFO] Argument:335 - Argument : XferCpltCallbackvalue: null
2024-12-09 21:58:05,278 [INFO] Argument:325 - Argument : XferHalfCpltCallbackvalue: null
2024-12-09 21:58:05,278 [INFO] Argument:335 - Argument : XferHalfCpltCallbackvalue: null
2024-12-09 21:58:05,278 [INFO] Argument:325 - Argument : XferErrorCallbackvalue: null
2024-12-09 21:58:05,278 [INFO] Argument:335 - Argument : XferErrorCallbackvalue: null
2024-12-09 21:58:05,278 [INFO] Argument:325 - Argument : XferAbortCallbackvalue: null
2024-12-09 21:58:05,278 [INFO] Argument:335 - Argument : XferAbortCallbackvalue: null
2024-12-09 21:58:05,278 [INFO] Argument:325 - Argument : ErrorCodevalue: null
2024-12-09 21:58:05,278 [INFO] Argument:335 - Argument : ErrorCodevalue: null
2024-12-09 21:58:05,278 [INFO] Argument:325 - Argument : DmaBaseAddressvalue: null
2024-12-09 21:58:05,278 [INFO] Argument:335 - Argument : DmaBaseAddressvalue: null
2024-12-09 21:58:05,278 [INFO] Argument:325 - Argument : ChannelIndexvalue: null
2024-12-09 21:58:05,278 [INFO] Argument:335 - Argument : ChannelIndexvalue: null
2024-12-09 21:58:05,278 [INFO] Argument:325 - Argument : hdmavalue: null
2024-12-09 21:58:05,278 [INFO] Argument:327 - 	 sub Args: 
2024-12-09 21:58:05,278 [INFO] Argument:325 - Argument : Instancevalue: DMA1_Channel3
2024-12-09 21:58:05,278 [INFO] Argument:335 - Argument : Instancevalue: DMA1_Channel3
2024-12-09 21:58:05,279 [INFO] Argument:325 - Argument : Initvalue: null
2024-12-09 21:58:05,279 [INFO] Argument:327 - 	 sub Args: 
2024-12-09 21:58:05,279 [INFO] Argument:325 - Argument : Requestvalue: DMA_REQUEST_1
2024-12-09 21:58:05,279 [INFO] Argument:335 - Argument : Requestvalue: DMA_REQUEST_1
2024-12-09 21:58:05,279 [INFO] Argument:325 - Argument : Directionvalue: DMA_MEMORY_TO_PERIPH
2024-12-09 21:58:05,279 [INFO] Argument:335 - Argument : Directionvalue: DMA_MEMORY_TO_PERIPH
2024-12-09 21:58:05,279 [INFO] Argument:325 - Argument : PeriphIncvalue: DMA_PINC_DISABLE
2024-12-09 21:58:05,279 [INFO] Argument:335 - Argument : PeriphIncvalue: DMA_PINC_DISABLE
2024-12-09 21:58:05,279 [INFO] Argument:325 - Argument : MemIncvalue: DMA_MINC_ENABLE
2024-12-09 21:58:05,279 [INFO] Argument:335 - Argument : MemIncvalue: DMA_MINC_ENABLE
2024-12-09 21:58:05,279 [INFO] Argument:325 - Argument : PeriphDataAlignmentvalue: DMA_PDATAALIGN_BYTE
2024-12-09 21:58:05,279 [INFO] Argument:335 - Argument : PeriphDataAlignmentvalue: DMA_PDATAALIGN_BYTE
2024-12-09 21:58:05,279 [INFO] Argument:325 - Argument : MemDataAlignmentvalue: DMA_MDATAALIGN_BYTE
2024-12-09 21:58:05,279 [INFO] Argument:335 - Argument : MemDataAlignmentvalue: DMA_MDATAALIGN_BYTE
2024-12-09 21:58:05,279 [INFO] Argument:325 - Argument : Modevalue: DMA_NORMAL
2024-12-09 21:58:05,279 [INFO] Argument:335 - Argument : Modevalue: DMA_NORMAL
2024-12-09 21:58:05,279 [INFO] Argument:325 - Argument : Priorityvalue: DMA_PRIORITY_LOW
2024-12-09 21:58:05,279 [INFO] Argument:335 - Argument : Priorityvalue: DMA_PRIORITY_LOW
2024-12-09 21:58:05,279 [INFO] Argument:325 - Argument : Lockvalue: null
2024-12-09 21:58:05,279 [INFO] Argument:335 - Argument : Lockvalue: null
2024-12-09 21:58:05,279 [INFO] Argument:325 - Argument : Statevalue: null
2024-12-09 21:58:05,279 [INFO] Argument:335 - Argument : Statevalue: null
2024-12-09 21:58:05,279 [INFO] Argument:325 - Argument : Parentvalue: null
2024-12-09 21:58:05,279 [INFO] Argument:335 - Argument : Parentvalue: null
2024-12-09 21:58:05,279 [INFO] Argument:325 - Argument : XferCpltCallbackvalue: null
2024-12-09 21:58:05,279 [INFO] Argument:335 - Argument : XferCpltCallbackvalue: null
2024-12-09 21:58:05,279 [INFO] Argument:325 - Argument : XferHalfCpltCallbackvalue: null
2024-12-09 21:58:05,279 [INFO] Argument:335 - Argument : XferHalfCpltCallbackvalue: null
2024-12-09 21:58:05,279 [INFO] Argument:325 - Argument : XferErrorCallbackvalue: null
2024-12-09 21:58:05,279 [INFO] Argument:335 - Argument : XferErrorCallbackvalue: null
2024-12-09 21:58:05,279 [INFO] Argument:325 - Argument : XferAbortCallbackvalue: null
2024-12-09 21:58:05,279 [INFO] Argument:335 - Argument : XferAbortCallbackvalue: null
2024-12-09 21:58:05,279 [INFO] Argument:325 - Argument : ErrorCodevalue: null
2024-12-09 21:58:05,279 [INFO] Argument:335 - Argument : ErrorCodevalue: null
2024-12-09 21:58:05,279 [INFO] Argument:325 - Argument : DmaBaseAddressvalue: null
2024-12-09 21:58:05,279 [INFO] Argument:335 - Argument : DmaBaseAddressvalue: null
2024-12-09 21:58:05,279 [INFO] Argument:325 - Argument : ChannelIndexvalue: null
2024-12-09 21:58:05,279 [INFO] Argument:335 - Argument : ChannelIndexvalue: null
2024-12-09 21:58:05,279 [INFO] Argument:325 - Argument : pSyncConfigvalue: null
2024-12-09 21:58:05,279 [INFO] Argument:327 - 	 sub Args: 
2024-12-09 21:58:05,279 [INFO] Argument:325 - Argument : SyncSignalIDvalue: null
2024-12-09 21:58:05,279 [INFO] Argument:335 - Argument : SyncSignalIDvalue: null
2024-12-09 21:58:05,279 [INFO] Argument:325 - Argument : SyncPolarityvalue: null
2024-12-09 21:58:05,279 [INFO] Argument:335 - Argument : SyncPolarityvalue: null
2024-12-09 21:58:05,279 [INFO] Argument:325 - Argument : SyncEnablevalue: null
2024-12-09 21:58:05,279 [INFO] Argument:335 - Argument : SyncEnablevalue: null
2024-12-09 21:58:05,279 [INFO] Argument:325 - Argument : EventEnablevalue: null
2024-12-09 21:58:05,279 [INFO] Argument:335 - Argument : EventEnablevalue: null
2024-12-09 21:58:05,279 [INFO] Argument:325 - Argument : RequestNumbervalue: null
2024-12-09 21:58:05,279 [INFO] Argument:335 - Argument : RequestNumbervalue: null
2024-12-09 21:58:05,314 [INFO] CodeEngine:255 - oldGeneratedFile, C:\Users\ZOJOLDRI\STM32CubeIDE\workspace_InProgress\ADIN1110\MXTmpFiles\license.tmp_save
2024-12-09 21:58:05,366 [INFO] CodeEngine:279 - Generated code: C:\Users\ZOJOLDRI\STM32CubeIDE\workspace_InProgress\ADIN1110\MXTmpFiles\license.tmp
2024-12-09 21:58:05,401 [INFO] CodeEngine:255 - oldGeneratedFile, C:\Users\ZOJOLDRI\STM32CubeIDE\workspace_InProgress\ADIN1110\Core\Src\gpio.c_save
2024-12-09 21:58:05,459 [INFO] CodeEngine:279 - Generated code: C:\Users\ZOJOLDRI\STM32CubeIDE\workspace_InProgress\ADIN1110\Core\Src\gpio.c
2024-12-09 21:58:05,464 [INFO] CodeEngine:255 - oldGeneratedFile, C:\Users\ZOJOLDRI\STM32CubeIDE\workspace_InProgress\ADIN1110\Core\Inc\gpio.h_save
2024-12-09 21:58:05,504 [INFO] CodeEngine:279 - Generated code: C:\Users\ZOJOLDRI\STM32CubeIDE\workspace_InProgress\ADIN1110\Core\Inc\gpio.h
2024-12-09 21:58:05,637 [INFO] CodeEngine:255 - oldGeneratedFile, C:\Users\ZOJOLDRI\STM32CubeIDE\workspace_InProgress\ADIN1110\Core\Src\dma.c_save
2024-12-09 21:58:05,684 [INFO] CodeEngine:279 - Generated code: C:\Users\ZOJOLDRI\STM32CubeIDE\workspace_InProgress\ADIN1110\Core\Src\dma.c
2024-12-09 21:58:05,689 [INFO] CodeEngine:255 - oldGeneratedFile, C:\Users\ZOJOLDRI\STM32CubeIDE\workspace_InProgress\ADIN1110\Core\Inc\dma.h_save
2024-12-09 21:58:05,733 [INFO] CodeEngine:279 - Generated code: C:\Users\ZOJOLDRI\STM32CubeIDE\workspace_InProgress\ADIN1110\Core\Inc\dma.h
2024-12-09 21:58:05,748 [INFO] CodeEngine:255 - oldGeneratedFile, C:\Users\ZOJOLDRI\STM32CubeIDE\workspace_InProgress\ADIN1110\Core\Src\spi.c_save
2024-12-09 21:58:05,819 [INFO] CodeEngine:279 - Generated code: C:\Users\ZOJOLDRI\STM32CubeIDE\workspace_InProgress\ADIN1110\Core\Src\spi.c
2024-12-09 21:58:05,829 [INFO] CodeEngine:255 - oldGeneratedFile, C:\Users\ZOJOLDRI\STM32CubeIDE\workspace_InProgress\ADIN1110\Core\Inc\spi.h_save
2024-12-09 21:58:05,862 [INFO] CodeEngine:279 - Generated code: C:\Users\ZOJOLDRI\STM32CubeIDE\workspace_InProgress\ADIN1110\Core\Inc\spi.h
2024-12-09 21:58:05,877 [INFO] CodeEngine:255 - oldGeneratedFile, C:\Users\ZOJOLDRI\STM32CubeIDE\workspace_InProgress\ADIN1110\Core\Src\usart.c_save
2024-12-09 21:58:05,923 [INFO] CodeEngine:279 - Generated code: C:\Users\ZOJOLDRI\STM32CubeIDE\workspace_InProgress\ADIN1110\Core\Src\usart.c
2024-12-09 21:58:05,927 [INFO] CodeEngine:255 - oldGeneratedFile, C:\Users\ZOJOLDRI\STM32CubeIDE\workspace_InProgress\ADIN1110\Core\Inc\usart.h_save
2024-12-09 21:58:05,960 [INFO] CodeEngine:279 - Generated code: C:\Users\ZOJOLDRI\STM32CubeIDE\workspace_InProgress\ADIN1110\Core\Inc\usart.h
2024-12-09 21:58:05,977 [INFO] CodeEngine:255 - oldGeneratedFile, C:\Users\ZOJOLDRI\STM32CubeIDE\workspace_InProgress\ADIN1110\Core\Src\stm32l4xx_it.c_save
2024-12-09 21:58:06,029 [INFO] CodeEngine:279 - Generated code: C:\Users\ZOJOLDRI\STM32CubeIDE\workspace_InProgress\ADIN1110\Core\Src\stm32l4xx_it.c
2024-12-09 21:58:06,033 [INFO] CodeEngine:255 - oldGeneratedFile, C:\Users\ZOJOLDRI\STM32CubeIDE\workspace_InProgress\ADIN1110\Core\Inc\stm32l4xx_it.h_save
2024-12-09 21:58:06,070 [INFO] CodeEngine:279 - Generated code: C:\Users\ZOJOLDRI\STM32CubeIDE\workspace_InProgress\ADIN1110\Core\Inc\stm32l4xx_it.h
2024-12-09 21:58:06,087 [INFO] CodeEngine:255 - oldGeneratedFile, C:\Users\ZOJOLDRI\STM32CubeIDE\workspace_InProgress\ADIN1110\Core\Src\stm32l4xx_hal_msp.c_save
2024-12-09 21:58:06,130 [INFO] CodeEngine:279 - Generated code: C:\Users\ZOJOLDRI\STM32CubeIDE\workspace_InProgress\ADIN1110\Core\Src\stm32l4xx_hal_msp.c
2024-12-09 21:58:06,133 [INFO] CodeEngine:255 - oldGeneratedFile, C:\Users\ZOJOLDRI\STM32CubeIDE\workspace_InProgress\ADIN1110\MXTmpFiles\system.tmp_save
2024-12-09 21:58:06,162 [INFO] CodeEngine:279 - Generated code: C:\Users\ZOJOLDRI\STM32CubeIDE\workspace_InProgress\ADIN1110\MXTmpFiles\system.tmp
2024-12-09 21:58:06,176 [INFO] CodeEngine:311 - oldGeneratedFile, C:\Users\ZOJOLDRI\STM32CubeIDE\workspace_InProgress\ADIN1110\Core\Inc\stm32l4xx_hal_conf.h_save
2024-12-09 21:58:06,233 [INFO] CodeEngine:335 - Generated code: C:\Users\ZOJOLDRI\STM32CubeIDE\workspace_InProgress\ADIN1110\Core\Inc\stm32l4xx_hal_conf.h
2024-12-09 21:58:06,269 [INFO] CodeEngine:255 - oldGeneratedFile, C:\Users\ZOJOLDRI\STM32CubeIDE\workspace_InProgress\ADIN1110\Core\Inc\main.h_save
2024-12-09 21:58:06,320 [INFO] CodeEngine:279 - Generated code: C:\Users\ZOJOLDRI\STM32CubeIDE\workspace_InProgress\ADIN1110\Core\Inc\main.h
2024-12-09 21:58:06,335 [INFO] CodeEngine:255 - oldGeneratedFile, C:\Users\ZOJOLDRI\STM32CubeIDE\workspace_InProgress\ADIN1110\Core\Src\main.c_save
2024-12-09 21:58:06,401 [INFO] CodeEngine:279 - Generated code: C:\Users\ZOJOLDRI\STM32CubeIDE\workspace_InProgress\ADIN1110\Core\Src\main.c
2024-12-09 21:58:06,606 [INFO] ProjectBuilder:3289 - Time for Copy HAL[1] : 125mS.
2024-12-09 21:58:06,610 [INFO] ProjectBuilder:4876 - Project Generator version: 4.5.0-RC5
2024-12-09 21:58:06,644 [INFO] ConfigFileManager:1579 - The Die is : DIE461
2024-12-09 21:58:07,140 [INFO] ProjectBuilder:5154 - Time for Generating toolchain IDE Files: 531mS.
2024-12-09 21:58:07,142 [INFO] ProjectBuilder:3146 - Time for Copy CMSIS : 1mS.
2024-12-09 21:58:07,149 [INFO] ProjectBuilder:3146 - Time for Copy CMSIS : 0mS.
2024-12-09 22:00:48,622 [INFO] Gpio:277 - dependency for GPIO [SPI1, USART3]
2024-12-09 22:01:31,854 [INFO] NvicIntPanel:101 - NVIC parent = com.st.microxplorer.plugins.ip.nvic.MultiNvicIntPanel[,2,27,561x590,layout=javax.swing.BoxLayout,alignmentX=0.0,alignmentY=0.0,border=,flags=9,maximumSize=,minimumSize=,preferredSize=]
2024-12-09 22:02:33,291 [INFO] NvicIntPanel:101 - NVIC parent = com.st.microxplorer.plugins.ip.nvic.MultiNvicIntPanel[,0,0,561x139,layout=javax.swing.BoxLayout,alignmentX=0.0,alignmentY=0.0,border=,flags=9,maximumSize=,minimumSize=,preferredSize=]
2024-12-09 22:08:18,825 [INFO] NvicIntPanel:101 - NVIC parent = com.st.microxplorer.plugins.ip.nvic.MultiNvicIntPanel[,0,0,561x271,layout=javax.swing.BoxLayout,alignmentX=0.0,alignmentY=0.0,border=,flags=9,maximumSize=,minimumSize=,preferredSize=]
2024-12-09 22:51:12,402 [INFO] NvicIntPanel:101 - NVIC parent = com.st.microxplorer.plugins.ip.nvic.MultiNvicIntPanel[,0,0,0x0,invalid,layout=javax.swing.BoxLayout,alignmentX=0.0,alignmentY=0.0,border=,flags=9,maximumSize=,minimumSize=,preferredSize=]
2024-12-09 22:51:12,676 [INFO] NvicIntPanel:101 - NVIC parent = com.st.microxplorer.plugins.ip.nvic.MultiNvicIntPanel[,0,0,0x0,invalid,layout=javax.swing.BoxLayout,alignmentX=0.0,alignmentY=0.0,border=,flags=9,maximumSize=,minimumSize=,preferredSize=]
2024-12-09 22:51:14,458 [INFO] NvicIntPanel:101 - NVIC parent = com.st.microxplorer.plugins.ip.nvic.MultiNvicIntPanel[,0,0,0x0,invalid,layout=javax.swing.BoxLayout,alignmentX=0.0,alignmentY=0.0,border=,flags=9,maximumSize=,minimumSize=,preferredSize=]
2024-12-09 22:51:14,719 [INFO] NvicIntPanel:101 - NVIC parent = com.st.microxplorer.plugins.ip.nvic.MultiNvicIntPanel[,0,0,0x0,invalid,layout=javax.swing.BoxLayout,alignmentX=0.0,alignmentY=0.0,border=,flags=9,maximumSize=,minimumSize=,preferredSize=]
2024-12-09 22:51:19,617 [INFO] UtilMem:75 - End SaveConfig() Used Memory: 878416528 Bytes (1073741824)
2024-12-09 22:51:20,536 [INFO] UtilMem:75 - End SaveConfig() Used Memory: 919310992 Bytes (1073741824)
2024-12-09 22:51:22,370 [INFO] UtilMem:75 - End SaveConfig() Used Memory: 525805968 Bytes (1073741824)
2024-12-09 22:51:22,931 [INFO] BlockDiagram:2766 - set Specific Code input for plugin: SPI
2024-12-09 22:51:22,931 [INFO] BlockDiagram:2766 - set Specific Code input for plugin: SYS
2024-12-09 22:51:22,931 [INFO] BlockDiagram:2766 - set Specific Code input for plugin: RCC
2024-12-09 22:51:22,931 [INFO] BlockDiagram:2766 - set Specific Code input for plugin: NVIC
2024-12-09 22:51:22,931 [INFO] BlockDiagram:2766 - set Specific Code input for plugin: USART
2024-12-09 22:51:22,931 [INFO] BlockDiagram:2766 - set Specific Code input for plugin: DMA
2024-12-09 22:51:22,932 [INFO] BlockDiagram:2766 - set Specific Code input for plugin: GPIO
2024-12-09 22:51:22,933 [INFO] CodeGenerator:896 - code generatio: config db path: C:\ST\STM32CubeIDE_1.17.0\STM32CubeIDE\plugins\com.st.stm32cube.common.mx_6.13.0.202411220809\\db\
2024-12-09 22:51:22,945 [INFO] Argument:325 - Argument : hdmavalue: null
2024-12-09 22:51:22,945 [INFO] Argument:327 - 	 sub Args: 
2024-12-09 22:51:22,945 [INFO] Argument:325 - Argument : Instancevalue: DMA1_Channel2
2024-12-09 22:51:22,945 [INFO] Argument:335 - Argument : Instancevalue: DMA1_Channel2
2024-12-09 22:51:22,945 [INFO] Argument:325 - Argument : Initvalue: null
2024-12-09 22:51:22,945 [INFO] Argument:327 - 	 sub Args: 
2024-12-09 22:51:22,945 [INFO] Argument:325 - Argument : Requestvalue: DMA_REQUEST_1
2024-12-09 22:51:22,945 [INFO] Argument:335 - Argument : Requestvalue: DMA_REQUEST_1
2024-12-09 22:51:22,945 [INFO] Argument:325 - Argument : Directionvalue: DMA_PERIPH_TO_MEMORY
2024-12-09 22:51:22,945 [INFO] Argument:335 - Argument : Directionvalue: DMA_PERIPH_TO_MEMORY
2024-12-09 22:51:22,945 [INFO] Argument:325 - Argument : PeriphIncvalue: DMA_PINC_DISABLE
2024-12-09 22:51:22,945 [INFO] Argument:335 - Argument : PeriphIncvalue: DMA_PINC_DISABLE
2024-12-09 22:51:22,945 [INFO] Argument:325 - Argument : MemIncvalue: DMA_MINC_ENABLE
2024-12-09 22:51:22,945 [INFO] Argument:335 - Argument : MemIncvalue: DMA_MINC_ENABLE
2024-12-09 22:51:22,945 [INFO] Argument:325 - Argument : PeriphDataAlignmentvalue: DMA_PDATAALIGN_BYTE
2024-12-09 22:51:22,945 [INFO] Argument:335 - Argument : PeriphDataAlignmentvalue: DMA_PDATAALIGN_BYTE
2024-12-09 22:51:22,945 [INFO] Argument:325 - Argument : MemDataAlignmentvalue: DMA_MDATAALIGN_BYTE
2024-12-09 22:51:22,945 [INFO] Argument:335 - Argument : MemDataAlignmentvalue: DMA_MDATAALIGN_BYTE
2024-12-09 22:51:22,945 [INFO] Argument:325 - Argument : Modevalue: DMA_NORMAL
2024-12-09 22:51:22,945 [INFO] Argument:335 - Argument : Modevalue: DMA_NORMAL
2024-12-09 22:51:22,945 [INFO] Argument:325 - Argument : Priorityvalue: DMA_PRIORITY_LOW
2024-12-09 22:51:22,945 [INFO] Argument:335 - Argument : Priorityvalue: DMA_PRIORITY_LOW
2024-12-09 22:51:22,945 [INFO] Argument:325 - Argument : Lockvalue: null
2024-12-09 22:51:22,945 [INFO] Argument:335 - Argument : Lockvalue: null
2024-12-09 22:51:22,945 [INFO] Argument:325 - Argument : Statevalue: null
2024-12-09 22:51:22,945 [INFO] Argument:335 - Argument : Statevalue: null
2024-12-09 22:51:22,945 [INFO] Argument:325 - Argument : Parentvalue: null
2024-12-09 22:51:22,945 [INFO] Argument:335 - Argument : Parentvalue: null
2024-12-09 22:51:22,945 [INFO] Argument:325 - Argument : XferCpltCallbackvalue: null
2024-12-09 22:51:22,945 [INFO] Argument:335 - Argument : XferCpltCallbackvalue: null
2024-12-09 22:51:22,945 [INFO] Argument:325 - Argument : XferHalfCpltCallbackvalue: null
2024-12-09 22:51:22,945 [INFO] Argument:335 - Argument : XferHalfCpltCallbackvalue: null
2024-12-09 22:51:22,945 [INFO] Argument:325 - Argument : XferErrorCallbackvalue: null
2024-12-09 22:51:22,945 [INFO] Argument:335 - Argument : XferErrorCallbackvalue: null
2024-12-09 22:51:22,945 [INFO] Argument:325 - Argument : XferAbortCallbackvalue: null
2024-12-09 22:51:22,945 [INFO] Argument:335 - Argument : XferAbortCallbackvalue: null
2024-12-09 22:51:22,945 [INFO] Argument:325 - Argument : ErrorCodevalue: null
2024-12-09 22:51:22,945 [INFO] Argument:335 - Argument : ErrorCodevalue: null
2024-12-09 22:51:22,946 [INFO] Argument:325 - Argument : DmaBaseAddressvalue: null
2024-12-09 22:51:22,946 [INFO] Argument:335 - Argument : DmaBaseAddressvalue: null
2024-12-09 22:51:22,946 [INFO] Argument:325 - Argument : ChannelIndexvalue: null
2024-12-09 22:51:22,946 [INFO] Argument:335 - Argument : ChannelIndexvalue: null
2024-12-09 22:51:22,946 [INFO] Argument:325 - Argument : hdmavalue: null
2024-12-09 22:51:22,946 [INFO] Argument:327 - 	 sub Args: 
2024-12-09 22:51:22,946 [INFO] Argument:325 - Argument : Instancevalue: DMA1_Channel2
2024-12-09 22:51:22,946 [INFO] Argument:335 - Argument : Instancevalue: DMA1_Channel2
2024-12-09 22:51:22,946 [INFO] Argument:325 - Argument : Initvalue: null
2024-12-09 22:51:22,946 [INFO] Argument:327 - 	 sub Args: 
2024-12-09 22:51:22,946 [INFO] Argument:325 - Argument : Requestvalue: DMA_REQUEST_1
2024-12-09 22:51:22,946 [INFO] Argument:335 - Argument : Requestvalue: DMA_REQUEST_1
2024-12-09 22:51:22,946 [INFO] Argument:325 - Argument : Directionvalue: DMA_PERIPH_TO_MEMORY
2024-12-09 22:51:22,946 [INFO] Argument:335 - Argument : Directionvalue: DMA_PERIPH_TO_MEMORY
2024-12-09 22:51:22,946 [INFO] Argument:325 - Argument : PeriphIncvalue: DMA_PINC_DISABLE
2024-12-09 22:51:22,946 [INFO] Argument:335 - Argument : PeriphIncvalue: DMA_PINC_DISABLE
2024-12-09 22:51:22,946 [INFO] Argument:325 - Argument : MemIncvalue: DMA_MINC_ENABLE
2024-12-09 22:51:22,946 [INFO] Argument:335 - Argument : MemIncvalue: DMA_MINC_ENABLE
2024-12-09 22:51:22,946 [INFO] Argument:325 - Argument : PeriphDataAlignmentvalue: DMA_PDATAALIGN_BYTE
2024-12-09 22:51:22,946 [INFO] Argument:335 - Argument : PeriphDataAlignmentvalue: DMA_PDATAALIGN_BYTE
2024-12-09 22:51:22,946 [INFO] Argument:325 - Argument : MemDataAlignmentvalue: DMA_MDATAALIGN_BYTE
2024-12-09 22:51:22,946 [INFO] Argument:335 - Argument : MemDataAlignmentvalue: DMA_MDATAALIGN_BYTE
2024-12-09 22:51:22,946 [INFO] Argument:325 - Argument : Modevalue: DMA_NORMAL
2024-12-09 22:51:22,946 [INFO] Argument:335 - Argument : Modevalue: DMA_NORMAL
2024-12-09 22:51:22,946 [INFO] Argument:325 - Argument : Priorityvalue: DMA_PRIORITY_LOW
2024-12-09 22:51:22,946 [INFO] Argument:335 - Argument : Priorityvalue: DMA_PRIORITY_LOW
2024-12-09 22:51:22,946 [INFO] Argument:325 - Argument : Lockvalue: null
2024-12-09 22:51:22,946 [INFO] Argument:335 - Argument : Lockvalue: null
2024-12-09 22:51:22,946 [INFO] Argument:325 - Argument : Statevalue: null
2024-12-09 22:51:22,946 [INFO] Argument:335 - Argument : Statevalue: null
2024-12-09 22:51:22,946 [INFO] Argument:325 - Argument : Parentvalue: null
2024-12-09 22:51:22,946 [INFO] Argument:335 - Argument : Parentvalue: null
2024-12-09 22:51:22,946 [INFO] Argument:325 - Argument : XferCpltCallbackvalue: null
2024-12-09 22:51:22,946 [INFO] Argument:335 - Argument : XferCpltCallbackvalue: null
2024-12-09 22:51:22,946 [INFO] Argument:325 - Argument : XferHalfCpltCallbackvalue: null
2024-12-09 22:51:22,946 [INFO] Argument:335 - Argument : XferHalfCpltCallbackvalue: null
2024-12-09 22:51:22,946 [INFO] Argument:325 - Argument : XferErrorCallbackvalue: null
2024-12-09 22:51:22,946 [INFO] Argument:335 - Argument : XferErrorCallbackvalue: null
2024-12-09 22:51:22,946 [INFO] Argument:325 - Argument : XferAbortCallbackvalue: null
2024-12-09 22:51:22,946 [INFO] Argument:335 - Argument : XferAbortCallbackvalue: null
2024-12-09 22:51:22,946 [INFO] Argument:325 - Argument : ErrorCodevalue: null
2024-12-09 22:51:22,946 [INFO] Argument:335 - Argument : ErrorCodevalue: null
2024-12-09 22:51:22,946 [INFO] Argument:325 - Argument : DmaBaseAddressvalue: null
2024-12-09 22:51:22,946 [INFO] Argument:335 - Argument : DmaBaseAddressvalue: null
2024-12-09 22:51:22,946 [INFO] Argument:325 - Argument : ChannelIndexvalue: null
2024-12-09 22:51:22,946 [INFO] Argument:335 - Argument : ChannelIndexvalue: null
2024-12-09 22:51:22,946 [INFO] Argument:325 - Argument : pSyncConfigvalue: null
2024-12-09 22:51:22,946 [INFO] Argument:327 - 	 sub Args: 
2024-12-09 22:51:22,947 [INFO] Argument:325 - Argument : SyncSignalIDvalue: null
2024-12-09 22:51:22,947 [INFO] Argument:335 - Argument : SyncSignalIDvalue: null
2024-12-09 22:51:22,947 [INFO] Argument:325 - Argument : SyncPolarityvalue: null
2024-12-09 22:51:22,947 [INFO] Argument:335 - Argument : SyncPolarityvalue: null
2024-12-09 22:51:22,947 [INFO] Argument:325 - Argument : SyncEnablevalue: null
2024-12-09 22:51:22,947 [INFO] Argument:335 - Argument : SyncEnablevalue: null
2024-12-09 22:51:22,947 [INFO] Argument:325 - Argument : EventEnablevalue: null
2024-12-09 22:51:22,947 [INFO] Argument:335 - Argument : EventEnablevalue: null
2024-12-09 22:51:22,947 [INFO] Argument:325 - Argument : RequestNumbervalue: null
2024-12-09 22:51:22,947 [INFO] Argument:335 - Argument : RequestNumbervalue: null
2024-12-09 22:51:22,947 [INFO] Argument:325 - Argument : hdmavalue: null
2024-12-09 22:51:22,947 [INFO] Argument:327 - 	 sub Args: 
2024-12-09 22:51:22,947 [INFO] Argument:325 - Argument : Instancevalue: DMA1_Channel3
2024-12-09 22:51:22,947 [INFO] Argument:335 - Argument : Instancevalue: DMA1_Channel3
2024-12-09 22:51:22,947 [INFO] Argument:325 - Argument : Initvalue: null
2024-12-09 22:51:22,947 [INFO] Argument:327 - 	 sub Args: 
2024-12-09 22:51:22,947 [INFO] Argument:325 - Argument : Requestvalue: DMA_REQUEST_1
2024-12-09 22:51:22,947 [INFO] Argument:335 - Argument : Requestvalue: DMA_REQUEST_1
2024-12-09 22:51:22,947 [INFO] Argument:325 - Argument : Directionvalue: DMA_MEMORY_TO_PERIPH
2024-12-09 22:51:22,948 [INFO] Argument:335 - Argument : Directionvalue: DMA_MEMORY_TO_PERIPH
2024-12-09 22:51:22,948 [INFO] Argument:325 - Argument : PeriphIncvalue: DMA_PINC_DISABLE
2024-12-09 22:51:22,948 [INFO] Argument:335 - Argument : PeriphIncvalue: DMA_PINC_DISABLE
2024-12-09 22:51:22,948 [INFO] Argument:325 - Argument : MemIncvalue: DMA_MINC_ENABLE
2024-12-09 22:51:22,948 [INFO] Argument:335 - Argument : MemIncvalue: DMA_MINC_ENABLE
2024-12-09 22:51:22,948 [INFO] Argument:325 - Argument : PeriphDataAlignmentvalue: DMA_PDATAALIGN_BYTE
2024-12-09 22:51:22,948 [INFO] Argument:335 - Argument : PeriphDataAlignmentvalue: DMA_PDATAALIGN_BYTE
2024-12-09 22:51:22,948 [INFO] Argument:325 - Argument : MemDataAlignmentvalue: DMA_MDATAALIGN_BYTE
2024-12-09 22:51:22,948 [INFO] Argument:335 - Argument : MemDataAlignmentvalue: DMA_MDATAALIGN_BYTE
2024-12-09 22:51:22,948 [INFO] Argument:325 - Argument : Modevalue: DMA_NORMAL
2024-12-09 22:51:22,948 [INFO] Argument:335 - Argument : Modevalue: DMA_NORMAL
2024-12-09 22:51:22,948 [INFO] Argument:325 - Argument : Priorityvalue: DMA_PRIORITY_LOW
2024-12-09 22:51:22,948 [INFO] Argument:335 - Argument : Priorityvalue: DMA_PRIORITY_LOW
2024-12-09 22:51:22,948 [INFO] Argument:325 - Argument : Lockvalue: null
2024-12-09 22:51:22,948 [INFO] Argument:335 - Argument : Lockvalue: null
2024-12-09 22:51:22,948 [INFO] Argument:325 - Argument : Statevalue: null
2024-12-09 22:51:22,948 [INFO] Argument:335 - Argument : Statevalue: null
2024-12-09 22:51:22,948 [INFO] Argument:325 - Argument : Parentvalue: null
2024-12-09 22:51:22,948 [INFO] Argument:335 - Argument : Parentvalue: null
2024-12-09 22:51:22,948 [INFO] Argument:325 - Argument : XferCpltCallbackvalue: null
2024-12-09 22:51:22,948 [INFO] Argument:335 - Argument : XferCpltCallbackvalue: null
2024-12-09 22:51:22,948 [INFO] Argument:325 - Argument : XferHalfCpltCallbackvalue: null
2024-12-09 22:51:22,948 [INFO] Argument:335 - Argument : XferHalfCpltCallbackvalue: null
2024-12-09 22:51:22,948 [INFO] Argument:325 - Argument : XferErrorCallbackvalue: null
2024-12-09 22:51:22,948 [INFO] Argument:335 - Argument : XferErrorCallbackvalue: null
2024-12-09 22:51:22,948 [INFO] Argument:325 - Argument : XferAbortCallbackvalue: null
2024-12-09 22:51:22,948 [INFO] Argument:335 - Argument : XferAbortCallbackvalue: null
2024-12-09 22:51:22,948 [INFO] Argument:325 - Argument : ErrorCodevalue: null
2024-12-09 22:51:22,948 [INFO] Argument:335 - Argument : ErrorCodevalue: null
2024-12-09 22:51:22,948 [INFO] Argument:325 - Argument : DmaBaseAddressvalue: null
2024-12-09 22:51:22,948 [INFO] Argument:335 - Argument : DmaBaseAddressvalue: null
2024-12-09 22:51:22,948 [INFO] Argument:325 - Argument : ChannelIndexvalue: null
2024-12-09 22:51:22,948 [INFO] Argument:335 - Argument : ChannelIndexvalue: null
2024-12-09 22:51:22,948 [INFO] Argument:325 - Argument : hdmavalue: null
2024-12-09 22:51:22,948 [INFO] Argument:327 - 	 sub Args: 
2024-12-09 22:51:22,948 [INFO] Argument:325 - Argument : Instancevalue: DMA1_Channel3
2024-12-09 22:51:22,948 [INFO] Argument:335 - Argument : Instancevalue: DMA1_Channel3
2024-12-09 22:51:22,948 [INFO] Argument:325 - Argument : Initvalue: null
2024-12-09 22:51:22,949 [INFO] Argument:327 - 	 sub Args: 
2024-12-09 22:51:22,949 [INFO] Argument:325 - Argument : Requestvalue: DMA_REQUEST_1
2024-12-09 22:51:22,949 [INFO] Argument:335 - Argument : Requestvalue: DMA_REQUEST_1
2024-12-09 22:51:22,949 [INFO] Argument:325 - Argument : Directionvalue: DMA_MEMORY_TO_PERIPH
2024-12-09 22:51:22,949 [INFO] Argument:335 - Argument : Directionvalue: DMA_MEMORY_TO_PERIPH
2024-12-09 22:51:22,949 [INFO] Argument:325 - Argument : PeriphIncvalue: DMA_PINC_DISABLE
2024-12-09 22:51:22,949 [INFO] Argument:335 - Argument : PeriphIncvalue: DMA_PINC_DISABLE
2024-12-09 22:51:22,949 [INFO] Argument:325 - Argument : MemIncvalue: DMA_MINC_ENABLE
2024-12-09 22:51:22,949 [INFO] Argument:335 - Argument : MemIncvalue: DMA_MINC_ENABLE
2024-12-09 22:51:22,949 [INFO] Argument:325 - Argument : PeriphDataAlignmentvalue: DMA_PDATAALIGN_BYTE
2024-12-09 22:51:22,949 [INFO] Argument:335 - Argument : PeriphDataAlignmentvalue: DMA_PDATAALIGN_BYTE
2024-12-09 22:51:22,949 [INFO] Argument:325 - Argument : MemDataAlignmentvalue: DMA_MDATAALIGN_BYTE
2024-12-09 22:51:22,949 [INFO] Argument:335 - Argument : MemDataAlignmentvalue: DMA_MDATAALIGN_BYTE
2024-12-09 22:51:22,949 [INFO] Argument:325 - Argument : Modevalue: DMA_NORMAL
2024-12-09 22:51:22,949 [INFO] Argument:335 - Argument : Modevalue: DMA_NORMAL
2024-12-09 22:51:22,949 [INFO] Argument:325 - Argument : Priorityvalue: DMA_PRIORITY_LOW
2024-12-09 22:51:22,949 [INFO] Argument:335 - Argument : Priorityvalue: DMA_PRIORITY_LOW
2024-12-09 22:51:22,949 [INFO] Argument:325 - Argument : Lockvalue: null
2024-12-09 22:51:22,949 [INFO] Argument:335 - Argument : Lockvalue: null
2024-12-09 22:51:22,949 [INFO] Argument:325 - Argument : Statevalue: null
2024-12-09 22:51:22,949 [INFO] Argument:335 - Argument : Statevalue: null
2024-12-09 22:51:22,949 [INFO] Argument:325 - Argument : Parentvalue: null
2024-12-09 22:51:22,949 [INFO] Argument:335 - Argument : Parentvalue: null
2024-12-09 22:51:22,949 [INFO] Argument:325 - Argument : XferCpltCallbackvalue: null
2024-12-09 22:51:22,949 [INFO] Argument:335 - Argument : XferCpltCallbackvalue: null
2024-12-09 22:51:22,949 [INFO] Argument:325 - Argument : XferHalfCpltCallbackvalue: null
2024-12-09 22:51:22,949 [INFO] Argument:335 - Argument : XferHalfCpltCallbackvalue: null
2024-12-09 22:51:22,949 [INFO] Argument:325 - Argument : XferErrorCallbackvalue: null
2024-12-09 22:51:22,949 [INFO] Argument:335 - Argument : XferErrorCallbackvalue: null
2024-12-09 22:51:22,949 [INFO] Argument:325 - Argument : XferAbortCallbackvalue: null
2024-12-09 22:51:22,949 [INFO] Argument:335 - Argument : XferAbortCallbackvalue: null
2024-12-09 22:51:22,949 [INFO] Argument:325 - Argument : ErrorCodevalue: null
2024-12-09 22:51:22,949 [INFO] Argument:335 - Argument : ErrorCodevalue: null
2024-12-09 22:51:22,949 [INFO] Argument:325 - Argument : DmaBaseAddressvalue: null
2024-12-09 22:51:22,949 [INFO] Argument:335 - Argument : DmaBaseAddressvalue: null
2024-12-09 22:51:22,949 [INFO] Argument:325 - Argument : ChannelIndexvalue: null
2024-12-09 22:51:22,949 [INFO] Argument:335 - Argument : ChannelIndexvalue: null
2024-12-09 22:51:22,949 [INFO] Argument:325 - Argument : pSyncConfigvalue: null
2024-12-09 22:51:22,949 [INFO] Argument:327 - 	 sub Args: 
2024-12-09 22:51:22,949 [INFO] Argument:325 - Argument : SyncSignalIDvalue: null
2024-12-09 22:51:22,949 [INFO] Argument:335 - Argument : SyncSignalIDvalue: null
2024-12-09 22:51:22,949 [INFO] Argument:325 - Argument : SyncPolarityvalue: null
2024-12-09 22:51:22,949 [INFO] Argument:335 - Argument : SyncPolarityvalue: null
2024-12-09 22:51:22,949 [INFO] Argument:325 - Argument : SyncEnablevalue: null
2024-12-09 22:51:22,949 [INFO] Argument:335 - Argument : SyncEnablevalue: null
2024-12-09 22:51:22,949 [INFO] Argument:325 - Argument : EventEnablevalue: null
2024-12-09 22:51:22,949 [INFO] Argument:335 - Argument : EventEnablevalue: null
2024-12-09 22:51:22,949 [INFO] Argument:325 - Argument : RequestNumbervalue: null
2024-12-09 22:51:22,949 [INFO] Argument:335 - Argument : RequestNumbervalue: null
2024-12-09 22:51:23,096 [INFO] CodeEngine:255 - oldGeneratedFile, C:\Users\ZOJOLDRI\STM32CubeIDE\workspace_InProgress\ADIN1110\MXTmpFiles\license.tmp_save
2024-12-09 22:51:23,386 [INFO] CodeEngine:279 - Generated code: C:\Users\ZOJOLDRI\STM32CubeIDE\workspace_InProgress\ADIN1110\MXTmpFiles\license.tmp
2024-12-09 22:51:23,458 [INFO] CodeEngine:255 - oldGeneratedFile, C:\Users\ZOJOLDRI\STM32CubeIDE\workspace_InProgress\ADIN1110\Core\Src\gpio.c_save
2024-12-09 22:51:23,698 [INFO] CodeEngine:279 - Generated code: C:\Users\ZOJOLDRI\STM32CubeIDE\workspace_InProgress\ADIN1110\Core\Src\gpio.c
2024-12-09 22:51:23,732 [INFO] CodeEngine:255 - oldGeneratedFile, C:\Users\ZOJOLDRI\STM32CubeIDE\workspace_InProgress\ADIN1110\Core\Inc\gpio.h_save
2024-12-09 22:51:23,888 [INFO] CodeEngine:279 - Generated code: C:\Users\ZOJOLDRI\STM32CubeIDE\workspace_InProgress\ADIN1110\Core\Inc\gpio.h
2024-12-09 22:51:24,136 [INFO] CodeEngine:255 - oldGeneratedFile, C:\Users\ZOJOLDRI\STM32CubeIDE\workspace_InProgress\ADIN1110\Core\Src\dma.c_save
2024-12-09 22:51:24,250 [INFO] CodeEngine:279 - Generated code: C:\Users\ZOJOLDRI\STM32CubeIDE\workspace_InProgress\ADIN1110\Core\Src\dma.c
2024-12-09 22:51:24,281 [INFO] CodeEngine:255 - oldGeneratedFile, C:\Users\ZOJOLDRI\STM32CubeIDE\workspace_InProgress\ADIN1110\Core\Inc\dma.h_save
2024-12-09 22:51:24,373 [INFO] CodeEngine:279 - Generated code: C:\Users\ZOJOLDRI\STM32CubeIDE\workspace_InProgress\ADIN1110\Core\Inc\dma.h
2024-12-09 22:51:24,404 [INFO] CodeEngine:255 - oldGeneratedFile, C:\Users\ZOJOLDRI\STM32CubeIDE\workspace_InProgress\ADIN1110\Core\Src\spi.c_save
2024-12-09 22:51:24,573 [INFO] CodeEngine:279 - Generated code: C:\Users\ZOJOLDRI\STM32CubeIDE\workspace_InProgress\ADIN1110\Core\Src\spi.c
2024-12-09 22:51:24,610 [INFO] CodeEngine:255 - oldGeneratedFile, C:\Users\ZOJOLDRI\STM32CubeIDE\workspace_InProgress\ADIN1110\Core\Inc\spi.h_save
2024-12-09 22:51:24,726 [INFO] CodeEngine:279 - Generated code: C:\Users\ZOJOLDRI\STM32CubeIDE\workspace_InProgress\ADIN1110\Core\Inc\spi.h
2024-12-09 22:51:24,740 [INFO] CodeEngine:255 - oldGeneratedFile, C:\Users\ZOJOLDRI\STM32CubeIDE\workspace_InProgress\ADIN1110\Core\Src\usart.c_save
2024-12-09 22:51:24,873 [INFO] CodeEngine:279 - Generated code: C:\Users\ZOJOLDRI\STM32CubeIDE\workspace_InProgress\ADIN1110\Core\Src\usart.c
2024-12-09 22:51:24,873 [INFO] CodeEngine:255 - oldGeneratedFile, C:\Users\ZOJOLDRI\STM32CubeIDE\workspace_InProgress\ADIN1110\Core\Inc\usart.h_save
2024-12-09 22:51:24,996 [INFO] CodeEngine:279 - Generated code: C:\Users\ZOJOLDRI\STM32CubeIDE\workspace_InProgress\ADIN1110\Core\Inc\usart.h
2024-12-09 22:51:25,026 [INFO] CodeEngine:255 - oldGeneratedFile, C:\Users\ZOJOLDRI\STM32CubeIDE\workspace_InProgress\ADIN1110\Core\Src\stm32l4xx_it.c_save
2024-12-09 22:51:25,226 [INFO] CodeEngine:279 - Generated code: C:\Users\ZOJOLDRI\STM32CubeIDE\workspace_InProgress\ADIN1110\Core\Src\stm32l4xx_it.c
2024-12-09 22:51:25,257 [INFO] CodeEngine:255 - oldGeneratedFile, C:\Users\ZOJOLDRI\STM32CubeIDE\workspace_InProgress\ADIN1110\Core\Inc\stm32l4xx_it.h_save
2024-12-09 22:51:25,340 [INFO] CodeEngine:279 - Generated code: C:\Users\ZOJOLDRI\STM32CubeIDE\workspace_InProgress\ADIN1110\Core\Inc\stm32l4xx_it.h
2024-12-09 22:51:25,369 [INFO] CodeEngine:255 - oldGeneratedFile, C:\Users\ZOJOLDRI\STM32CubeIDE\workspace_InProgress\ADIN1110\Core\Src\stm32l4xx_hal_msp.c_save
2024-12-09 22:51:25,467 [INFO] CodeEngine:279 - Generated code: C:\Users\ZOJOLDRI\STM32CubeIDE\workspace_InProgress\ADIN1110\Core\Src\stm32l4xx_hal_msp.c
2024-12-09 22:51:25,480 [INFO] CodeEngine:255 - oldGeneratedFile, C:\Users\ZOJOLDRI\STM32CubeIDE\workspace_InProgress\ADIN1110\MXTmpFiles\system.tmp_save
2024-12-09 22:51:25,553 [INFO] CodeEngine:279 - Generated code: C:\Users\ZOJOLDRI\STM32CubeIDE\workspace_InProgress\ADIN1110\MXTmpFiles\system.tmp
2024-12-09 22:51:25,590 [INFO] CodeEngine:311 - oldGeneratedFile, C:\Users\ZOJOLDRI\STM32CubeIDE\workspace_InProgress\ADIN1110\Core\Inc\stm32l4xx_hal_conf.h_save
2024-12-09 22:51:25,732 [INFO] CodeEngine:335 - Generated code: C:\Users\ZOJOLDRI\STM32CubeIDE\workspace_InProgress\ADIN1110\Core\Inc\stm32l4xx_hal_conf.h
2024-12-09 22:51:25,785 [INFO] CodeEngine:255 - oldGeneratedFile, C:\Users\ZOJOLDRI\STM32CubeIDE\workspace_InProgress\ADIN1110\Core\Inc\main.h_save
2024-12-09 22:51:25,900 [INFO] CodeEngine:279 - Generated code: C:\Users\ZOJOLDRI\STM32CubeIDE\workspace_InProgress\ADIN1110\Core\Inc\main.h
2024-12-09 22:51:25,930 [INFO] CodeEngine:255 - oldGeneratedFile, C:\Users\ZOJOLDRI\STM32CubeIDE\workspace_InProgress\ADIN1110\Core\Src\main.c_save
2024-12-09 22:51:26,042 [INFO] CodeEngine:279 - Generated code: C:\Users\ZOJOLDRI\STM32CubeIDE\workspace_InProgress\ADIN1110\Core\Src\main.c
2024-12-09 22:51:26,288 [INFO] ProjectBuilder:3289 - Time for Copy HAL[1] : 144mS.
2024-12-09 22:51:26,293 [INFO] ProjectBuilder:4876 - Project Generator version: 4.5.0-RC5
2024-12-09 22:51:26,348 [INFO] ConfigFileManager:1579 - The Die is : DIE461
2024-12-09 22:51:29,944 [INFO] ProjectBuilder:5154 - Time for Generating toolchain IDE Files: 3652mS.
2024-12-09 22:51:29,946 [INFO] ProjectBuilder:3146 - Time for Copy CMSIS : 1mS.
2024-12-09 22:51:29,953 [INFO] ProjectBuilder:3146 - Time for Copy CMSIS : 0mS.
2024-12-09 22:55:43,191 [ERROR] LogOutputStream:75 - [STDERR_REDIRECT] 
